This file contains any messages produced by compilers while
running configure, to aid debugging if configure makes a mistake.

It was created by GNU coreutils configure 9.3, which was
generated by GNU Autoconf 2.72c.17-0cc3.  Invocation command line was

  $ ./configure --host=wasm32-unknown-wasi 'CC=/home/clang+llvm-16.0.4-x86_64-linux-gnu-ubuntu-22.04/bin/clang-16 -pthread --target=wasm32-unknown-wasi --sysroot /home/lind-wasm/glibc/sysroot -Wl,--import-memory,--export-memory,--max-memory=67108864,--export=__stack_pointer -g -O0' --verbose

## --------- ##
## Platform. ##
## --------- ##

hostname = 4f8bf61f7047
uname -m = x86_64
uname -r = 6.8.0-45-generic
uname -s = Linux
uname -v = #45~22.04.1-Ubuntu SMP PREEMPT_DYNAMIC Wed Sep 11 15:25:05 UTC 2

/usr/bin/uname -p = x86_64
/bin/uname -X     = unknown

/bin/arch              = x86_64
/usr/bin/arch -k       = unknown
/usr/convex/getsysinfo = unknown
/usr/bin/hostinfo      = unknown
/bin/machine           = unknown
/usr/bin/oslevel       = unknown
/bin/universe          = unknown

PATH: /home/mybin/
PATH: /home/wabt/bin/
PATH: /home/clang+llvm-16.0.4-x86_64-linux-gnu-ubuntu-22.04/bin/
PATH: /root/.vscode-server/bin/384ff7382de624fb94dbaf6da11977bba1ecd427/bin/remote-cli/
PATH: /home/mybin/
PATH: /home/wabt/bin/
PATH: /home/clang+llvm-16.0.4-x86_64-linux-gnu-ubuntu-22.04/bin/
PATH: /root/.cargo/bin/
PATH: /usr/local/sbin/
PATH: /usr/local/bin/
PATH: /usr/sbin/
PATH: /usr/bin/
PATH: /sbin/
PATH: /bin/


## ----------- ##
## Core tests. ##
## ----------- ##

configure:5215: looking for aux files: config.rpath config.guess config.sub compile missing install-sh
configure:5228:  trying ./build-aux/
configure:5257:   ./build-aux/config.rpath found
configure:5257:   ./build-aux/config.guess found
configure:5257:   ./build-aux/config.sub found
configure:5257:   ./build-aux/compile found
configure:5257:   ./build-aux/missing found
configure:5239:   ./build-aux/install-sh found
configure:5394: checking for a BSD-compatible install
configure:5468: result: /usr/bin/install -c
configure:5479: checking whether build environment is sane
configure:5534: result: yes
configure:5590: checking for wasm32-unknown-wasi-strip
configure:5626: result: no
configure:5636: checking for strip
configure:5657: found /usr/bin/strip
configure:5669: result: strip
configure:5695: checking for a race-free mkdir -p
configure:5738: result: /usr/bin/mkdir -p
configure:5745: checking for gawk
configure:5766: found /usr/bin/gawk
configure:5778: result: gawk
configure:5789: checking whether make sets $(MAKE)
configure:5813: result: yes
configure:5843: checking whether make supports nested variables
configure:5862: result: yes
configure:6010: checking whether make supports nested variables
configure:6029: result: yes
configure:6063: checking for wasm32-unknown-wasi-gcc
configure:6096: result: /home/clang+llvm-16.0.4-x86_64-linux-gnu-ubuntu-22.04/bin/clang-16 -pthread --target=wasm32-unknown-wasi --sysroot /home/lind-wasm/glibc/sysroot -Wl,--import-memory,--export-memory,--max-memory=67108864,--export=__stack_pointer -g -O0
configure:6501: checking for C compiler version
configure:6510: /home/clang+llvm-16.0.4-x86_64-linux-gnu-ubuntu-22.04/bin/clang-16 -pthread --target=wasm32-unknown-wasi --sysroot /home/lind-wasm/glibc/sysroot -Wl,--import-memory,--export-memory,--max-memory=67108864,--export=__stack_pointer -g -O0 --version >&5
clang version 16.0.4 (https://github.com/llvm/llvm-project ae42196bc493ffe877a7e3dff8be32035dea4d07)
Target: wasm32-unknown-wasi
Thread model: posix
InstalledDir: /home/clang+llvm-16.0.4-x86_64-linux-gnu-ubuntu-22.04/bin
configure:6521: $? = 0
configure:6510: /home/clang+llvm-16.0.4-x86_64-linux-gnu-ubuntu-22.04/bin/clang-16 -pthread --target=wasm32-unknown-wasi --sysroot /home/lind-wasm/glibc/sysroot -Wl,--import-memory,--export-memory,--max-memory=67108864,--export=__stack_pointer -g -O0 -v >&5
clang version 16.0.4 (https://github.com/llvm/llvm-project ae42196bc493ffe877a7e3dff8be32035dea4d07)
Target: wasm32-unknown-wasi
Thread model: posix
InstalledDir: /home/clang+llvm-16.0.4-x86_64-linux-gnu-ubuntu-22.04/bin
 "/home/clang+llvm-16.0.4-x86_64-linux-gnu-ubuntu-22.04/bin/wasm-ld" -m wasm32 -L/home/lind-wasm/glibc/sysroot/lib/wasm32-wasi /home/lind-wasm/glibc/sysroot/lib/wasm32-wasi/crt1.o --import-memory --export-memory --max-memory=67108864 --export=__stack_pointer -lpthread --shared-memory -lc /home/clang+llvm-16.0.4-x86_64-linux-gnu-ubuntu-22.04/lib/clang/16/lib/wasi/libclang_rt.builtins-wasm32.a -o a.out
configure:6521: $? = 0
configure:6510: /home/clang+llvm-16.0.4-x86_64-linux-gnu-ubuntu-22.04/bin/clang-16 -pthread --target=wasm32-unknown-wasi --sysroot /home/lind-wasm/glibc/sysroot -Wl,--import-memory,--export-memory,--max-memory=67108864,--export=__stack_pointer -g -O0 -V >&5
clang-16: error: argument to '-V' is missing (expected 1 value)
configure:6521: $? = 1
configure:6510: /home/clang+llvm-16.0.4-x86_64-linux-gnu-ubuntu-22.04/bin/clang-16 -pthread --target=wasm32-unknown-wasi --sysroot /home/lind-wasm/glibc/sysroot -Wl,--import-memory,--export-memory,--max-memory=67108864,--export=__stack_pointer -g -O0 -qversion >&5
clang-16: error: unknown argument '-qversion'; did you mean '--version'?
configure:6521: $? = 1
configure:6510: /home/clang+llvm-16.0.4-x86_64-linux-gnu-ubuntu-22.04/bin/clang-16 -pthread --target=wasm32-unknown-wasi --sysroot /home/lind-wasm/glibc/sysroot -Wl,--import-memory,--export-memory,--max-memory=67108864,--export=__stack_pointer -g -O0 -version >&5
clang-16: error: unknown argument '-version'; did you mean '--version'?
configure:6521: $? = 1
configure:6541: checking whether the C compiler works
configure:6563: /home/clang+llvm-16.0.4-x86_64-linux-gnu-ubuntu-22.04/bin/clang-16 -pthread --target=wasm32-unknown-wasi --sysroot /home/lind-wasm/glibc/sysroot -Wl,--import-memory,--export-memory,--max-memory=67108864,--export=__stack_pointer -g -O0    conftest.c  >&5
configure:6567: $? = 0
configure:6618: result: yes
configure:6622: checking for C compiler default output file name
configure:6624: result: a.out
configure:6630: checking for suffix of executables
configure:6637: /home/clang+llvm-16.0.4-x86_64-linux-gnu-ubuntu-22.04/bin/clang-16 -pthread --target=wasm32-unknown-wasi --sysroot /home/lind-wasm/glibc/sysroot -Wl,--import-memory,--export-memory,--max-memory=67108864,--export=__stack_pointer -g -O0 -o conftest    conftest.c  >&5
configure:6641: $? = 0
configure:6665: result: 
configure:6687: checking whether we are cross compiling
configure:6695: /home/clang+llvm-16.0.4-x86_64-linux-gnu-ubuntu-22.04/bin/clang-16 -pthread --target=wasm32-unknown-wasi --sysroot /home/lind-wasm/glibc/sysroot -Wl,--import-memory,--export-memory,--max-memory=67108864,--export=__stack_pointer -g -O0 -o conftest    conftest.c  >&5
configure:6699: $? = 0
configure:6706: ./conftest
./configure: line 6708: ./conftest: cannot execute binary file: Exec format error
configure:6710: $? = 126
configure:6725: result: yes
configure:6731: checking for suffix of object files
configure:6754: /home/clang+llvm-16.0.4-x86_64-linux-gnu-ubuntu-22.04/bin/clang-16 -pthread --target=wasm32-unknown-wasi --sysroot /home/lind-wasm/glibc/sysroot -Wl,--import-memory,--export-memory,--max-memory=67108864,--export=__stack_pointer -g -O0 -c   conftest.c >&5
clang-16: warning: -Wl,--import-memory,--export-memory,--max-memory=67108864,--export=__stack_pointer: 'linker' input unused [-Wunused-command-line-argument]
configure:6758: $? = 0
configure:6782: result: o
configure:6786: checking whether the compiler supports GNU C
configure:6806: /home/clang+llvm-16.0.4-x86_64-linux-gnu-ubuntu-22.04/bin/clang-16 -pthread --target=wasm32-unknown-wasi --sysroot /home/lind-wasm/glibc/sysroot -Wl,--import-memory,--export-memory,--max-memory=67108864,--export=__stack_pointer -g -O0 -c   conftest.c >&5
clang-16: warning: -Wl,--import-memory,--export-memory,--max-memory=67108864,--export=__stack_pointer: 'linker' input unused [-Wunused-command-line-argument]
configure:6806: $? = 0
configure:6818: result: yes
configure:6829: checking whether /home/clang+llvm-16.0.4-x86_64-linux-gnu-ubuntu-22.04/bin/clang-16 -pthread --target=wasm32-unknown-wasi --sysroot /home/lind-wasm/glibc/sysroot -Wl,--import-memory,--export-memory,--max-memory=67108864,--export=__stack_pointer -g -O0 accepts -g
configure:6850: /home/clang+llvm-16.0.4-x86_64-linux-gnu-ubuntu-22.04/bin/clang-16 -pthread --target=wasm32-unknown-wasi --sysroot /home/lind-wasm/glibc/sysroot -Wl,--import-memory,--export-memory,--max-memory=67108864,--export=__stack_pointer -g -O0 -c -g  conftest.c >&5
clang-16: warning: -Wl,--import-memory,--export-memory,--max-memory=67108864,--export=__stack_pointer: 'linker' input unused [-Wunused-command-line-argument]
configure:6850: $? = 0
configure: failed program was:
| /* confdefs.h */
| #define PACKAGE_NAME "GNU coreutils"
| #define PACKAGE_TARNAME "coreutils"
| #define PACKAGE_VERSION "9.3"
| #define PACKAGE_STRING "GNU coreutils 9.3"
| #define PACKAGE_BUGREPORT "bug-coreutils@gnu.org"
| #define PACKAGE_URL "https://www.gnu.org/software/coreutils/"
| #define PACKAGE "coreutils"
| #define VERSION "9.3"
| /* end confdefs.h.  */
| 
| int
| main (void)
| {
| 
|   ;
|   return 0;
| }
configure:6866: /home/clang+llvm-16.0.4-x86_64-linux-gnu-ubuntu-22.04/bin/clang-16 -pthread --target=wasm32-unknown-wasi --sysroot /home/lind-wasm/glibc/sysroot -Wl,--import-memory,--export-memory,--max-memory=67108864,--export=__stack_pointer -g -O0 -c   conftest.c >&5
clang-16: warning: -Wl,--import-memory,--export-memory,--max-memory=67108864,--export=__stack_pointer: 'linker' input unused [-Wunused-command-line-argument]
configure:6866: $? = 0
configure: failed program was:
| /* confdefs.h */
| #define PACKAGE_NAME "GNU coreutils"
| #define PACKAGE_TARNAME "coreutils"
| #define PACKAGE_VERSION "9.3"
| #define PACKAGE_STRING "GNU coreutils 9.3"
| #define PACKAGE_BUGREPORT "bug-coreutils@gnu.org"
| #define PACKAGE_URL "https://www.gnu.org/software/coreutils/"
| #define PACKAGE "coreutils"
| #define VERSION "9.3"
| /* end confdefs.h.  */
| 
| int
| main (void)
| {
| 
|   ;
|   return 0;
| }
configure:6883: /home/clang+llvm-16.0.4-x86_64-linux-gnu-ubuntu-22.04/bin/clang-16 -pthread --target=wasm32-unknown-wasi --sysroot /home/lind-wasm/glibc/sysroot -Wl,--import-memory,--export-memory,--max-memory=67108864,--export=__stack_pointer -g -O0 -c -g  conftest.c >&5
clang-16: warning: -Wl,--import-memory,--export-memory,--max-memory=67108864,--export=__stack_pointer: 'linker' input unused [-Wunused-command-line-argument]
configure:6883: $? = 0
configure:6897: result: yes
configure:6917: checking for /home/clang+llvm-16.0.4-x86_64-linux-gnu-ubuntu-22.04/bin/clang-16 -pthread --target=wasm32-unknown-wasi --sysroot /home/lind-wasm/glibc/sysroot -Wl,--import-memory,--export-memory,--max-memory=67108864,--export=__stack_pointer -g -O0 option to enable C11 features
configure:6932: /home/clang+llvm-16.0.4-x86_64-linux-gnu-ubuntu-22.04/bin/clang-16 -pthread --target=wasm32-unknown-wasi --sysroot /home/lind-wasm/glibc/sysroot -Wl,--import-memory,--export-memory,--max-memory=67108864,--export=__stack_pointer -g -O0  -c -g -O2  conftest.c >&5
clang-16: warning: -Wl,--import-memory,--export-memory,--max-memory=67108864,--export=__stack_pointer: 'linker' input unused [-Wunused-command-line-argument]
configure:6932: $? = 0
configure:6951: result: none needed
configure:7075: checking whether /home/clang+llvm-16.0.4-x86_64-linux-gnu-ubuntu-22.04/bin/clang-16 -pthread --target=wasm32-unknown-wasi --sysroot /home/lind-wasm/glibc/sysroot -Wl,--import-memory,--export-memory,--max-memory=67108864,--export=__stack_pointer -g -O0 understands -c and -o together
configure:7098: /home/clang+llvm-16.0.4-x86_64-linux-gnu-ubuntu-22.04/bin/clang-16 -pthread --target=wasm32-unknown-wasi --sysroot /home/lind-wasm/glibc/sysroot -Wl,--import-memory,--export-memory,--max-memory=67108864,--export=__stack_pointer -g -O0 -c conftest.c -o conftest2.o
clang-16: warning: -Wl,--import-memory,--export-memory,--max-memory=67108864,--export=__stack_pointer: 'linker' input unused [-Wunused-command-line-argument]
configure:7101: $? = 0
configure:7098: /home/clang+llvm-16.0.4-x86_64-linux-gnu-ubuntu-22.04/bin/clang-16 -pthread --target=wasm32-unknown-wasi --sysroot /home/lind-wasm/glibc/sysroot -Wl,--import-memory,--export-memory,--max-memory=67108864,--export=__stack_pointer -g -O0 -c conftest.c -o conftest2.o
clang-16: warning: -Wl,--import-memory,--export-memory,--max-memory=67108864,--export=__stack_pointer: 'linker' input unused [-Wunused-command-line-argument]
configure:7101: $? = 0
configure:7114: result: yes
configure:7132: checking whether the compiler is clang
configure:7154: /home/clang+llvm-16.0.4-x86_64-linux-gnu-ubuntu-22.04/bin/clang-16 -pthread --target=wasm32-unknown-wasi --sysroot /home/lind-wasm/glibc/sysroot -Wl,--import-memory,--export-memory,--max-memory=67108864,--export=__stack_pointer -g -O0 -c -g -O2  conftest.c >&5
clang-16: warning: -Wl,--import-memory,--export-memory,--max-memory=67108864,--export=__stack_pointer: 'linker' input unused [-Wunused-command-line-argument]
conftest.c:13:12: error: unknown type name 'barfbarf'
           barfbarf
           ^
1 error generated.
configure:7154: $? = 1
configure: failed program was:
| /* confdefs.h */
| #define PACKAGE_NAME "GNU coreutils"
| #define PACKAGE_TARNAME "coreutils"
| #define PACKAGE_VERSION "9.3"
| #define PACKAGE_STRING "GNU coreutils 9.3"
| #define PACKAGE_BUGREPORT "bug-coreutils@gnu.org"
| #define PACKAGE_URL "https://www.gnu.org/software/coreutils/"
| #define PACKAGE "coreutils"
| #define VERSION "9.3"
| /* end confdefs.h.  */
| 
|            #ifdef __clang__
|            barfbarf
|            #endif
| 
| int
| main (void)
| {
| 
|   ;
|   return 0;
| }
| 
configure:7165: result: yes
configure:7169: checking for compiler option needed when checking for declarations
configure:7189: /home/clang+llvm-16.0.4-x86_64-linux-gnu-ubuntu-22.04/bin/clang-16 -pthread --target=wasm32-unknown-wasi --sysroot /home/lind-wasm/glibc/sysroot -Wl,--import-memory,--export-memory,--max-memory=67108864,--export=__stack_pointer -g -O0 -c -g -O2  conftest.c >&5 -Werror=implicit-function-declaration
clang-16: warning: -Wl,--import-memory,--export-memory,--max-memory=67108864,--export=__stack_pointer: 'linker' input unused [-Wunused-command-line-argument]
configure:7189: $? = 0
configure:7204: result: -Werror=implicit-function-declaration
configure:7216: checking whether make supports the include directive
configure:7231: make -f confmf.GNU && cat confinc.out
this is the am__doit target
configure:7234: $? = 0
configure:7253: result: yes (GNU style)
configure:7279: checking dependency style of /home/clang+llvm-16.0.4-x86_64-linux-gnu-ubuntu-22.04/bin/clang-16 -pthread --target=wasm32-unknown-wasi --sysroot /home/lind-wasm/glibc/sysroot -Wl,--import-memory,--export-memory,--max-memory=67108864,--export=__stack_pointer -g -O0
configure:7392: result: gcc3
configure:7413: checking how to run the C preprocessor
configure:7439: /home/clang+llvm-16.0.4-x86_64-linux-gnu-ubuntu-22.04/bin/clang-16 -pthread --target=wasm32-unknown-wasi --sysroot /home/lind-wasm/glibc/sysroot -Wl,--import-memory,--export-memory,--max-memory=67108864,--export=__stack_pointer -g -O0 -E  conftest.c
clang-16: warning: -Wl,--import-memory,--export-memory,--max-memory=67108864,--export=__stack_pointer: 'linker' input unused [-Wunused-command-line-argument]
In file included from conftest.c:11:
In file included from /home/clang+llvm-16.0.4-x86_64-linux-gnu-ubuntu-22.04/lib/clang/16/include/limits.h:21:
In file included from /home/lind-wasm/glibc/sysroot/include/wasm32-wasi/limits.h:195:
In file included from /home/lind-wasm/glibc/sysroot/include/wasm32-wasi/bits/posix1_lim.h:161:
/home/lind-wasm/glibc/sysroot/include/wasm32-wasi/bits/local_lim.h:38:10: fatal error: 'linux/limits.h' file not found
#include <linux/limits.h>
         ^~~~~~~~~~~~~~~~
1 error generated.
configure:7439: $? = 1
configure: failed program was:
| /* confdefs.h */
| #define PACKAGE_NAME "GNU coreutils"
| #define PACKAGE_TARNAME "coreutils"
| #define PACKAGE_VERSION "9.3"
| #define PACKAGE_STRING "GNU coreutils 9.3"
| #define PACKAGE_BUGREPORT "bug-coreutils@gnu.org"
| #define PACKAGE_URL "https://www.gnu.org/software/coreutils/"
| #define PACKAGE "coreutils"
| #define VERSION "9.3"
| /* end confdefs.h.  */
| #include <limits.h>
| 		     Syntax error
configure:7439: /home/clang+llvm-16.0.4-x86_64-linux-gnu-ubuntu-22.04/bin/clang-16 -pthread --target=wasm32-unknown-wasi --sysroot /home/lind-wasm/glibc/sysroot -Wl,--import-memory,--export-memory,--max-memory=67108864,--export=__stack_pointer -g -O0 -E  conftest.c
clang-16: warning: -Wl,--import-memory,--export-memory,--max-memory=67108864,--export=__stack_pointer: 'linker' input unused [-Wunused-command-line-argument]
In file included from conftest.c:11:
In file included from /home/clang+llvm-16.0.4-x86_64-linux-gnu-ubuntu-22.04/lib/clang/16/include/limits.h:21:
In file included from /home/lind-wasm/glibc/sysroot/include/wasm32-wasi/limits.h:195:
In file included from /home/lind-wasm/glibc/sysroot/include/wasm32-wasi/bits/posix1_lim.h:161:
/home/lind-wasm/glibc/sysroot/include/wasm32-wasi/bits/local_lim.h:38:10: fatal error: 'linux/limits.h' file not found
#include <linux/limits.h>
         ^~~~~~~~~~~~~~~~
1 error generated.
configure:7439: $? = 1
configure: failed program was:
| /* confdefs.h */
| #define PACKAGE_NAME "GNU coreutils"
| #define PACKAGE_TARNAME "coreutils"
| #define PACKAGE_VERSION "9.3"
| #define PACKAGE_STRING "GNU coreutils 9.3"
| #define PACKAGE_BUGREPORT "bug-coreutils@gnu.org"
| #define PACKAGE_URL "https://www.gnu.org/software/coreutils/"
| #define PACKAGE "coreutils"
| #define VERSION "9.3"
| /* end confdefs.h.  */
| #include <limits.h>
| 		     Syntax error
configure:7439: /home/clang+llvm-16.0.4-x86_64-linux-gnu-ubuntu-22.04/bin/clang-16 -pthread --target=wasm32-unknown-wasi --sysroot /home/lind-wasm/glibc/sysroot -Wl,--import-memory,--export-memory,--max-memory=67108864,--export=__stack_pointer -g -O0 -E -traditional-cpp  conftest.c
clang-16: warning: -Wl,--import-memory,--export-memory,--max-memory=67108864,--export=__stack_pointer: 'linker' input unused [-Wunused-command-line-argument]
In file included from conftest.c:11:
In file included from /home/clang+llvm-16.0.4-x86_64-linux-gnu-ubuntu-22.04/lib/clang/16/include/limits.h:21:
In file included from /home/lind-wasm/glibc/sysroot/include/wasm32-wasi/limits.h:26:
In file included from /home/lind-wasm/glibc/sysroot/include/wasm32-wasi/bits/libc-header-start.h:33:
/home/lind-wasm/glibc/sysroot/include/wasm32-wasi/features.h:481:5: error: token is not a valid binary operator in a preprocessor subexpression
#if __GLIBC_USE (ISOC23)
    ^~~~~~~~~~~~~~~~~~~~
/home/lind-wasm/glibc/sysroot/include/wasm32-wasi/features.h:189:37: note: expanded from macro '__GLIBC_USE'
#define __GLIBC_USE(F)  __GLIBC_USE_ ## F
                        ~~~~~~~~~~~~ ^
In file included from conftest.c:11:
In file included from /home/clang+llvm-16.0.4-x86_64-linux-gnu-ubuntu-22.04/lib/clang/16/include/limits.h:21:
In file included from /home/lind-wasm/glibc/sysroot/include/wasm32-wasi/limits.h:26:
In file included from /home/lind-wasm/glibc/sysroot/include/wasm32-wasi/bits/libc-header-start.h:33:
In file included from /home/lind-wasm/glibc/sysroot/include/wasm32-wasi/features.h:511:
/home/lind-wasm/glibc/sysroot/include/wasm32-wasi/sys/cdefs.h:31:3: error: "You need a ISO C or C++ conforming compiler to use the glibc headers"
# error "You need a ISO C or C++ conforming compiler to use the glibc headers"
  ^
In file included from conftest.c:11:
In file included from /home/clang+llvm-16.0.4-x86_64-linux-gnu-ubuntu-22.04/lib/clang/16/include/limits.h:21:
In file included from /home/lind-wasm/glibc/sysroot/include/wasm32-wasi/limits.h:26:
/home/lind-wasm/glibc/sysroot/include/wasm32-wasi/bits/libc-header-start.h:74:5: error: token is not a valid binary operator in a preprocessor subexpression
#if __GLIBC_USE (IEC_60559_BFP_EXT) || __GLIBC_USE (ISOC23)
    ^~~~~~~~~~~~~~~~~~~~~~~~~~~~~~~
/home/lind-wasm/glibc/sysroot/include/wasm32-wasi/features.h:189:37: note: expanded from macro '__GLIBC_USE'
#define __GLIBC_USE(F)  __GLIBC_USE_ ## F
                        ~~~~~~~~~~~~ ^
In file included from conftest.c:11:
In file included from /home/clang+llvm-16.0.4-x86_64-linux-gnu-ubuntu-22.04/lib/clang/16/include/limits.h:21:
In file included from /home/lind-wasm/glibc/sysroot/include/wasm32-wasi/limits.h:26:
/home/lind-wasm/glibc/sysroot/include/wasm32-wasi/bits/libc-header-start.h:80:5: error: token is not a valid binary operator in a preprocessor subexpression
#if __GLIBC_USE (IEC_60559_BFP_EXT) || defined __STDC_WANT_IEC_60559_EXT__
    ^~~~~~~~~~~~~~~~~~~~~~~~~~~~~~~
/home/lind-wasm/glibc/sysroot/include/wasm32-wasi/features.h:189:37: note: expanded from macro '__GLIBC_USE'
#define __GLIBC_USE(F)  __GLIBC_USE_ ## F
                        ~~~~~~~~~~~~ ^
In file included from conftest.c:11:
In file included from /home/clang+llvm-16.0.4-x86_64-linux-gnu-ubuntu-22.04/lib/clang/16/include/limits.h:21:
In file included from /home/lind-wasm/glibc/sysroot/include/wasm32-wasi/limits.h:26:
/home/lind-wasm/glibc/sysroot/include/wasm32-wasi/bits/libc-header-start.h:97:5: error: token is not a valid binary operator in a preprocessor subexpression
#if __GLIBC_USE (IEC_60559_FUNCS_EXT) || __GLIBC_USE (ISOC23)
    ^~~~~~~~~~~~~~~~~~~~~~~~~~~~~~~~~
/home/lind-wasm/glibc/sysroot/include/wasm32-wasi/features.h:189:37: note: expanded from macro '__GLIBC_USE'
#define __GLIBC_USE(F)  __GLIBC_USE_ ## F
                        ~~~~~~~~~~~~ ^
In file included from conftest.c:11:
In file included from /home/clang+llvm-16.0.4-x86_64-linux-gnu-ubuntu-22.04/lib/clang/16/include/limits.h:21:
/home/lind-wasm/glibc/sysroot/include/wasm32-wasi/limits.h:145:5: error: token is not a valid binary operator in a preprocessor subexpression
#if __GLIBC_USE (IEC_60559_BFP_EXT_C23)
    ^~~~~~~~~~~~~~~~~~~~~~~~~~~~~~~~~~~
/home/lind-wasm/glibc/sysroot/include/wasm32-wasi/features.h:189:37: note: expanded from macro '__GLIBC_USE'
#define __GLIBC_USE(F)  __GLIBC_USE_ ## F
                        ~~~~~~~~~~~~ ^
In file included from conftest.c:11:
In file included from /home/clang+llvm-16.0.4-x86_64-linux-gnu-ubuntu-22.04/lib/clang/16/include/limits.h:21:
/home/lind-wasm/glibc/sysroot/include/wasm32-wasi/limits.h:184:5: error: token is not a valid binary operator in a preprocessor subexpression
#if __GLIBC_USE (ISOC23)
    ^~~~~~~~~~~~~~~~~~~~
/home/lind-wasm/glibc/sysroot/include/wasm32-wasi/features.h:189:37: note: expanded from macro '__GLIBC_USE'
#define __GLIBC_USE(F)  __GLIBC_USE_ ## F
                        ~~~~~~~~~~~~ ^
In file included from conftest.c:11:
In file included from /home/clang+llvm-16.0.4-x86_64-linux-gnu-ubuntu-22.04/lib/clang/16/include/limits.h:21:
In file included from /home/lind-wasm/glibc/sysroot/include/wasm32-wasi/limits.h:195:
In file included from /home/lind-wasm/glibc/sysroot/include/wasm32-wasi/bits/posix1_lim.h:161:
/home/lind-wasm/glibc/sysroot/include/wasm32-wasi/bits/local_lim.h:38:10: fatal error: 'linux/limits.h' file not found
#include <linux/limits.h>
         ^~~~~~~~~~~~~~~~
8 errors generated.
configure:7439: $? = 1
configure: failed program was:
| /* confdefs.h */
| #define PACKAGE_NAME "GNU coreutils"
| #define PACKAGE_TARNAME "coreutils"
| #define PACKAGE_VERSION "9.3"
| #define PACKAGE_STRING "GNU coreutils 9.3"
| #define PACKAGE_BUGREPORT "bug-coreutils@gnu.org"
| #define PACKAGE_URL "https://www.gnu.org/software/coreutils/"
| #define PACKAGE "coreutils"
| #define VERSION "9.3"
| /* end confdefs.h.  */
| #include <limits.h>
| 		     Syntax error
configure:7439: /home/clang+llvm-16.0.4-x86_64-linux-gnu-ubuntu-22.04/bin/clang-16 -pthread --target=wasm32-unknown-wasi --sysroot /home/lind-wasm/glibc/sysroot -Wl,--import-memory,--export-memory,--max-memory=67108864,--export=__stack_pointer -g -O0 -E -traditional-cpp  conftest.c
clang-16: warning: -Wl,--import-memory,--export-memory,--max-memory=67108864,--export=__stack_pointer: 'linker' input unused [-Wunused-command-line-argument]
In file included from conftest.c:11:
In file included from /home/clang+llvm-16.0.4-x86_64-linux-gnu-ubuntu-22.04/lib/clang/16/include/limits.h:21:
In file included from /home/lind-wasm/glibc/sysroot/include/wasm32-wasi/limits.h:26:
In file included from /home/lind-wasm/glibc/sysroot/include/wasm32-wasi/bits/libc-header-start.h:33:
/home/lind-wasm/glibc/sysroot/include/wasm32-wasi/features.h:481:5: error: token is not a valid binary operator in a preprocessor subexpression
#if __GLIBC_USE (ISOC23)
    ^~~~~~~~~~~~~~~~~~~~
/home/lind-wasm/glibc/sysroot/include/wasm32-wasi/features.h:189:37: note: expanded from macro '__GLIBC_USE'
#define __GLIBC_USE(F)  __GLIBC_USE_ ## F
                        ~~~~~~~~~~~~ ^
In file included from conftest.c:11:
In file included from /home/clang+llvm-16.0.4-x86_64-linux-gnu-ubuntu-22.04/lib/clang/16/include/limits.h:21:
In file included from /home/lind-wasm/glibc/sysroot/include/wasm32-wasi/limits.h:26:
In file included from /home/lind-wasm/glibc/sysroot/include/wasm32-wasi/bits/libc-header-start.h:33:
In file included from /home/lind-wasm/glibc/sysroot/include/wasm32-wasi/features.h:511:
/home/lind-wasm/glibc/sysroot/include/wasm32-wasi/sys/cdefs.h:31:3: error: "You need a ISO C or C++ conforming compiler to use the glibc headers"
# error "You need a ISO C or C++ conforming compiler to use the glibc headers"
  ^
In file included from conftest.c:11:
In file included from /home/clang+llvm-16.0.4-x86_64-linux-gnu-ubuntu-22.04/lib/clang/16/include/limits.h:21:
In file included from /home/lind-wasm/glibc/sysroot/include/wasm32-wasi/limits.h:26:
/home/lind-wasm/glibc/sysroot/include/wasm32-wasi/bits/libc-header-start.h:74:5: error: token is not a valid binary operator in a preprocessor subexpression
#if __GLIBC_USE (IEC_60559_BFP_EXT) || __GLIBC_USE (ISOC23)
    ^~~~~~~~~~~~~~~~~~~~~~~~~~~~~~~
/home/lind-wasm/glibc/sysroot/include/wasm32-wasi/features.h:189:37: note: expanded from macro '__GLIBC_USE'
#define __GLIBC_USE(F)  __GLIBC_USE_ ## F
                        ~~~~~~~~~~~~ ^
In file included from conftest.c:11:
In file included from /home/clang+llvm-16.0.4-x86_64-linux-gnu-ubuntu-22.04/lib/clang/16/include/limits.h:21:
In file included from /home/lind-wasm/glibc/sysroot/include/wasm32-wasi/limits.h:26:
/home/lind-wasm/glibc/sysroot/include/wasm32-wasi/bits/libc-header-start.h:80:5: error: token is not a valid binary operator in a preprocessor subexpression
#if __GLIBC_USE (IEC_60559_BFP_EXT) || defined __STDC_WANT_IEC_60559_EXT__
    ^~~~~~~~~~~~~~~~~~~~~~~~~~~~~~~
/home/lind-wasm/glibc/sysroot/include/wasm32-wasi/features.h:189:37: note: expanded from macro '__GLIBC_USE'
#define __GLIBC_USE(F)  __GLIBC_USE_ ## F
                        ~~~~~~~~~~~~ ^
In file included from conftest.c:11:
In file included from /home/clang+llvm-16.0.4-x86_64-linux-gnu-ubuntu-22.04/lib/clang/16/include/limits.h:21:
In file included from /home/lind-wasm/glibc/sysroot/include/wasm32-wasi/limits.h:26:
/home/lind-wasm/glibc/sysroot/include/wasm32-wasi/bits/libc-header-start.h:97:5: error: token is not a valid binary operator in a preprocessor subexpression
#if __GLIBC_USE (IEC_60559_FUNCS_EXT) || __GLIBC_USE (ISOC23)
    ^~~~~~~~~~~~~~~~~~~~~~~~~~~~~~~~~
/home/lind-wasm/glibc/sysroot/include/wasm32-wasi/features.h:189:37: note: expanded from macro '__GLIBC_USE'
#define __GLIBC_USE(F)  __GLIBC_USE_ ## F
                        ~~~~~~~~~~~~ ^
In file included from conftest.c:11:
In file included from /home/clang+llvm-16.0.4-x86_64-linux-gnu-ubuntu-22.04/lib/clang/16/include/limits.h:21:
/home/lind-wasm/glibc/sysroot/include/wasm32-wasi/limits.h:145:5: error: token is not a valid binary operator in a preprocessor subexpression
#if __GLIBC_USE (IEC_60559_BFP_EXT_C23)
    ^~~~~~~~~~~~~~~~~~~~~~~~~~~~~~~~~~~
/home/lind-wasm/glibc/sysroot/include/wasm32-wasi/features.h:189:37: note: expanded from macro '__GLIBC_USE'
#define __GLIBC_USE(F)  __GLIBC_USE_ ## F
                        ~~~~~~~~~~~~ ^
In file included from conftest.c:11:
In file included from /home/clang+llvm-16.0.4-x86_64-linux-gnu-ubuntu-22.04/lib/clang/16/include/limits.h:21:
/home/lind-wasm/glibc/sysroot/include/wasm32-wasi/limits.h:184:5: error: token is not a valid binary operator in a preprocessor subexpression
#if __GLIBC_USE (ISOC23)
    ^~~~~~~~~~~~~~~~~~~~
/home/lind-wasm/glibc/sysroot/include/wasm32-wasi/features.h:189:37: note: expanded from macro '__GLIBC_USE'
#define __GLIBC_USE(F)  __GLIBC_USE_ ## F
                        ~~~~~~~~~~~~ ^
In file included from conftest.c:11:
In file included from /home/clang+llvm-16.0.4-x86_64-linux-gnu-ubuntu-22.04/lib/clang/16/include/limits.h:21:
In file included from /home/lind-wasm/glibc/sysroot/include/wasm32-wasi/limits.h:195:
In file included from /home/lind-wasm/glibc/sysroot/include/wasm32-wasi/bits/posix1_lim.h:161:
/home/lind-wasm/glibc/sysroot/include/wasm32-wasi/bits/local_lim.h:38:10: fatal error: 'linux/limits.h' file not found
#include <linux/limits.h>
         ^~~~~~~~~~~~~~~~
8 errors generated.
configure:7439: $? = 1
configure: failed program was:
| /* confdefs.h */
| #define PACKAGE_NAME "GNU coreutils"
| #define PACKAGE_TARNAME "coreutils"
| #define PACKAGE_VERSION "9.3"
| #define PACKAGE_STRING "GNU coreutils 9.3"
| #define PACKAGE_BUGREPORT "bug-coreutils@gnu.org"
| #define PACKAGE_URL "https://www.gnu.org/software/coreutils/"
| #define PACKAGE "coreutils"
| #define VERSION "9.3"
| /* end confdefs.h.  */
| #include <limits.h>
| 		     Syntax error
configure:7439: cpp  conftest.c
configure:7439: $? = 0
configure:7455: cpp  conftest.c
conftest.c:11:10: fatal error: ac_nonexistent.h: No such file or directory
   11 | #include <ac_nonexistent.h>
      |          ^~~~~~~~~~~~~~~~~~
compilation terminated.
configure:7455: $? = 1
configure: failed program was:
| /* confdefs.h */
| #define PACKAGE_NAME "GNU coreutils"
| #define PACKAGE_TARNAME "coreutils"
| #define PACKAGE_VERSION "9.3"
| #define PACKAGE_STRING "GNU coreutils 9.3"
| #define PACKAGE_BUGREPORT "bug-coreutils@gnu.org"
| #define PACKAGE_URL "https://www.gnu.org/software/coreutils/"
| #define PACKAGE "coreutils"
| #define VERSION "9.3"
| /* end confdefs.h.  */
| #include <ac_nonexistent.h>
configure:7484: result: cpp
configure:7498: cpp  conftest.c
configure:7498: $? = 0
configure:7514: cpp  conftest.c
conftest.c:11:10: fatal error: ac_nonexistent.h: No such file or directory
   11 | #include <ac_nonexistent.h>
      |          ^~~~~~~~~~~~~~~~~~
compilation terminated.
configure:7514: $? = 1
configure: failed program was:
| /* confdefs.h */
| #define PACKAGE_NAME "GNU coreutils"
| #define PACKAGE_TARNAME "coreutils"
| #define PACKAGE_VERSION "9.3"
| #define PACKAGE_STRING "GNU coreutils 9.3"
| #define PACKAGE_BUGREPORT "bug-coreutils@gnu.org"
| #define PACKAGE_URL "https://www.gnu.org/software/coreutils/"
| #define PACKAGE "coreutils"
| #define VERSION "9.3"
| /* end confdefs.h.  */
| #include <ac_nonexistent.h>
configure:7550: checking for wasm32-unknown-wasi-ranlib
configure:7586: result: no
configure:7596: checking for ranlib
configure:7617: found /usr/bin/ranlib
configure:7629: result: ranlib
configure:7641: WARNING: using cross tools not prefixed with host triplet
configure:7651: checking for grep that handles long lines and -e
configure:7717: result: /usr/bin/grep
configure:7722: checking for egrep
configure:7792: result: /usr/bin/grep -E
configure:7799: checking whether ln -s works
configure:7803: result: yes
configure:7815: checking for stdio.h
configure:7815: /home/clang+llvm-16.0.4-x86_64-linux-gnu-ubuntu-22.04/bin/clang-16 -pthread --target=wasm32-unknown-wasi --sysroot /home/lind-wasm/glibc/sysroot -Wl,--import-memory,--export-memory,--max-memory=67108864,--export=__stack_pointer -g -O0 -c -g -O2  conftest.c >&5
clang-16: warning: -Wl,--import-memory,--export-memory,--max-memory=67108864,--export=__stack_pointer: 'linker' input unused [-Wunused-command-line-argument]
configure:7815: $? = 0
configure:7815: result: yes
configure:7815: checking for stdlib.h
configure:7815: /home/clang+llvm-16.0.4-x86_64-linux-gnu-ubuntu-22.04/bin/clang-16 -pthread --target=wasm32-unknown-wasi --sysroot /home/lind-wasm/glibc/sysroot -Wl,--import-memory,--export-memory,--max-memory=67108864,--export=__stack_pointer -g -O0 -c -g -O2  conftest.c >&5
clang-16: warning: -Wl,--import-memory,--export-memory,--max-memory=67108864,--export=__stack_pointer: 'linker' input unused [-Wunused-command-line-argument]
configure:7815: $? = 0
configure:7815: result: yes
configure:7815: checking for string.h
configure:7815: /home/clang+llvm-16.0.4-x86_64-linux-gnu-ubuntu-22.04/bin/clang-16 -pthread --target=wasm32-unknown-wasi --sysroot /home/lind-wasm/glibc/sysroot -Wl,--import-memory,--export-memory,--max-memory=67108864,--export=__stack_pointer -g -O0 -c -g -O2  conftest.c >&5
clang-16: warning: -Wl,--import-memory,--export-memory,--max-memory=67108864,--export=__stack_pointer: 'linker' input unused [-Wunused-command-line-argument]
configure:7815: $? = 0
configure:7815: result: yes
configure:7815: checking for inttypes.h
configure:7815: /home/clang+llvm-16.0.4-x86_64-linux-gnu-ubuntu-22.04/bin/clang-16 -pthread --target=wasm32-unknown-wasi --sysroot /home/lind-wasm/glibc/sysroot -Wl,--import-memory,--export-memory,--max-memory=67108864,--export=__stack_pointer -g -O0 -c -g -O2  conftest.c >&5
clang-16: warning: -Wl,--import-memory,--export-memory,--max-memory=67108864,--export=__stack_pointer: 'linker' input unused [-Wunused-command-line-argument]
configure:7815: $? = 0
configure:7815: result: yes
configure:7815: checking for stdint.h
configure:7815: /home/clang+llvm-16.0.4-x86_64-linux-gnu-ubuntu-22.04/bin/clang-16 -pthread --target=wasm32-unknown-wasi --sysroot /home/lind-wasm/glibc/sysroot -Wl,--import-memory,--export-memory,--max-memory=67108864,--export=__stack_pointer -g -O0 -c -g -O2  conftest.c >&5
clang-16: warning: -Wl,--import-memory,--export-memory,--max-memory=67108864,--export=__stack_pointer: 'linker' input unused [-Wunused-command-line-argument]
configure:7815: $? = 0
configure:7815: result: yes
configure:7815: checking for strings.h
configure:7815: /home/clang+llvm-16.0.4-x86_64-linux-gnu-ubuntu-22.04/bin/clang-16 -pthread --target=wasm32-unknown-wasi --sysroot /home/lind-wasm/glibc/sysroot -Wl,--import-memory,--export-memory,--max-memory=67108864,--export=__stack_pointer -g -O0 -c -g -O2  conftest.c >&5
clang-16: warning: -Wl,--import-memory,--export-memory,--max-memory=67108864,--export=__stack_pointer: 'linker' input unused [-Wunused-command-line-argument]
configure:7815: $? = 0
configure:7815: result: yes
configure:7815: checking for sys/stat.h
configure:7815: /home/clang+llvm-16.0.4-x86_64-linux-gnu-ubuntu-22.04/bin/clang-16 -pthread --target=wasm32-unknown-wasi --sysroot /home/lind-wasm/glibc/sysroot -Wl,--import-memory,--export-memory,--max-memory=67108864,--export=__stack_pointer -g -O0 -c -g -O2  conftest.c >&5
clang-16: warning: -Wl,--import-memory,--export-memory,--max-memory=67108864,--export=__stack_pointer: 'linker' input unused [-Wunused-command-line-argument]
configure:7815: $? = 0
configure:7815: result: yes
configure:7815: checking for sys/types.h
configure:7815: /home/clang+llvm-16.0.4-x86_64-linux-gnu-ubuntu-22.04/bin/clang-16 -pthread --target=wasm32-unknown-wasi --sysroot /home/lind-wasm/glibc/sysroot -Wl,--import-memory,--export-memory,--max-memory=67108864,--export=__stack_pointer -g -O0 -c -g -O2  conftest.c >&5
clang-16: warning: -Wl,--import-memory,--export-memory,--max-memory=67108864,--export=__stack_pointer: 'linker' input unused [-Wunused-command-line-argument]
configure:7815: $? = 0
configure:7815: result: yes
configure:7815: checking for unistd.h
configure:7815: /home/clang+llvm-16.0.4-x86_64-linux-gnu-ubuntu-22.04/bin/clang-16 -pthread --target=wasm32-unknown-wasi --sysroot /home/lind-wasm/glibc/sysroot -Wl,--import-memory,--export-memory,--max-memory=67108864,--export=__stack_pointer -g -O0 -c -g -O2  conftest.c >&5
clang-16: warning: -Wl,--import-memory,--export-memory,--max-memory=67108864,--export=__stack_pointer: 'linker' input unused [-Wunused-command-line-argument]
configure:7815: $? = 0
configure:7815: result: yes
configure:7815: checking for wchar.h
configure:7815: /home/clang+llvm-16.0.4-x86_64-linux-gnu-ubuntu-22.04/bin/clang-16 -pthread --target=wasm32-unknown-wasi --sysroot /home/lind-wasm/glibc/sysroot -Wl,--import-memory,--export-memory,--max-memory=67108864,--export=__stack_pointer -g -O0 -c -g -O2  conftest.c >&5
clang-16: warning: -Wl,--import-memory,--export-memory,--max-memory=67108864,--export=__stack_pointer: 'linker' input unused [-Wunused-command-line-argument]
configure:7815: $? = 0
configure:7815: result: yes
configure:7815: checking for minix/config.h
configure:7815: /home/clang+llvm-16.0.4-x86_64-linux-gnu-ubuntu-22.04/bin/clang-16 -pthread --target=wasm32-unknown-wasi --sysroot /home/lind-wasm/glibc/sysroot -Wl,--import-memory,--export-memory,--max-memory=67108864,--export=__stack_pointer -g -O0 -c -g -O2  conftest.c >&5
clang-16: warning: -Wl,--import-memory,--export-memory,--max-memory=67108864,--export=__stack_pointer: 'linker' input unused [-Wunused-command-line-argument]
conftest.c:49:10: fatal error: 'minix/config.h' file not found
#include <minix/config.h>
         ^~~~~~~~~~~~~~~~
1 error generated.
configure:7815: $? = 1
configure: failed program was:
| /* confdefs.h */
| #define PACKAGE_NAME "GNU coreutils"
| #define PACKAGE_TARNAME "coreutils"
| #define PACKAGE_VERSION "9.3"
| #define PACKAGE_STRING "GNU coreutils 9.3"
| #define PACKAGE_BUGREPORT "bug-coreutils@gnu.org"
| #define PACKAGE_URL "https://www.gnu.org/software/coreutils/"
| #define PACKAGE "coreutils"
| #define VERSION "9.3"
| #define HAVE_STDIO_H 1
| #define HAVE_STDLIB_H 1
| #define HAVE_STRING_H 1
| #define HAVE_INTTYPES_H 1
| #define HAVE_STDINT_H 1
| #define HAVE_STRINGS_H 1
| #define HAVE_SYS_STAT_H 1
| #define HAVE_SYS_TYPES_H 1
| #define HAVE_UNISTD_H 1
| #define HAVE_WCHAR_H 1
| /* end confdefs.h.  */
| #include <stddef.h>
| #ifdef HAVE_STDIO_H
| # include <stdio.h>
| #endif
| #ifdef HAVE_STDLIB_H
| # include <stdlib.h>
| #endif
| #ifdef HAVE_STRING_H
| # include <string.h>
| #endif
| #ifdef HAVE_INTTYPES_H
| # include <inttypes.h>
| #endif
| #ifdef HAVE_STDINT_H
| # include <stdint.h>
| #endif
| #ifdef HAVE_STRINGS_H
| # include <strings.h>
| #endif
| #ifdef HAVE_SYS_TYPES_H
| # include <sys/types.h>
| #endif
| #ifdef HAVE_SYS_STAT_H
| # include <sys/stat.h>
| #endif
| #ifdef HAVE_UNISTD_H
| # include <unistd.h>
| #endif
| #include <minix/config.h>
configure:7815: result: no
configure:7815: checking for arpa/inet.h
configure:7815: /home/clang+llvm-16.0.4-x86_64-linux-gnu-ubuntu-22.04/bin/clang-16 -pthread --target=wasm32-unknown-wasi --sysroot /home/lind-wasm/glibc/sysroot -Wl,--import-memory,--export-memory,--max-memory=67108864,--export=__stack_pointer -g -O0 -c -g -O2  conftest.c >&5
clang-16: warning: -Wl,--import-memory,--export-memory,--max-memory=67108864,--export=__stack_pointer: 'linker' input unused [-Wunused-command-line-argument]
In file included from conftest.c:49:
In file included from /home/lind-wasm/glibc/sysroot/include/wasm32-wasi/arpa/inet.h:22:
In file included from /home/lind-wasm/glibc/sysroot/include/wasm32-wasi/netinet/in.h:23:
In file included from /home/lind-wasm/glibc/sysroot/include/wasm32-wasi/sys/socket.h:33:
/home/lind-wasm/glibc/sysroot/include/wasm32-wasi/bits/socket.h:390:11: fatal error: 'asm/socket.h' file not found
# include <asm/socket.h>
          ^~~~~~~~~~~~~~
1 error generated.
configure:7815: $? = 1
configure: failed program was:
| /* confdefs.h */
| #define PACKAGE_NAME "GNU coreutils"
| #define PACKAGE_TARNAME "coreutils"
| #define PACKAGE_VERSION "9.3"
| #define PACKAGE_STRING "GNU coreutils 9.3"
| #define PACKAGE_BUGREPORT "bug-coreutils@gnu.org"
| #define PACKAGE_URL "https://www.gnu.org/software/coreutils/"
| #define PACKAGE "coreutils"
| #define VERSION "9.3"
| #define HAVE_STDIO_H 1
| #define HAVE_STDLIB_H 1
| #define HAVE_STRING_H 1
| #define HAVE_INTTYPES_H 1
| #define HAVE_STDINT_H 1
| #define HAVE_STRINGS_H 1
| #define HAVE_SYS_STAT_H 1
| #define HAVE_SYS_TYPES_H 1
| #define HAVE_UNISTD_H 1
| #define HAVE_WCHAR_H 1
| /* end confdefs.h.  */
| #include <stddef.h>
| #ifdef HAVE_STDIO_H
| # include <stdio.h>
| #endif
| #ifdef HAVE_STDLIB_H
| # include <stdlib.h>
| #endif
| #ifdef HAVE_STRING_H
| # include <string.h>
| #endif
| #ifdef HAVE_INTTYPES_H
| # include <inttypes.h>
| #endif
| #ifdef HAVE_STDINT_H
| # include <stdint.h>
| #endif
| #ifdef HAVE_STRINGS_H
| # include <strings.h>
| #endif
| #ifdef HAVE_SYS_TYPES_H
| # include <sys/types.h>
| #endif
| #ifdef HAVE_SYS_STAT_H
| # include <sys/stat.h>
| #endif
| #ifdef HAVE_UNISTD_H
| # include <unistd.h>
| #endif
| #include <arpa/inet.h>
configure:7815: result: no
configure:7815: checking for features.h
configure:7815: /home/clang+llvm-16.0.4-x86_64-linux-gnu-ubuntu-22.04/bin/clang-16 -pthread --target=wasm32-unknown-wasi --sysroot /home/lind-wasm/glibc/sysroot -Wl,--import-memory,--export-memory,--max-memory=67108864,--export=__stack_pointer -g -O0 -c -g -O2  conftest.c >&5
clang-16: warning: -Wl,--import-memory,--export-memory,--max-memory=67108864,--export=__stack_pointer: 'linker' input unused [-Wunused-command-line-argument]
configure:7815: $? = 0
configure:7815: result: yes
configure:7815: checking for sys/socket.h
configure:7815: /home/clang+llvm-16.0.4-x86_64-linux-gnu-ubuntu-22.04/bin/clang-16 -pthread --target=wasm32-unknown-wasi --sysroot /home/lind-wasm/glibc/sysroot -Wl,--import-memory,--export-memory,--max-memory=67108864,--export=__stack_pointer -g -O0 -c -g -O2  conftest.c >&5
clang-16: warning: -Wl,--import-memory,--export-memory,--max-memory=67108864,--export=__stack_pointer: 'linker' input unused [-Wunused-command-line-argument]
In file included from conftest.c:50:
In file included from /home/lind-wasm/glibc/sysroot/include/wasm32-wasi/sys/socket.h:33:
/home/lind-wasm/glibc/sysroot/include/wasm32-wasi/bits/socket.h:390:11: fatal error: 'asm/socket.h' file not found
# include <asm/socket.h>
          ^~~~~~~~~~~~~~
1 error generated.
configure:7815: $? = 1
configure: failed program was:
| /* confdefs.h */
| #define PACKAGE_NAME "GNU coreutils"
| #define PACKAGE_TARNAME "coreutils"
| #define PACKAGE_VERSION "9.3"
| #define PACKAGE_STRING "GNU coreutils 9.3"
| #define PACKAGE_BUGREPORT "bug-coreutils@gnu.org"
| #define PACKAGE_URL "https://www.gnu.org/software/coreutils/"
| #define PACKAGE "coreutils"
| #define VERSION "9.3"
| #define HAVE_STDIO_H 1
| #define HAVE_STDLIB_H 1
| #define HAVE_STRING_H 1
| #define HAVE_INTTYPES_H 1
| #define HAVE_STDINT_H 1
| #define HAVE_STRINGS_H 1
| #define HAVE_SYS_STAT_H 1
| #define HAVE_SYS_TYPES_H 1
| #define HAVE_UNISTD_H 1
| #define HAVE_WCHAR_H 1
| #define HAVE_FEATURES_H 1
| /* end confdefs.h.  */
| #include <stddef.h>
| #ifdef HAVE_STDIO_H
| # include <stdio.h>
| #endif
| #ifdef HAVE_STDLIB_H
| # include <stdlib.h>
| #endif
| #ifdef HAVE_STRING_H
| # include <string.h>
| #endif
| #ifdef HAVE_INTTYPES_H
| # include <inttypes.h>
| #endif
| #ifdef HAVE_STDINT_H
| # include <stdint.h>
| #endif
| #ifdef HAVE_STRINGS_H
| # include <strings.h>
| #endif
| #ifdef HAVE_SYS_TYPES_H
| # include <sys/types.h>
| #endif
| #ifdef HAVE_SYS_STAT_H
| # include <sys/stat.h>
| #endif
| #ifdef HAVE_UNISTD_H
| # include <unistd.h>
| #endif
| #include <sys/socket.h>
configure:7815: result: no
configure:7815: checking for xlocale.h
configure:7815: /home/clang+llvm-16.0.4-x86_64-linux-gnu-ubuntu-22.04/bin/clang-16 -pthread --target=wasm32-unknown-wasi --sysroot /home/lind-wasm/glibc/sysroot -Wl,--import-memory,--export-memory,--max-memory=67108864,--export=__stack_pointer -g -O0 -c -g -O2  conftest.c >&5
clang-16: warning: -Wl,--import-memory,--export-memory,--max-memory=67108864,--export=__stack_pointer: 'linker' input unused [-Wunused-command-line-argument]
conftest.c:50:10: fatal error: 'xlocale.h' file not found
#include <xlocale.h>
         ^~~~~~~~~~~
1 error generated.
configure:7815: $? = 1
configure: failed program was:
| /* confdefs.h */
| #define PACKAGE_NAME "GNU coreutils"
| #define PACKAGE_TARNAME "coreutils"
| #define PACKAGE_VERSION "9.3"
| #define PACKAGE_STRING "GNU coreutils 9.3"
| #define PACKAGE_BUGREPORT "bug-coreutils@gnu.org"
| #define PACKAGE_URL "https://www.gnu.org/software/coreutils/"
| #define PACKAGE "coreutils"
| #define VERSION "9.3"
| #define HAVE_STDIO_H 1
| #define HAVE_STDLIB_H 1
| #define HAVE_STRING_H 1
| #define HAVE_INTTYPES_H 1
| #define HAVE_STDINT_H 1
| #define HAVE_STRINGS_H 1
| #define HAVE_SYS_STAT_H 1
| #define HAVE_SYS_TYPES_H 1
| #define HAVE_UNISTD_H 1
| #define HAVE_WCHAR_H 1
| #define HAVE_FEATURES_H 1
| /* end confdefs.h.  */
| #include <stddef.h>
| #ifdef HAVE_STDIO_H
| # include <stdio.h>
| #endif
| #ifdef HAVE_STDLIB_H
| # include <stdlib.h>
| #endif
| #ifdef HAVE_STRING_H
| # include <string.h>
| #endif
| #ifdef HAVE_INTTYPES_H
| # include <inttypes.h>
| #endif
| #ifdef HAVE_STDINT_H
| # include <stdint.h>
| #endif
| #ifdef HAVE_STRINGS_H
| # include <strings.h>
| #endif
| #ifdef HAVE_SYS_TYPES_H
| # include <sys/types.h>
| #endif
| #ifdef HAVE_SYS_STAT_H
| # include <sys/stat.h>
| #endif
| #ifdef HAVE_UNISTD_H
| # include <unistd.h>
| #endif
| #include <xlocale.h>
configure:7815: result: no
configure:7815: checking for sys/param.h
configure:7815: /home/clang+llvm-16.0.4-x86_64-linux-gnu-ubuntu-22.04/bin/clang-16 -pthread --target=wasm32-unknown-wasi --sysroot /home/lind-wasm/glibc/sysroot -Wl,--import-memory,--export-memory,--max-memory=67108864,--export=__stack_pointer -g -O0 -c -g -O2  conftest.c >&5
clang-16: warning: -Wl,--import-memory,--export-memory,--max-memory=67108864,--export=__stack_pointer: 'linker' input unused [-Wunused-command-line-argument]
In file included from conftest.c:50:
In file included from /home/lind-wasm/glibc/sysroot/include/wasm32-wasi/sys/param.h:26:
In file included from /home/clang+llvm-16.0.4-x86_64-linux-gnu-ubuntu-22.04/lib/clang/16/include/limits.h:21:
In file included from /home/lind-wasm/glibc/sysroot/include/wasm32-wasi/limits.h:195:
In file included from /home/lind-wasm/glibc/sysroot/include/wasm32-wasi/bits/posix1_lim.h:161:
/home/lind-wasm/glibc/sysroot/include/wasm32-wasi/bits/local_lim.h:38:10: fatal error: 'linux/limits.h' file not found
#include <linux/limits.h>
         ^~~~~~~~~~~~~~~~
1 error generated.
configure:7815: $? = 1
configure: failed program was:
| /* confdefs.h */
| #define PACKAGE_NAME "GNU coreutils"
| #define PACKAGE_TARNAME "coreutils"
| #define PACKAGE_VERSION "9.3"
| #define PACKAGE_STRING "GNU coreutils 9.3"
| #define PACKAGE_BUGREPORT "bug-coreutils@gnu.org"
| #define PACKAGE_URL "https://www.gnu.org/software/coreutils/"
| #define PACKAGE "coreutils"
| #define VERSION "9.3"
| #define HAVE_STDIO_H 1
| #define HAVE_STDLIB_H 1
| #define HAVE_STRING_H 1
| #define HAVE_INTTYPES_H 1
| #define HAVE_STDINT_H 1
| #define HAVE_STRINGS_H 1
| #define HAVE_SYS_STAT_H 1
| #define HAVE_SYS_TYPES_H 1
| #define HAVE_UNISTD_H 1
| #define HAVE_WCHAR_H 1
| #define HAVE_FEATURES_H 1
| /* end confdefs.h.  */
| #include <stddef.h>
| #ifdef HAVE_STDIO_H
| # include <stdio.h>
| #endif
| #ifdef HAVE_STDLIB_H
| # include <stdlib.h>
| #endif
| #ifdef HAVE_STRING_H
| # include <string.h>
| #endif
| #ifdef HAVE_INTTYPES_H
| # include <inttypes.h>
| #endif
| #ifdef HAVE_STDINT_H
| # include <stdint.h>
| #endif
| #ifdef HAVE_STRINGS_H
| # include <strings.h>
| #endif
| #ifdef HAVE_SYS_TYPES_H
| # include <sys/types.h>
| #endif
| #ifdef HAVE_SYS_STAT_H
| # include <sys/stat.h>
| #endif
| #ifdef HAVE_UNISTD_H
| # include <unistd.h>
| #endif
| #include <sys/param.h>
configure:7815: result: no
configure:7815: checking for dirent.h
configure:7815: /home/clang+llvm-16.0.4-x86_64-linux-gnu-ubuntu-22.04/bin/clang-16 -pthread --target=wasm32-unknown-wasi --sysroot /home/lind-wasm/glibc/sysroot -Wl,--import-memory,--export-memory,--max-memory=67108864,--export=__stack_pointer -g -O0 -c -g -O2  conftest.c >&5
clang-16: warning: -Wl,--import-memory,--export-memory,--max-memory=67108864,--export=__stack_pointer: 'linker' input unused [-Wunused-command-line-argument]
In file included from conftest.c:50:
In file included from /home/lind-wasm/glibc/sysroot/include/wasm32-wasi/dirent.h:235:
In file included from /home/lind-wasm/glibc/sysroot/include/wasm32-wasi/bits/posix1_lim.h:161:
/home/lind-wasm/glibc/sysroot/include/wasm32-wasi/bits/local_lim.h:38:10: fatal error: 'linux/limits.h' file not found
#include <linux/limits.h>
         ^~~~~~~~~~~~~~~~
1 error generated.
configure:7815: $? = 1
configure: failed program was:
| /* confdefs.h */
| #define PACKAGE_NAME "GNU coreutils"
| #define PACKAGE_TARNAME "coreutils"
| #define PACKAGE_VERSION "9.3"
| #define PACKAGE_STRING "GNU coreutils 9.3"
| #define PACKAGE_BUGREPORT "bug-coreutils@gnu.org"
| #define PACKAGE_URL "https://www.gnu.org/software/coreutils/"
| #define PACKAGE "coreutils"
| #define VERSION "9.3"
| #define HAVE_STDIO_H 1
| #define HAVE_STDLIB_H 1
| #define HAVE_STRING_H 1
| #define HAVE_INTTYPES_H 1
| #define HAVE_STDINT_H 1
| #define HAVE_STRINGS_H 1
| #define HAVE_SYS_STAT_H 1
| #define HAVE_SYS_TYPES_H 1
| #define HAVE_UNISTD_H 1
| #define HAVE_WCHAR_H 1
| #define HAVE_FEATURES_H 1
| /* end confdefs.h.  */
| #include <stddef.h>
| #ifdef HAVE_STDIO_H
| # include <stdio.h>
| #endif
| #ifdef HAVE_STDLIB_H
| # include <stdlib.h>
| #endif
| #ifdef HAVE_STRING_H
| # include <string.h>
| #endif
| #ifdef HAVE_INTTYPES_H
| # include <inttypes.h>
| #endif
| #ifdef HAVE_STDINT_H
| # include <stdint.h>
| #endif
| #ifdef HAVE_STRINGS_H
| # include <strings.h>
| #endif
| #ifdef HAVE_SYS_TYPES_H
| # include <sys/types.h>
| #endif
| #ifdef HAVE_SYS_STAT_H
| # include <sys/stat.h>
| #endif
| #ifdef HAVE_UNISTD_H
| # include <unistd.h>
| #endif
| #include <dirent.h>
configure:7815: result: no
configure:7815: checking for error.h
configure:7815: /home/clang+llvm-16.0.4-x86_64-linux-gnu-ubuntu-22.04/bin/clang-16 -pthread --target=wasm32-unknown-wasi --sysroot /home/lind-wasm/glibc/sysroot -Wl,--import-memory,--export-memory,--max-memory=67108864,--export=__stack_pointer -g -O0 -c -g -O2  conftest.c >&5
clang-16: warning: -Wl,--import-memory,--export-memory,--max-memory=67108864,--export=__stack_pointer: 'linker' input unused [-Wunused-command-line-argument]
configure:7815: $? = 0
configure:7815: result: yes
configure:7815: checking for fnmatch.h
configure:7815: /home/clang+llvm-16.0.4-x86_64-linux-gnu-ubuntu-22.04/bin/clang-16 -pthread --target=wasm32-unknown-wasi --sysroot /home/lind-wasm/glibc/sysroot -Wl,--import-memory,--export-memory,--max-memory=67108864,--export=__stack_pointer -g -O0 -c -g -O2  conftest.c >&5
clang-16: warning: -Wl,--import-memory,--export-memory,--max-memory=67108864,--export=__stack_pointer: 'linker' input unused [-Wunused-command-line-argument]
configure:7815: $? = 0
configure:7815: result: yes
configure:7815: checking for stdio_ext.h
configure:7815: /home/clang+llvm-16.0.4-x86_64-linux-gnu-ubuntu-22.04/bin/clang-16 -pthread --target=wasm32-unknown-wasi --sysroot /home/lind-wasm/glibc/sysroot -Wl,--import-memory,--export-memory,--max-memory=67108864,--export=__stack_pointer -g -O0 -c -g -O2  conftest.c >&5
clang-16: warning: -Wl,--import-memory,--export-memory,--max-memory=67108864,--export=__stack_pointer: 'linker' input unused [-Wunused-command-line-argument]
configure:7815: $? = 0
configure:7815: result: yes
configure:7815: checking for sys/vfs.h
configure:7815: /home/clang+llvm-16.0.4-x86_64-linux-gnu-ubuntu-22.04/bin/clang-16 -pthread --target=wasm32-unknown-wasi --sysroot /home/lind-wasm/glibc/sysroot -Wl,--import-memory,--export-memory,--max-memory=67108864,--export=__stack_pointer -g -O0 -c -g -O2  conftest.c >&5
clang-16: warning: -Wl,--import-memory,--export-memory,--max-memory=67108864,--export=__stack_pointer: 'linker' input unused [-Wunused-command-line-argument]
configure:7815: $? = 0
configure:7815: result: yes
configure:7815: checking for sys/fs_types.h
configure:7815: /home/clang+llvm-16.0.4-x86_64-linux-gnu-ubuntu-22.04/bin/clang-16 -pthread --target=wasm32-unknown-wasi --sysroot /home/lind-wasm/glibc/sysroot -Wl,--import-memory,--export-memory,--max-memory=67108864,--export=__stack_pointer -g -O0 -c -g -O2  conftest.c >&5
clang-16: warning: -Wl,--import-memory,--export-memory,--max-memory=67108864,--export=__stack_pointer: 'linker' input unused [-Wunused-command-line-argument]
conftest.c:54:10: fatal error: 'sys/fs_types.h' file not found
#include <sys/fs_types.h>
         ^~~~~~~~~~~~~~~~
1 error generated.
configure:7815: $? = 1
configure: failed program was:
| /* confdefs.h */
| #define PACKAGE_NAME "GNU coreutils"
| #define PACKAGE_TARNAME "coreutils"
| #define PACKAGE_VERSION "9.3"
| #define PACKAGE_STRING "GNU coreutils 9.3"
| #define PACKAGE_BUGREPORT "bug-coreutils@gnu.org"
| #define PACKAGE_URL "https://www.gnu.org/software/coreutils/"
| #define PACKAGE "coreutils"
| #define VERSION "9.3"
| #define HAVE_STDIO_H 1
| #define HAVE_STDLIB_H 1
| #define HAVE_STRING_H 1
| #define HAVE_INTTYPES_H 1
| #define HAVE_STDINT_H 1
| #define HAVE_STRINGS_H 1
| #define HAVE_SYS_STAT_H 1
| #define HAVE_SYS_TYPES_H 1
| #define HAVE_UNISTD_H 1
| #define HAVE_WCHAR_H 1
| #define HAVE_FEATURES_H 1
| #define HAVE_ERROR_H 1
| #define HAVE_FNMATCH_H 1
| #define HAVE_STDIO_EXT_H 1
| #define HAVE_SYS_VFS_H 1
| /* end confdefs.h.  */
| #include <stddef.h>
| #ifdef HAVE_STDIO_H
| # include <stdio.h>
| #endif
| #ifdef HAVE_STDLIB_H
| # include <stdlib.h>
| #endif
| #ifdef HAVE_STRING_H
| # include <string.h>
| #endif
| #ifdef HAVE_INTTYPES_H
| # include <inttypes.h>
| #endif
| #ifdef HAVE_STDINT_H
| # include <stdint.h>
| #endif
| #ifdef HAVE_STRINGS_H
| # include <strings.h>
| #endif
| #ifdef HAVE_SYS_TYPES_H
| # include <sys/types.h>
| #endif
| #ifdef HAVE_SYS_STAT_H
| # include <sys/stat.h>
| #endif
| #ifdef HAVE_UNISTD_H
| # include <unistd.h>
| #endif
| #include <sys/fs_types.h>
configure:7815: result: no
configure:7815: checking for netdb.h
configure:7815: /home/clang+llvm-16.0.4-x86_64-linux-gnu-ubuntu-22.04/bin/clang-16 -pthread --target=wasm32-unknown-wasi --sysroot /home/lind-wasm/glibc/sysroot -Wl,--import-memory,--export-memory,--max-memory=67108864,--export=__stack_pointer -g -O0 -c -g -O2  conftest.c >&5
clang-16: warning: -Wl,--import-memory,--export-memory,--max-memory=67108864,--export=__stack_pointer: 'linker' input unused [-Wunused-command-line-argument]
In file included from conftest.c:54:
In file included from /home/lind-wasm/glibc/sysroot/include/wasm32-wasi/netdb.h:27:
In file included from /home/lind-wasm/glibc/sysroot/include/wasm32-wasi/netinet/in.h:23:
In file included from /home/lind-wasm/glibc/sysroot/include/wasm32-wasi/sys/socket.h:33:
/home/lind-wasm/glibc/sysroot/include/wasm32-wasi/bits/socket.h:390:11: fatal error: 'asm/socket.h' file not found
# include <asm/socket.h>
          ^~~~~~~~~~~~~~
1 error generated.
configure:7815: $? = 1
configure: failed program was:
| /* confdefs.h */
| #define PACKAGE_NAME "GNU coreutils"
| #define PACKAGE_TARNAME "coreutils"
| #define PACKAGE_VERSION "9.3"
| #define PACKAGE_STRING "GNU coreutils 9.3"
| #define PACKAGE_BUGREPORT "bug-coreutils@gnu.org"
| #define PACKAGE_URL "https://www.gnu.org/software/coreutils/"
| #define PACKAGE "coreutils"
| #define VERSION "9.3"
| #define HAVE_STDIO_H 1
| #define HAVE_STDLIB_H 1
| #define HAVE_STRING_H 1
| #define HAVE_INTTYPES_H 1
| #define HAVE_STDINT_H 1
| #define HAVE_STRINGS_H 1
| #define HAVE_SYS_STAT_H 1
| #define HAVE_SYS_TYPES_H 1
| #define HAVE_UNISTD_H 1
| #define HAVE_WCHAR_H 1
| #define HAVE_FEATURES_H 1
| #define HAVE_ERROR_H 1
| #define HAVE_FNMATCH_H 1
| #define HAVE_STDIO_EXT_H 1
| #define HAVE_SYS_VFS_H 1
| /* end confdefs.h.  */
| #include <stddef.h>
| #ifdef HAVE_STDIO_H
| # include <stdio.h>
| #endif
| #ifdef HAVE_STDLIB_H
| # include <stdlib.h>
| #endif
| #ifdef HAVE_STRING_H
| # include <string.h>
| #endif
| #ifdef HAVE_INTTYPES_H
| # include <inttypes.h>
| #endif
| #ifdef HAVE_STDINT_H
| # include <stdint.h>
| #endif
| #ifdef HAVE_STRINGS_H
| # include <strings.h>
| #endif
| #ifdef HAVE_SYS_TYPES_H
| # include <sys/types.h>
| #endif
| #ifdef HAVE_SYS_STAT_H
| # include <sys/stat.h>
| #endif
| #ifdef HAVE_UNISTD_H
| # include <unistd.h>
| #endif
| #include <netdb.h>
configure:7815: result: no
configure:7815: checking for netinet/in.h
configure:7815: /home/clang+llvm-16.0.4-x86_64-linux-gnu-ubuntu-22.04/bin/clang-16 -pthread --target=wasm32-unknown-wasi --sysroot /home/lind-wasm/glibc/sysroot -Wl,--import-memory,--export-memory,--max-memory=67108864,--export=__stack_pointer -g -O0 -c -g -O2  conftest.c >&5
clang-16: warning: -Wl,--import-memory,--export-memory,--max-memory=67108864,--export=__stack_pointer: 'linker' input unused [-Wunused-command-line-argument]
In file included from conftest.c:54:
In file included from /home/lind-wasm/glibc/sysroot/include/wasm32-wasi/netinet/in.h:23:
In file included from /home/lind-wasm/glibc/sysroot/include/wasm32-wasi/sys/socket.h:33:
/home/lind-wasm/glibc/sysroot/include/wasm32-wasi/bits/socket.h:390:11: fatal error: 'asm/socket.h' file not found
# include <asm/socket.h>
          ^~~~~~~~~~~~~~
1 error generated.
configure:7815: $? = 1
configure: failed program was:
| /* confdefs.h */
| #define PACKAGE_NAME "GNU coreutils"
| #define PACKAGE_TARNAME "coreutils"
| #define PACKAGE_VERSION "9.3"
| #define PACKAGE_STRING "GNU coreutils 9.3"
| #define PACKAGE_BUGREPORT "bug-coreutils@gnu.org"
| #define PACKAGE_URL "https://www.gnu.org/software/coreutils/"
| #define PACKAGE "coreutils"
| #define VERSION "9.3"
| #define HAVE_STDIO_H 1
| #define HAVE_STDLIB_H 1
| #define HAVE_STRING_H 1
| #define HAVE_INTTYPES_H 1
| #define HAVE_STDINT_H 1
| #define HAVE_STRINGS_H 1
| #define HAVE_SYS_STAT_H 1
| #define HAVE_SYS_TYPES_H 1
| #define HAVE_UNISTD_H 1
| #define HAVE_WCHAR_H 1
| #define HAVE_FEATURES_H 1
| #define HAVE_ERROR_H 1
| #define HAVE_FNMATCH_H 1
| #define HAVE_STDIO_EXT_H 1
| #define HAVE_SYS_VFS_H 1
| /* end confdefs.h.  */
| #include <stddef.h>
| #ifdef HAVE_STDIO_H
| # include <stdio.h>
| #endif
| #ifdef HAVE_STDLIB_H
| # include <stdlib.h>
| #endif
| #ifdef HAVE_STRING_H
| # include <string.h>
| #endif
| #ifdef HAVE_INTTYPES_H
| # include <inttypes.h>
| #endif
| #ifdef HAVE_STDINT_H
| # include <stdint.h>
| #endif
| #ifdef HAVE_STRINGS_H
| # include <strings.h>
| #endif
| #ifdef HAVE_SYS_TYPES_H
| # include <sys/types.h>
| #endif
| #ifdef HAVE_SYS_STAT_H
| # include <sys/stat.h>
| #endif
| #ifdef HAVE_UNISTD_H
| # include <unistd.h>
| #endif
| #include <netinet/in.h>
configure:7815: result: no
configure:7815: checking for getopt.h
configure:7815: /home/clang+llvm-16.0.4-x86_64-linux-gnu-ubuntu-22.04/bin/clang-16 -pthread --target=wasm32-unknown-wasi --sysroot /home/lind-wasm/glibc/sysroot -Wl,--import-memory,--export-memory,--max-memory=67108864,--export=__stack_pointer -g -O0 -c -g -O2  conftest.c >&5
clang-16: warning: -Wl,--import-memory,--export-memory,--max-memory=67108864,--export=__stack_pointer: 'linker' input unused [-Wunused-command-line-argument]
configure:7815: $? = 0
configure:7815: result: yes
configure:7815: checking for sys/cdefs.h
configure:7815: /home/clang+llvm-16.0.4-x86_64-linux-gnu-ubuntu-22.04/bin/clang-16 -pthread --target=wasm32-unknown-wasi --sysroot /home/lind-wasm/glibc/sysroot -Wl,--import-memory,--export-memory,--max-memory=67108864,--export=__stack_pointer -g -O0 -c -g -O2  conftest.c >&5
clang-16: warning: -Wl,--import-memory,--export-memory,--max-memory=67108864,--export=__stack_pointer: 'linker' input unused [-Wunused-command-line-argument]
configure:7815: $? = 0
configure:7815: result: yes
configure:7815: checking for termios.h
configure:7815: /home/clang+llvm-16.0.4-x86_64-linux-gnu-ubuntu-22.04/bin/clang-16 -pthread --target=wasm32-unknown-wasi --sysroot /home/lind-wasm/glibc/sysroot -Wl,--import-memory,--export-memory,--max-memory=67108864,--export=__stack_pointer -g -O0 -c -g -O2  conftest.c >&5
clang-16: warning: -Wl,--import-memory,--export-memory,--max-memory=67108864,--export=__stack_pointer: 'linker' input unused [-Wunused-command-line-argument]
configure:7815: $? = 0
configure:7815: result: yes
configure:7815: checking for sys/time.h
configure:7815: /home/clang+llvm-16.0.4-x86_64-linux-gnu-ubuntu-22.04/bin/clang-16 -pthread --target=wasm32-unknown-wasi --sysroot /home/lind-wasm/glibc/sysroot -Wl,--import-memory,--export-memory,--max-memory=67108864,--export=__stack_pointer -g -O0 -c -g -O2  conftest.c >&5
clang-16: warning: -Wl,--import-memory,--export-memory,--max-memory=67108864,--export=__stack_pointer: 'linker' input unused [-Wunused-command-line-argument]
configure:7815: $? = 0
configure:7815: result: yes
configure:7815: checking for grp.h
configure:7815: /home/clang+llvm-16.0.4-x86_64-linux-gnu-ubuntu-22.04/bin/clang-16 -pthread --target=wasm32-unknown-wasi --sysroot /home/lind-wasm/glibc/sysroot -Wl,--import-memory,--export-memory,--max-memory=67108864,--export=__stack_pointer -g -O0 -c -g -O2  conftest.c >&5
clang-16: warning: -Wl,--import-memory,--export-memory,--max-memory=67108864,--export=__stack_pointer: 'linker' input unused [-Wunused-command-line-argument]
configure:7815: $? = 0
configure:7815: result: yes
configure:7815: checking for threads.h
configure:7815: /home/clang+llvm-16.0.4-x86_64-linux-gnu-ubuntu-22.04/bin/clang-16 -pthread --target=wasm32-unknown-wasi --sysroot /home/lind-wasm/glibc/sysroot -Wl,--import-memory,--export-memory,--max-memory=67108864,--export=__stack_pointer -g -O0 -c -g -O2  conftest.c >&5
clang-16: warning: -Wl,--import-memory,--export-memory,--max-memory=67108864,--export=__stack_pointer: 'linker' input unused [-Wunused-command-line-argument]
configure:7815: $? = 0
configure:7815: result: yes
configure:7815: checking for iconv.h
configure:7815: /home/clang+llvm-16.0.4-x86_64-linux-gnu-ubuntu-22.04/bin/clang-16 -pthread --target=wasm32-unknown-wasi --sysroot /home/lind-wasm/glibc/sysroot -Wl,--import-memory,--export-memory,--max-memory=67108864,--export=__stack_pointer -g -O0 -c -g -O2  conftest.c >&5
clang-16: warning: -Wl,--import-memory,--export-memory,--max-memory=67108864,--export=__stack_pointer: 'linker' input unused [-Wunused-command-line-argument]
configure:7815: $? = 0
configure:7815: result: yes
configure:7815: checking for limits.h
configure:7815: /home/clang+llvm-16.0.4-x86_64-linux-gnu-ubuntu-22.04/bin/clang-16 -pthread --target=wasm32-unknown-wasi --sysroot /home/lind-wasm/glibc/sysroot -Wl,--import-memory,--export-memory,--max-memory=67108864,--export=__stack_pointer -g -O0 -c -g -O2  conftest.c >&5
clang-16: warning: -Wl,--import-memory,--export-memory,--max-memory=67108864,--export=__stack_pointer: 'linker' input unused [-Wunused-command-line-argument]
In file included from conftest.c:61:
In file included from /home/clang+llvm-16.0.4-x86_64-linux-gnu-ubuntu-22.04/lib/clang/16/include/limits.h:21:
In file included from /home/lind-wasm/glibc/sysroot/include/wasm32-wasi/limits.h:195:
In file included from /home/lind-wasm/glibc/sysroot/include/wasm32-wasi/bits/posix1_lim.h:161:
/home/lind-wasm/glibc/sysroot/include/wasm32-wasi/bits/local_lim.h:38:10: fatal error: 'linux/limits.h' file not found
#include <linux/limits.h>
         ^~~~~~~~~~~~~~~~
1 error generated.
configure:7815: $? = 1
configure: failed program was:
| /* confdefs.h */
| #define PACKAGE_NAME "GNU coreutils"
| #define PACKAGE_TARNAME "coreutils"
| #define PACKAGE_VERSION "9.3"
| #define PACKAGE_STRING "GNU coreutils 9.3"
| #define PACKAGE_BUGREPORT "bug-coreutils@gnu.org"
| #define PACKAGE_URL "https://www.gnu.org/software/coreutils/"
| #define PACKAGE "coreutils"
| #define VERSION "9.3"
| #define HAVE_STDIO_H 1
| #define HAVE_STDLIB_H 1
| #define HAVE_STRING_H 1
| #define HAVE_INTTYPES_H 1
| #define HAVE_STDINT_H 1
| #define HAVE_STRINGS_H 1
| #define HAVE_SYS_STAT_H 1
| #define HAVE_SYS_TYPES_H 1
| #define HAVE_UNISTD_H 1
| #define HAVE_WCHAR_H 1
| #define HAVE_FEATURES_H 1
| #define HAVE_ERROR_H 1
| #define HAVE_FNMATCH_H 1
| #define HAVE_STDIO_EXT_H 1
| #define HAVE_SYS_VFS_H 1
| #define HAVE_GETOPT_H 1
| #define HAVE_SYS_CDEFS_H 1
| #define HAVE_TERMIOS_H 1
| #define HAVE_SYS_TIME_H 1
| #define HAVE_GRP_H 1
| #define HAVE_THREADS_H 1
| #define HAVE_ICONV_H 1
| /* end confdefs.h.  */
| #include <stddef.h>
| #ifdef HAVE_STDIO_H
| # include <stdio.h>
| #endif
| #ifdef HAVE_STDLIB_H
| # include <stdlib.h>
| #endif
| #ifdef HAVE_STRING_H
| # include <string.h>
| #endif
| #ifdef HAVE_INTTYPES_H
| # include <inttypes.h>
| #endif
| #ifdef HAVE_STDINT_H
| # include <stdint.h>
| #endif
| #ifdef HAVE_STRINGS_H
| # include <strings.h>
| #endif
| #ifdef HAVE_SYS_TYPES_H
| # include <sys/types.h>
| #endif
| #ifdef HAVE_SYS_STAT_H
| # include <sys/stat.h>
| #endif
| #ifdef HAVE_UNISTD_H
| # include <unistd.h>
| #endif
| #include <limits.h>
configure:7815: result: no
configure:7815: checking for crtdefs.h
configure:7815: /home/clang+llvm-16.0.4-x86_64-linux-gnu-ubuntu-22.04/bin/clang-16 -pthread --target=wasm32-unknown-wasi --sysroot /home/lind-wasm/glibc/sysroot -Wl,--import-memory,--export-memory,--max-memory=67108864,--export=__stack_pointer -g -O0 -c -g -O2  conftest.c >&5
clang-16: warning: -Wl,--import-memory,--export-memory,--max-memory=67108864,--export=__stack_pointer: 'linker' input unused [-Wunused-command-line-argument]
conftest.c:61:10: fatal error: 'crtdefs.h' file not found
#include <crtdefs.h>
         ^~~~~~~~~~~
1 error generated.
configure:7815: $? = 1
configure: failed program was:
| /* confdefs.h */
| #define PACKAGE_NAME "GNU coreutils"
| #define PACKAGE_TARNAME "coreutils"
| #define PACKAGE_VERSION "9.3"
| #define PACKAGE_STRING "GNU coreutils 9.3"
| #define PACKAGE_BUGREPORT "bug-coreutils@gnu.org"
| #define PACKAGE_URL "https://www.gnu.org/software/coreutils/"
| #define PACKAGE "coreutils"
| #define VERSION "9.3"
| #define HAVE_STDIO_H 1
| #define HAVE_STDLIB_H 1
| #define HAVE_STRING_H 1
| #define HAVE_INTTYPES_H 1
| #define HAVE_STDINT_H 1
| #define HAVE_STRINGS_H 1
| #define HAVE_SYS_STAT_H 1
| #define HAVE_SYS_TYPES_H 1
| #define HAVE_UNISTD_H 1
| #define HAVE_WCHAR_H 1
| #define HAVE_FEATURES_H 1
| #define HAVE_ERROR_H 1
| #define HAVE_FNMATCH_H 1
| #define HAVE_STDIO_EXT_H 1
| #define HAVE_SYS_VFS_H 1
| #define HAVE_GETOPT_H 1
| #define HAVE_SYS_CDEFS_H 1
| #define HAVE_TERMIOS_H 1
| #define HAVE_SYS_TIME_H 1
| #define HAVE_GRP_H 1
| #define HAVE_THREADS_H 1
| #define HAVE_ICONV_H 1
| /* end confdefs.h.  */
| #include <stddef.h>
| #ifdef HAVE_STDIO_H
| # include <stdio.h>
| #endif
| #ifdef HAVE_STDLIB_H
| # include <stdlib.h>
| #endif
| #ifdef HAVE_STRING_H
| # include <string.h>
| #endif
| #ifdef HAVE_INTTYPES_H
| # include <inttypes.h>
| #endif
| #ifdef HAVE_STDINT_H
| # include <stdint.h>
| #endif
| #ifdef HAVE_STRINGS_H
| # include <strings.h>
| #endif
| #ifdef HAVE_SYS_TYPES_H
| # include <sys/types.h>
| #endif
| #ifdef HAVE_SYS_STAT_H
| # include <sys/stat.h>
| #endif
| #ifdef HAVE_UNISTD_H
| # include <unistd.h>
| #endif
| #include <crtdefs.h>
configure:7815: result: no
configure:7815: checking for wctype.h
configure:7815: /home/clang+llvm-16.0.4-x86_64-linux-gnu-ubuntu-22.04/bin/clang-16 -pthread --target=wasm32-unknown-wasi --sysroot /home/lind-wasm/glibc/sysroot -Wl,--import-memory,--export-memory,--max-memory=67108864,--export=__stack_pointer -g -O0 -c -g -O2  conftest.c >&5
clang-16: warning: -Wl,--import-memory,--export-memory,--max-memory=67108864,--export=__stack_pointer: 'linker' input unused [-Wunused-command-line-argument]
configure:7815: $? = 0
configure:7815: result: yes
configure:7815: checking for langinfo.h
configure:7815: /home/clang+llvm-16.0.4-x86_64-linux-gnu-ubuntu-22.04/bin/clang-16 -pthread --target=wasm32-unknown-wasi --sysroot /home/lind-wasm/glibc/sysroot -Wl,--import-memory,--export-memory,--max-memory=67108864,--export=__stack_pointer -g -O0 -c -g -O2  conftest.c >&5
clang-16: warning: -Wl,--import-memory,--export-memory,--max-memory=67108864,--export=__stack_pointer: 'linker' input unused [-Wunused-command-line-argument]
configure:7815: $? = 0
configure:7815: result: yes
configure:7815: checking for math.h
configure:7815: /home/clang+llvm-16.0.4-x86_64-linux-gnu-ubuntu-22.04/bin/clang-16 -pthread --target=wasm32-unknown-wasi --sysroot /home/lind-wasm/glibc/sysroot -Wl,--import-memory,--export-memory,--max-memory=67108864,--export=__stack_pointer -g -O0 -c -g -O2  conftest.c >&5
clang-16: warning: -Wl,--import-memory,--export-memory,--max-memory=67108864,--export=__stack_pointer: 'linker' input unused [-Wunused-command-line-argument]
configure:7815: $? = 0
configure:7815: result: yes
configure:7815: checking for sys/mman.h
configure:7815: /home/clang+llvm-16.0.4-x86_64-linux-gnu-ubuntu-22.04/bin/clang-16 -pthread --target=wasm32-unknown-wasi --sysroot /home/lind-wasm/glibc/sysroot -Wl,--import-memory,--export-memory,--max-memory=67108864,--export=__stack_pointer -g -O0 -c -g -O2  conftest.c >&5
clang-16: warning: -Wl,--import-memory,--export-memory,--max-memory=67108864,--export=__stack_pointer: 'linker' input unused [-Wunused-command-line-argument]
configure:7815: $? = 0
configure:7815: result: yes
configure:7815: checking for sys/statvfs.h
configure:7815: /home/clang+llvm-16.0.4-x86_64-linux-gnu-ubuntu-22.04/bin/clang-16 -pthread --target=wasm32-unknown-wasi --sysroot /home/lind-wasm/glibc/sysroot -Wl,--import-memory,--export-memory,--max-memory=67108864,--export=__stack_pointer -g -O0 -c -g -O2  conftest.c >&5
clang-16: warning: -Wl,--import-memory,--export-memory,--max-memory=67108864,--export=__stack_pointer: 'linker' input unused [-Wunused-command-line-argument]
configure:7815: $? = 0
configure:7815: result: yes
configure:7815: checking for priv.h
configure:7815: /home/clang+llvm-16.0.4-x86_64-linux-gnu-ubuntu-22.04/bin/clang-16 -pthread --target=wasm32-unknown-wasi --sysroot /home/lind-wasm/glibc/sysroot -Wl,--import-memory,--export-memory,--max-memory=67108864,--export=__stack_pointer -g -O0 -c -g -O2  conftest.c >&5
clang-16: warning: -Wl,--import-memory,--export-memory,--max-memory=67108864,--export=__stack_pointer: 'linker' input unused [-Wunused-command-line-argument]
conftest.c:66:10: fatal error: 'priv.h' file not found
#include <priv.h>
         ^~~~~~~~
1 error generated.
configure:7815: $? = 1
configure: failed program was:
| /* confdefs.h */
| #define PACKAGE_NAME "GNU coreutils"
| #define PACKAGE_TARNAME "coreutils"
| #define PACKAGE_VERSION "9.3"
| #define PACKAGE_STRING "GNU coreutils 9.3"
| #define PACKAGE_BUGREPORT "bug-coreutils@gnu.org"
| #define PACKAGE_URL "https://www.gnu.org/software/coreutils/"
| #define PACKAGE "coreutils"
| #define VERSION "9.3"
| #define HAVE_STDIO_H 1
| #define HAVE_STDLIB_H 1
| #define HAVE_STRING_H 1
| #define HAVE_INTTYPES_H 1
| #define HAVE_STDINT_H 1
| #define HAVE_STRINGS_H 1
| #define HAVE_SYS_STAT_H 1
| #define HAVE_SYS_TYPES_H 1
| #define HAVE_UNISTD_H 1
| #define HAVE_WCHAR_H 1
| #define HAVE_FEATURES_H 1
| #define HAVE_ERROR_H 1
| #define HAVE_FNMATCH_H 1
| #define HAVE_STDIO_EXT_H 1
| #define HAVE_SYS_VFS_H 1
| #define HAVE_GETOPT_H 1
| #define HAVE_SYS_CDEFS_H 1
| #define HAVE_TERMIOS_H 1
| #define HAVE_SYS_TIME_H 1
| #define HAVE_GRP_H 1
| #define HAVE_THREADS_H 1
| #define HAVE_ICONV_H 1
| #define HAVE_WCTYPE_H 1
| #define HAVE_LANGINFO_H 1
| #define HAVE_MATH_H 1
| #define HAVE_SYS_MMAN_H 1
| #define HAVE_SYS_STATVFS_H 1
| /* end confdefs.h.  */
| #include <stddef.h>
| #ifdef HAVE_STDIO_H
| # include <stdio.h>
| #endif
| #ifdef HAVE_STDLIB_H
| # include <stdlib.h>
| #endif
| #ifdef HAVE_STRING_H
| # include <string.h>
| #endif
| #ifdef HAVE_INTTYPES_H
| # include <inttypes.h>
| #endif
| #ifdef HAVE_STDINT_H
| # include <stdint.h>
| #endif
| #ifdef HAVE_STRINGS_H
| # include <strings.h>
| #endif
| #ifdef HAVE_SYS_TYPES_H
| # include <sys/types.h>
| #endif
| #ifdef HAVE_SYS_STAT_H
| # include <sys/stat.h>
| #endif
| #ifdef HAVE_UNISTD_H
| # include <unistd.h>
| #endif
| #include <priv.h>
configure:7815: result: no
configure:7815: checking for sys/select.h
configure:7815: /home/clang+llvm-16.0.4-x86_64-linux-gnu-ubuntu-22.04/bin/clang-16 -pthread --target=wasm32-unknown-wasi --sysroot /home/lind-wasm/glibc/sysroot -Wl,--import-memory,--export-memory,--max-memory=67108864,--export=__stack_pointer -g -O0 -c -g -O2  conftest.c >&5
clang-16: warning: -Wl,--import-memory,--export-memory,--max-memory=67108864,--export=__stack_pointer: 'linker' input unused [-Wunused-command-line-argument]
configure:7815: $? = 0
configure:7815: result: yes
configure:7815: checking for pthread.h
configure:7815: /home/clang+llvm-16.0.4-x86_64-linux-gnu-ubuntu-22.04/bin/clang-16 -pthread --target=wasm32-unknown-wasi --sysroot /home/lind-wasm/glibc/sysroot -Wl,--import-memory,--export-memory,--max-memory=67108864,--export=__stack_pointer -g -O0 -c -g -O2  conftest.c >&5
clang-16: warning: -Wl,--import-memory,--export-memory,--max-memory=67108864,--export=__stack_pointer: 'linker' input unused [-Wunused-command-line-argument]
configure:7815: $? = 0
configure:7815: result: yes
configure:7815: checking for utmp.h
configure:7815: /home/clang+llvm-16.0.4-x86_64-linux-gnu-ubuntu-22.04/bin/clang-16 -pthread --target=wasm32-unknown-wasi --sysroot /home/lind-wasm/glibc/sysroot -Wl,--import-memory,--export-memory,--max-memory=67108864,--export=__stack_pointer -g -O0 -c -g -O2  conftest.c >&5
clang-16: warning: -Wl,--import-memory,--export-memory,--max-memory=67108864,--export=__stack_pointer: 'linker' input unused [-Wunused-command-line-argument]
configure:7815: $? = 0
configure:7815: result: yes
configure:7815: checking for utmpx.h
configure:7815: /home/clang+llvm-16.0.4-x86_64-linux-gnu-ubuntu-22.04/bin/clang-16 -pthread --target=wasm32-unknown-wasi --sysroot /home/lind-wasm/glibc/sysroot -Wl,--import-memory,--export-memory,--max-memory=67108864,--export=__stack_pointer -g -O0 -c -g -O2  conftest.c >&5
clang-16: warning: -Wl,--import-memory,--export-memory,--max-memory=67108864,--export=__stack_pointer: 'linker' input unused [-Wunused-command-line-argument]
configure:7815: $? = 0
configure:7815: result: yes
configure:7815: checking for malloc.h
configure:7815: /home/clang+llvm-16.0.4-x86_64-linux-gnu-ubuntu-22.04/bin/clang-16 -pthread --target=wasm32-unknown-wasi --sysroot /home/lind-wasm/glibc/sysroot -Wl,--import-memory,--export-memory,--max-memory=67108864,--export=__stack_pointer -g -O0 -c -g -O2  conftest.c >&5
clang-16: warning: -Wl,--import-memory,--export-memory,--max-memory=67108864,--export=__stack_pointer: 'linker' input unused [-Wunused-command-line-argument]
configure:7815: $? = 0
configure:7815: result: yes
configure:7815: checking for selinux/selinux.h
configure:7815: /home/clang+llvm-16.0.4-x86_64-linux-gnu-ubuntu-22.04/bin/clang-16 -pthread --target=wasm32-unknown-wasi --sysroot /home/lind-wasm/glibc/sysroot -Wl,--import-memory,--export-memory,--max-memory=67108864,--export=__stack_pointer -g -O0 -c -g -O2  conftest.c >&5
clang-16: warning: -Wl,--import-memory,--export-memory,--max-memory=67108864,--export=__stack_pointer: 'linker' input unused [-Wunused-command-line-argument]
conftest.c:71:10: fatal error: 'selinux/selinux.h' file not found
#include <selinux/selinux.h>
         ^~~~~~~~~~~~~~~~~~~
1 error generated.
configure:7815: $? = 1
configure: failed program was:
| /* confdefs.h */
| #define PACKAGE_NAME "GNU coreutils"
| #define PACKAGE_TARNAME "coreutils"
| #define PACKAGE_VERSION "9.3"
| #define PACKAGE_STRING "GNU coreutils 9.3"
| #define PACKAGE_BUGREPORT "bug-coreutils@gnu.org"
| #define PACKAGE_URL "https://www.gnu.org/software/coreutils/"
| #define PACKAGE "coreutils"
| #define VERSION "9.3"
| #define HAVE_STDIO_H 1
| #define HAVE_STDLIB_H 1
| #define HAVE_STRING_H 1
| #define HAVE_INTTYPES_H 1
| #define HAVE_STDINT_H 1
| #define HAVE_STRINGS_H 1
| #define HAVE_SYS_STAT_H 1
| #define HAVE_SYS_TYPES_H 1
| #define HAVE_UNISTD_H 1
| #define HAVE_WCHAR_H 1
| #define HAVE_FEATURES_H 1
| #define HAVE_ERROR_H 1
| #define HAVE_FNMATCH_H 1
| #define HAVE_STDIO_EXT_H 1
| #define HAVE_SYS_VFS_H 1
| #define HAVE_GETOPT_H 1
| #define HAVE_SYS_CDEFS_H 1
| #define HAVE_TERMIOS_H 1
| #define HAVE_SYS_TIME_H 1
| #define HAVE_GRP_H 1
| #define HAVE_THREADS_H 1
| #define HAVE_ICONV_H 1
| #define HAVE_WCTYPE_H 1
| #define HAVE_LANGINFO_H 1
| #define HAVE_MATH_H 1
| #define HAVE_SYS_MMAN_H 1
| #define HAVE_SYS_STATVFS_H 1
| #define HAVE_SYS_SELECT_H 1
| #define HAVE_PTHREAD_H 1
| #define HAVE_UTMP_H 1
| #define HAVE_UTMPX_H 1
| #define HAVE_MALLOC_H 1
| /* end confdefs.h.  */
| #include <stddef.h>
| #ifdef HAVE_STDIO_H
| # include <stdio.h>
| #endif
| #ifdef HAVE_STDLIB_H
| # include <stdlib.h>
| #endif
| #ifdef HAVE_STRING_H
| # include <string.h>
| #endif
| #ifdef HAVE_INTTYPES_H
| # include <inttypes.h>
| #endif
| #ifdef HAVE_STDINT_H
| # include <stdint.h>
| #endif
| #ifdef HAVE_STRINGS_H
| # include <strings.h>
| #endif
| #ifdef HAVE_SYS_TYPES_H
| # include <sys/types.h>
| #endif
| #ifdef HAVE_SYS_STAT_H
| # include <sys/stat.h>
| #endif
| #ifdef HAVE_UNISTD_H
| # include <unistd.h>
| #endif
| #include <selinux/selinux.h>
configure:7815: result: no
configure:7815: checking for stdbool.h
configure:7815: /home/clang+llvm-16.0.4-x86_64-linux-gnu-ubuntu-22.04/bin/clang-16 -pthread --target=wasm32-unknown-wasi --sysroot /home/lind-wasm/glibc/sysroot -Wl,--import-memory,--export-memory,--max-memory=67108864,--export=__stack_pointer -g -O0 -c -g -O2  conftest.c >&5
clang-16: warning: -Wl,--import-memory,--export-memory,--max-memory=67108864,--export=__stack_pointer: 'linker' input unused [-Wunused-command-line-argument]
configure:7815: $? = 0
configure:7815: result: yes
configure:7815: checking for stdckdint.h
configure:7815: /home/clang+llvm-16.0.4-x86_64-linux-gnu-ubuntu-22.04/bin/clang-16 -pthread --target=wasm32-unknown-wasi --sysroot /home/lind-wasm/glibc/sysroot -Wl,--import-memory,--export-memory,--max-memory=67108864,--export=__stack_pointer -g -O0 -c -g -O2  conftest.c >&5
clang-16: warning: -Wl,--import-memory,--export-memory,--max-memory=67108864,--export=__stack_pointer: 'linker' input unused [-Wunused-command-line-argument]
conftest.c:72:10: fatal error: 'stdckdint.h' file not found
#include <stdckdint.h>
         ^~~~~~~~~~~~~
1 error generated.
configure:7815: $? = 1
configure: failed program was:
| /* confdefs.h */
| #define PACKAGE_NAME "GNU coreutils"
| #define PACKAGE_TARNAME "coreutils"
| #define PACKAGE_VERSION "9.3"
| #define PACKAGE_STRING "GNU coreutils 9.3"
| #define PACKAGE_BUGREPORT "bug-coreutils@gnu.org"
| #define PACKAGE_URL "https://www.gnu.org/software/coreutils/"
| #define PACKAGE "coreutils"
| #define VERSION "9.3"
| #define HAVE_STDIO_H 1
| #define HAVE_STDLIB_H 1
| #define HAVE_STRING_H 1
| #define HAVE_INTTYPES_H 1
| #define HAVE_STDINT_H 1
| #define HAVE_STRINGS_H 1
| #define HAVE_SYS_STAT_H 1
| #define HAVE_SYS_TYPES_H 1
| #define HAVE_UNISTD_H 1
| #define HAVE_WCHAR_H 1
| #define HAVE_FEATURES_H 1
| #define HAVE_ERROR_H 1
| #define HAVE_FNMATCH_H 1
| #define HAVE_STDIO_EXT_H 1
| #define HAVE_SYS_VFS_H 1
| #define HAVE_GETOPT_H 1
| #define HAVE_SYS_CDEFS_H 1
| #define HAVE_TERMIOS_H 1
| #define HAVE_SYS_TIME_H 1
| #define HAVE_GRP_H 1
| #define HAVE_THREADS_H 1
| #define HAVE_ICONV_H 1
| #define HAVE_WCTYPE_H 1
| #define HAVE_LANGINFO_H 1
| #define HAVE_MATH_H 1
| #define HAVE_SYS_MMAN_H 1
| #define HAVE_SYS_STATVFS_H 1
| #define HAVE_SYS_SELECT_H 1
| #define HAVE_PTHREAD_H 1
| #define HAVE_UTMP_H 1
| #define HAVE_UTMPX_H 1
| #define HAVE_MALLOC_H 1
| #define HAVE_STDBOOL_H 1
| /* end confdefs.h.  */
| #include <stddef.h>
| #ifdef HAVE_STDIO_H
| # include <stdio.h>
| #endif
| #ifdef HAVE_STDLIB_H
| # include <stdlib.h>
| #endif
| #ifdef HAVE_STRING_H
| # include <string.h>
| #endif
| #ifdef HAVE_INTTYPES_H
| # include <inttypes.h>
| #endif
| #ifdef HAVE_STDINT_H
| # include <stdint.h>
| #endif
| #ifdef HAVE_STRINGS_H
| # include <strings.h>
| #endif
| #ifdef HAVE_SYS_TYPES_H
| # include <sys/types.h>
| #endif
| #ifdef HAVE_SYS_STAT_H
| # include <sys/stat.h>
| #endif
| #ifdef HAVE_UNISTD_H
| # include <unistd.h>
| #endif
| #include <stdckdint.h>
configure:7815: result: no
configure:7815: checking for sys/ioctl.h
configure:7815: /home/clang+llvm-16.0.4-x86_64-linux-gnu-ubuntu-22.04/bin/clang-16 -pthread --target=wasm32-unknown-wasi --sysroot /home/lind-wasm/glibc/sysroot -Wl,--import-memory,--export-memory,--max-memory=67108864,--export=__stack_pointer -g -O0 -c -g -O2  conftest.c >&5
clang-16: warning: -Wl,--import-memory,--export-memory,--max-memory=67108864,--export=__stack_pointer: 'linker' input unused [-Wunused-command-line-argument]
configure:7815: $? = 0
configure:7815: result: yes
configure:7815: checking for sys/random.h
configure:7815: /home/clang+llvm-16.0.4-x86_64-linux-gnu-ubuntu-22.04/bin/clang-16 -pthread --target=wasm32-unknown-wasi --sysroot /home/lind-wasm/glibc/sysroot -Wl,--import-memory,--export-memory,--max-memory=67108864,--export=__stack_pointer -g -O0 -c -g -O2  conftest.c >&5
clang-16: warning: -Wl,--import-memory,--export-memory,--max-memory=67108864,--export=__stack_pointer: 'linker' input unused [-Wunused-command-line-argument]
configure:7815: $? = 0
configure:7815: result: yes
configure:7815: checking for sys/resource.h
configure:7815: /home/clang+llvm-16.0.4-x86_64-linux-gnu-ubuntu-22.04/bin/clang-16 -pthread --target=wasm32-unknown-wasi --sysroot /home/lind-wasm/glibc/sysroot -Wl,--import-memory,--export-memory,--max-memory=67108864,--export=__stack_pointer -g -O0 -c -g -O2  conftest.c >&5
clang-16: warning: -Wl,--import-memory,--export-memory,--max-memory=67108864,--export=__stack_pointer: 'linker' input unused [-Wunused-command-line-argument]
configure:7815: $? = 0
configure:7815: result: yes
configure:7815: checking for sys/uio.h
configure:7815: /home/clang+llvm-16.0.4-x86_64-linux-gnu-ubuntu-22.04/bin/clang-16 -pthread --target=wasm32-unknown-wasi --sysroot /home/lind-wasm/glibc/sysroot -Wl,--import-memory,--export-memory,--max-memory=67108864,--export=__stack_pointer -g -O0 -c -g -O2  conftest.c >&5
clang-16: warning: -Wl,--import-memory,--export-memory,--max-memory=67108864,--export=__stack_pointer: 'linker' input unused [-Wunused-command-line-argument]
configure:7815: $? = 0
configure:7815: result: yes
configure:7815: checking for sys/utsname.h
configure:7815: /home/clang+llvm-16.0.4-x86_64-linux-gnu-ubuntu-22.04/bin/clang-16 -pthread --target=wasm32-unknown-wasi --sysroot /home/lind-wasm/glibc/sysroot -Wl,--import-memory,--export-memory,--max-memory=67108864,--export=__stack_pointer -g -O0 -c -g -O2  conftest.c >&5
clang-16: warning: -Wl,--import-memory,--export-memory,--max-memory=67108864,--export=__stack_pointer: 'linker' input unused [-Wunused-command-line-argument]
configure:7815: $? = 0
configure:7815: result: yes
configure:7815: checking for sys/wait.h
configure:7815: /home/clang+llvm-16.0.4-x86_64-linux-gnu-ubuntu-22.04/bin/clang-16 -pthread --target=wasm32-unknown-wasi --sysroot /home/lind-wasm/glibc/sysroot -Wl,--import-memory,--export-memory,--max-memory=67108864,--export=__stack_pointer -g -O0 -c -g -O2  conftest.c >&5
clang-16: warning: -Wl,--import-memory,--export-memory,--max-memory=67108864,--export=__stack_pointer: 'linker' input unused [-Wunused-command-line-argument]
configure:7815: $? = 0
configure:7815: result: yes
configure:7815: checking for utime.h
configure:7815: /home/clang+llvm-16.0.4-x86_64-linux-gnu-ubuntu-22.04/bin/clang-16 -pthread --target=wasm32-unknown-wasi --sysroot /home/lind-wasm/glibc/sysroot -Wl,--import-memory,--export-memory,--max-memory=67108864,--export=__stack_pointer -g -O0 -c -g -O2  conftest.c >&5
clang-16: warning: -Wl,--import-memory,--export-memory,--max-memory=67108864,--export=__stack_pointer: 'linker' input unused [-Wunused-command-line-argument]
configure:7815: $? = 0
configure:7815: result: yes
configure:7815: checking for semaphore.h
configure:7815: /home/clang+llvm-16.0.4-x86_64-linux-gnu-ubuntu-22.04/bin/clang-16 -pthread --target=wasm32-unknown-wasi --sysroot /home/lind-wasm/glibc/sysroot -Wl,--import-memory,--export-memory,--max-memory=67108864,--export=__stack_pointer -g -O0 -c -g -O2  conftest.c >&5
clang-16: warning: -Wl,--import-memory,--export-memory,--max-memory=67108864,--export=__stack_pointer: 'linker' input unused [-Wunused-command-line-argument]
configure:7815: $? = 0
configure:7815: result: yes
configure:7815: checking for hurd.h
configure:7815: /home/clang+llvm-16.0.4-x86_64-linux-gnu-ubuntu-22.04/bin/clang-16 -pthread --target=wasm32-unknown-wasi --sysroot /home/lind-wasm/glibc/sysroot -Wl,--import-memory,--export-memory,--max-memory=67108864,--export=__stack_pointer -g -O0 -c -g -O2  conftest.c >&5
clang-16: warning: -Wl,--import-memory,--export-memory,--max-memory=67108864,--export=__stack_pointer: 'linker' input unused [-Wunused-command-line-argument]
conftest.c:80:10: fatal error: 'hurd.h' file not found
#include <hurd.h>
         ^~~~~~~~
1 error generated.
configure:7815: $? = 1
configure: failed program was:
| /* confdefs.h */
| #define PACKAGE_NAME "GNU coreutils"
| #define PACKAGE_TARNAME "coreutils"
| #define PACKAGE_VERSION "9.3"
| #define PACKAGE_STRING "GNU coreutils 9.3"
| #define PACKAGE_BUGREPORT "bug-coreutils@gnu.org"
| #define PACKAGE_URL "https://www.gnu.org/software/coreutils/"
| #define PACKAGE "coreutils"
| #define VERSION "9.3"
| #define HAVE_STDIO_H 1
| #define HAVE_STDLIB_H 1
| #define HAVE_STRING_H 1
| #define HAVE_INTTYPES_H 1
| #define HAVE_STDINT_H 1
| #define HAVE_STRINGS_H 1
| #define HAVE_SYS_STAT_H 1
| #define HAVE_SYS_TYPES_H 1
| #define HAVE_UNISTD_H 1
| #define HAVE_WCHAR_H 1
| #define HAVE_FEATURES_H 1
| #define HAVE_ERROR_H 1
| #define HAVE_FNMATCH_H 1
| #define HAVE_STDIO_EXT_H 1
| #define HAVE_SYS_VFS_H 1
| #define HAVE_GETOPT_H 1
| #define HAVE_SYS_CDEFS_H 1
| #define HAVE_TERMIOS_H 1
| #define HAVE_SYS_TIME_H 1
| #define HAVE_GRP_H 1
| #define HAVE_THREADS_H 1
| #define HAVE_ICONV_H 1
| #define HAVE_WCTYPE_H 1
| #define HAVE_LANGINFO_H 1
| #define HAVE_MATH_H 1
| #define HAVE_SYS_MMAN_H 1
| #define HAVE_SYS_STATVFS_H 1
| #define HAVE_SYS_SELECT_H 1
| #define HAVE_PTHREAD_H 1
| #define HAVE_UTMP_H 1
| #define HAVE_UTMPX_H 1
| #define HAVE_MALLOC_H 1
| #define HAVE_STDBOOL_H 1
| #define HAVE_SYS_IOCTL_H 1
| #define HAVE_SYS_RANDOM_H 1
| #define HAVE_SYS_RESOURCE_H 1
| #define HAVE_SYS_UIO_H 1
| #define HAVE_SYS_UTSNAME_H 1
| #define HAVE_SYS_WAIT_H 1
| #define HAVE_UTIME_H 1
| #define HAVE_SEMAPHORE_H 1
| /* end confdefs.h.  */
| #include <stddef.h>
| #ifdef HAVE_STDIO_H
| # include <stdio.h>
| #endif
| #ifdef HAVE_STDLIB_H
| # include <stdlib.h>
| #endif
| #ifdef HAVE_STRING_H
| # include <string.h>
| #endif
| #ifdef HAVE_INTTYPES_H
| # include <inttypes.h>
| #endif
| #ifdef HAVE_STDINT_H
| # include <stdint.h>
| #endif
| #ifdef HAVE_STRINGS_H
| # include <strings.h>
| #endif
| #ifdef HAVE_SYS_TYPES_H
| # include <sys/types.h>
| #endif
| #ifdef HAVE_SYS_STAT_H
| # include <sys/stat.h>
| #endif
| #ifdef HAVE_UNISTD_H
| # include <unistd.h>
| #endif
| #include <hurd.h>
configure:7815: result: no
configure:7815: checking for linux/falloc.h
configure:7815: /home/clang+llvm-16.0.4-x86_64-linux-gnu-ubuntu-22.04/bin/clang-16 -pthread --target=wasm32-unknown-wasi --sysroot /home/lind-wasm/glibc/sysroot -Wl,--import-memory,--export-memory,--max-memory=67108864,--export=__stack_pointer -g -O0 -c -g -O2  conftest.c >&5
clang-16: warning: -Wl,--import-memory,--export-memory,--max-memory=67108864,--export=__stack_pointer: 'linker' input unused [-Wunused-command-line-argument]
configure:7815: $? = 0
configure:7815: result: yes
configure:7815: checking for linux/fs.h
configure:7815: /home/clang+llvm-16.0.4-x86_64-linux-gnu-ubuntu-22.04/bin/clang-16 -pthread --target=wasm32-unknown-wasi --sysroot /home/lind-wasm/glibc/sysroot -Wl,--import-memory,--export-memory,--max-memory=67108864,--export=__stack_pointer -g -O0 -c -g -O2  conftest.c >&5
clang-16: warning: -Wl,--import-memory,--export-memory,--max-memory=67108864,--export=__stack_pointer: 'linker' input unused [-Wunused-command-line-argument]
conftest.c:81:10: fatal error: 'linux/fs.h' file not found
#include <linux/fs.h>
         ^~~~~~~~~~~~
1 error generated.
configure:7815: $? = 1
configure: failed program was:
| /* confdefs.h */
| #define PACKAGE_NAME "GNU coreutils"
| #define PACKAGE_TARNAME "coreutils"
| #define PACKAGE_VERSION "9.3"
| #define PACKAGE_STRING "GNU coreutils 9.3"
| #define PACKAGE_BUGREPORT "bug-coreutils@gnu.org"
| #define PACKAGE_URL "https://www.gnu.org/software/coreutils/"
| #define PACKAGE "coreutils"
| #define VERSION "9.3"
| #define HAVE_STDIO_H 1
| #define HAVE_STDLIB_H 1
| #define HAVE_STRING_H 1
| #define HAVE_INTTYPES_H 1
| #define HAVE_STDINT_H 1
| #define HAVE_STRINGS_H 1
| #define HAVE_SYS_STAT_H 1
| #define HAVE_SYS_TYPES_H 1
| #define HAVE_UNISTD_H 1
| #define HAVE_WCHAR_H 1
| #define HAVE_FEATURES_H 1
| #define HAVE_ERROR_H 1
| #define HAVE_FNMATCH_H 1
| #define HAVE_STDIO_EXT_H 1
| #define HAVE_SYS_VFS_H 1
| #define HAVE_GETOPT_H 1
| #define HAVE_SYS_CDEFS_H 1
| #define HAVE_TERMIOS_H 1
| #define HAVE_SYS_TIME_H 1
| #define HAVE_GRP_H 1
| #define HAVE_THREADS_H 1
| #define HAVE_ICONV_H 1
| #define HAVE_WCTYPE_H 1
| #define HAVE_LANGINFO_H 1
| #define HAVE_MATH_H 1
| #define HAVE_SYS_MMAN_H 1
| #define HAVE_SYS_STATVFS_H 1
| #define HAVE_SYS_SELECT_H 1
| #define HAVE_PTHREAD_H 1
| #define HAVE_UTMP_H 1
| #define HAVE_UTMPX_H 1
| #define HAVE_MALLOC_H 1
| #define HAVE_STDBOOL_H 1
| #define HAVE_SYS_IOCTL_H 1
| #define HAVE_SYS_RANDOM_H 1
| #define HAVE_SYS_RESOURCE_H 1
| #define HAVE_SYS_UIO_H 1
| #define HAVE_SYS_UTSNAME_H 1
| #define HAVE_SYS_WAIT_H 1
| #define HAVE_UTIME_H 1
| #define HAVE_SEMAPHORE_H 1
| #define HAVE_LINUX_FALLOC_H 1
| /* end confdefs.h.  */
| #include <stddef.h>
| #ifdef HAVE_STDIO_H
| # include <stdio.h>
| #endif
| #ifdef HAVE_STDLIB_H
| # include <stdlib.h>
| #endif
| #ifdef HAVE_STRING_H
| # include <string.h>
| #endif
| #ifdef HAVE_INTTYPES_H
| # include <inttypes.h>
| #endif
| #ifdef HAVE_STDINT_H
| # include <stdint.h>
| #endif
| #ifdef HAVE_STRINGS_H
| # include <strings.h>
| #endif
| #ifdef HAVE_SYS_TYPES_H
| # include <sys/types.h>
| #endif
| #ifdef HAVE_SYS_STAT_H
| # include <sys/stat.h>
| #endif
| #ifdef HAVE_UNISTD_H
| # include <unistd.h>
| #endif
| #include <linux/fs.h>
configure:7815: result: no
configure:7815: checking for paths.h
configure:7815: /home/clang+llvm-16.0.4-x86_64-linux-gnu-ubuntu-22.04/bin/clang-16 -pthread --target=wasm32-unknown-wasi --sysroot /home/lind-wasm/glibc/sysroot -Wl,--import-memory,--export-memory,--max-memory=67108864,--export=__stack_pointer -g -O0 -c -g -O2  conftest.c >&5
clang-16: warning: -Wl,--import-memory,--export-memory,--max-memory=67108864,--export=__stack_pointer: 'linker' input unused [-Wunused-command-line-argument]
configure:7815: $? = 0
configure:7815: result: yes
configure:7815: checking for stropts.h
configure:7815: /home/clang+llvm-16.0.4-x86_64-linux-gnu-ubuntu-22.04/bin/clang-16 -pthread --target=wasm32-unknown-wasi --sysroot /home/lind-wasm/glibc/sysroot -Wl,--import-memory,--export-memory,--max-memory=67108864,--export=__stack_pointer -g -O0 -c -g -O2  conftest.c >&5
clang-16: warning: -Wl,--import-memory,--export-memory,--max-memory=67108864,--export=__stack_pointer: 'linker' input unused [-Wunused-command-line-argument]
conftest.c:82:10: fatal error: 'stropts.h' file not found
#include <stropts.h>
         ^~~~~~~~~~~
1 error generated.
configure:7815: $? = 1
configure: failed program was:
| /* confdefs.h */
| #define PACKAGE_NAME "GNU coreutils"
| #define PACKAGE_TARNAME "coreutils"
| #define PACKAGE_VERSION "9.3"
| #define PACKAGE_STRING "GNU coreutils 9.3"
| #define PACKAGE_BUGREPORT "bug-coreutils@gnu.org"
| #define PACKAGE_URL "https://www.gnu.org/software/coreutils/"
| #define PACKAGE "coreutils"
| #define VERSION "9.3"
| #define HAVE_STDIO_H 1
| #define HAVE_STDLIB_H 1
| #define HAVE_STRING_H 1
| #define HAVE_INTTYPES_H 1
| #define HAVE_STDINT_H 1
| #define HAVE_STRINGS_H 1
| #define HAVE_SYS_STAT_H 1
| #define HAVE_SYS_TYPES_H 1
| #define HAVE_UNISTD_H 1
| #define HAVE_WCHAR_H 1
| #define HAVE_FEATURES_H 1
| #define HAVE_ERROR_H 1
| #define HAVE_FNMATCH_H 1
| #define HAVE_STDIO_EXT_H 1
| #define HAVE_SYS_VFS_H 1
| #define HAVE_GETOPT_H 1
| #define HAVE_SYS_CDEFS_H 1
| #define HAVE_TERMIOS_H 1
| #define HAVE_SYS_TIME_H 1
| #define HAVE_GRP_H 1
| #define HAVE_THREADS_H 1
| #define HAVE_ICONV_H 1
| #define HAVE_WCTYPE_H 1
| #define HAVE_LANGINFO_H 1
| #define HAVE_MATH_H 1
| #define HAVE_SYS_MMAN_H 1
| #define HAVE_SYS_STATVFS_H 1
| #define HAVE_SYS_SELECT_H 1
| #define HAVE_PTHREAD_H 1
| #define HAVE_UTMP_H 1
| #define HAVE_UTMPX_H 1
| #define HAVE_MALLOC_H 1
| #define HAVE_STDBOOL_H 1
| #define HAVE_SYS_IOCTL_H 1
| #define HAVE_SYS_RANDOM_H 1
| #define HAVE_SYS_RESOURCE_H 1
| #define HAVE_SYS_UIO_H 1
| #define HAVE_SYS_UTSNAME_H 1
| #define HAVE_SYS_WAIT_H 1
| #define HAVE_UTIME_H 1
| #define HAVE_SEMAPHORE_H 1
| #define HAVE_LINUX_FALLOC_H 1
| #define HAVE_PATHS_H 1
| /* end confdefs.h.  */
| #include <stddef.h>
| #ifdef HAVE_STDIO_H
| # include <stdio.h>
| #endif
| #ifdef HAVE_STDLIB_H
| # include <stdlib.h>
| #endif
| #ifdef HAVE_STRING_H
| # include <string.h>
| #endif
| #ifdef HAVE_INTTYPES_H
| # include <inttypes.h>
| #endif
| #ifdef HAVE_STDINT_H
| # include <stdint.h>
| #endif
| #ifdef HAVE_STRINGS_H
| # include <strings.h>
| #endif
| #ifdef HAVE_SYS_TYPES_H
| # include <sys/types.h>
| #endif
| #ifdef HAVE_SYS_STAT_H
| # include <sys/stat.h>
| #endif
| #ifdef HAVE_UNISTD_H
| # include <unistd.h>
| #endif
| #include <stropts.h>
configure:7815: result: no
configure:7815: checking for sys/mtio.h
configure:7815: /home/clang+llvm-16.0.4-x86_64-linux-gnu-ubuntu-22.04/bin/clang-16 -pthread --target=wasm32-unknown-wasi --sysroot /home/lind-wasm/glibc/sysroot -Wl,--import-memory,--export-memory,--max-memory=67108864,--export=__stack_pointer -g -O0 -c -g -O2  conftest.c >&5
clang-16: warning: -Wl,--import-memory,--export-memory,--max-memory=67108864,--export=__stack_pointer: 'linker' input unused [-Wunused-command-line-argument]
configure:7815: $? = 0
configure:7815: result: yes
configure:7815: checking for sys/systeminfo.h
configure:7815: /home/clang+llvm-16.0.4-x86_64-linux-gnu-ubuntu-22.04/bin/clang-16 -pthread --target=wasm32-unknown-wasi --sysroot /home/lind-wasm/glibc/sysroot -Wl,--import-memory,--export-memory,--max-memory=67108864,--export=__stack_pointer -g -O0 -c -g -O2  conftest.c >&5
clang-16: warning: -Wl,--import-memory,--export-memory,--max-memory=67108864,--export=__stack_pointer: 'linker' input unused [-Wunused-command-line-argument]
conftest.c:83:10: fatal error: 'sys/systeminfo.h' file not found
#include <sys/systeminfo.h>
         ^~~~~~~~~~~~~~~~~~
1 error generated.
configure:7815: $? = 1
configure: failed program was:
| /* confdefs.h */
| #define PACKAGE_NAME "GNU coreutils"
| #define PACKAGE_TARNAME "coreutils"
| #define PACKAGE_VERSION "9.3"
| #define PACKAGE_STRING "GNU coreutils 9.3"
| #define PACKAGE_BUGREPORT "bug-coreutils@gnu.org"
| #define PACKAGE_URL "https://www.gnu.org/software/coreutils/"
| #define PACKAGE "coreutils"
| #define VERSION "9.3"
| #define HAVE_STDIO_H 1
| #define HAVE_STDLIB_H 1
| #define HAVE_STRING_H 1
| #define HAVE_INTTYPES_H 1
| #define HAVE_STDINT_H 1
| #define HAVE_STRINGS_H 1
| #define HAVE_SYS_STAT_H 1
| #define HAVE_SYS_TYPES_H 1
| #define HAVE_UNISTD_H 1
| #define HAVE_WCHAR_H 1
| #define HAVE_FEATURES_H 1
| #define HAVE_ERROR_H 1
| #define HAVE_FNMATCH_H 1
| #define HAVE_STDIO_EXT_H 1
| #define HAVE_SYS_VFS_H 1
| #define HAVE_GETOPT_H 1
| #define HAVE_SYS_CDEFS_H 1
| #define HAVE_TERMIOS_H 1
| #define HAVE_SYS_TIME_H 1
| #define HAVE_GRP_H 1
| #define HAVE_THREADS_H 1
| #define HAVE_ICONV_H 1
| #define HAVE_WCTYPE_H 1
| #define HAVE_LANGINFO_H 1
| #define HAVE_MATH_H 1
| #define HAVE_SYS_MMAN_H 1
| #define HAVE_SYS_STATVFS_H 1
| #define HAVE_SYS_SELECT_H 1
| #define HAVE_PTHREAD_H 1
| #define HAVE_UTMP_H 1
| #define HAVE_UTMPX_H 1
| #define HAVE_MALLOC_H 1
| #define HAVE_STDBOOL_H 1
| #define HAVE_SYS_IOCTL_H 1
| #define HAVE_SYS_RANDOM_H 1
| #define HAVE_SYS_RESOURCE_H 1
| #define HAVE_SYS_UIO_H 1
| #define HAVE_SYS_UTSNAME_H 1
| #define HAVE_SYS_WAIT_H 1
| #define HAVE_UTIME_H 1
| #define HAVE_SEMAPHORE_H 1
| #define HAVE_LINUX_FALLOC_H 1
| #define HAVE_PATHS_H 1
| #define HAVE_SYS_MTIO_H 1
| /* end confdefs.h.  */
| #include <stddef.h>
| #ifdef HAVE_STDIO_H
| # include <stdio.h>
| #endif
| #ifdef HAVE_STDLIB_H
| # include <stdlib.h>
| #endif
| #ifdef HAVE_STRING_H
| # include <string.h>
| #endif
| #ifdef HAVE_INTTYPES_H
| # include <inttypes.h>
| #endif
| #ifdef HAVE_STDINT_H
| # include <stdint.h>
| #endif
| #ifdef HAVE_STRINGS_H
| # include <strings.h>
| #endif
| #ifdef HAVE_SYS_TYPES_H
| # include <sys/types.h>
| #endif
| #ifdef HAVE_SYS_STAT_H
| # include <sys/stat.h>
| #endif
| #ifdef HAVE_UNISTD_H
| # include <unistd.h>
| #endif
| #include <sys/systeminfo.h>
configure:7815: result: no
configure:7815: checking for syslog.h
configure:7815: /home/clang+llvm-16.0.4-x86_64-linux-gnu-ubuntu-22.04/bin/clang-16 -pthread --target=wasm32-unknown-wasi --sysroot /home/lind-wasm/glibc/sysroot -Wl,--import-memory,--export-memory,--max-memory=67108864,--export=__stack_pointer -g -O0 -c -g -O2  conftest.c >&5
clang-16: warning: -Wl,--import-memory,--export-memory,--max-memory=67108864,--export=__stack_pointer: 'linker' input unused [-Wunused-command-line-argument]
configure:7815: $? = 0
configure:7815: result: yes
configure:7815: checking for pwd.h
configure:7815: /home/clang+llvm-16.0.4-x86_64-linux-gnu-ubuntu-22.04/bin/clang-16 -pthread --target=wasm32-unknown-wasi --sysroot /home/lind-wasm/glibc/sysroot -Wl,--import-memory,--export-memory,--max-memory=67108864,--export=__stack_pointer -g -O0 -c -g -O2  conftest.c >&5
clang-16: warning: -Wl,--import-memory,--export-memory,--max-memory=67108864,--export=__stack_pointer: 'linker' input unused [-Wunused-command-line-argument]
configure:7815: $? = 0
configure:7815: result: yes
configure:7815: checking for OS.h
configure:7815: /home/clang+llvm-16.0.4-x86_64-linux-gnu-ubuntu-22.04/bin/clang-16 -pthread --target=wasm32-unknown-wasi --sysroot /home/lind-wasm/glibc/sysroot -Wl,--import-memory,--export-memory,--max-memory=67108864,--export=__stack_pointer -g -O0 -c -g -O2  conftest.c >&5
clang-16: warning: -Wl,--import-memory,--export-memory,--max-memory=67108864,--export=__stack_pointer: 'linker' input unused [-Wunused-command-line-argument]
conftest.c:85:10: fatal error: 'OS.h' file not found
#include <OS.h>
         ^~~~~~
1 error generated.
configure:7815: $? = 1
configure: failed program was:
| /* confdefs.h */
| #define PACKAGE_NAME "GNU coreutils"
| #define PACKAGE_TARNAME "coreutils"
| #define PACKAGE_VERSION "9.3"
| #define PACKAGE_STRING "GNU coreutils 9.3"
| #define PACKAGE_BUGREPORT "bug-coreutils@gnu.org"
| #define PACKAGE_URL "https://www.gnu.org/software/coreutils/"
| #define PACKAGE "coreutils"
| #define VERSION "9.3"
| #define HAVE_STDIO_H 1
| #define HAVE_STDLIB_H 1
| #define HAVE_STRING_H 1
| #define HAVE_INTTYPES_H 1
| #define HAVE_STDINT_H 1
| #define HAVE_STRINGS_H 1
| #define HAVE_SYS_STAT_H 1
| #define HAVE_SYS_TYPES_H 1
| #define HAVE_UNISTD_H 1
| #define HAVE_WCHAR_H 1
| #define HAVE_FEATURES_H 1
| #define HAVE_ERROR_H 1
| #define HAVE_FNMATCH_H 1
| #define HAVE_STDIO_EXT_H 1
| #define HAVE_SYS_VFS_H 1
| #define HAVE_GETOPT_H 1
| #define HAVE_SYS_CDEFS_H 1
| #define HAVE_TERMIOS_H 1
| #define HAVE_SYS_TIME_H 1
| #define HAVE_GRP_H 1
| #define HAVE_THREADS_H 1
| #define HAVE_ICONV_H 1
| #define HAVE_WCTYPE_H 1
| #define HAVE_LANGINFO_H 1
| #define HAVE_MATH_H 1
| #define HAVE_SYS_MMAN_H 1
| #define HAVE_SYS_STATVFS_H 1
| #define HAVE_SYS_SELECT_H 1
| #define HAVE_PTHREAD_H 1
| #define HAVE_UTMP_H 1
| #define HAVE_UTMPX_H 1
| #define HAVE_MALLOC_H 1
| #define HAVE_STDBOOL_H 1
| #define HAVE_SYS_IOCTL_H 1
| #define HAVE_SYS_RANDOM_H 1
| #define HAVE_SYS_RESOURCE_H 1
| #define HAVE_SYS_UIO_H 1
| #define HAVE_SYS_UTSNAME_H 1
| #define HAVE_SYS_WAIT_H 1
| #define HAVE_UTIME_H 1
| #define HAVE_SEMAPHORE_H 1
| #define HAVE_LINUX_FALLOC_H 1
| #define HAVE_PATHS_H 1
| #define HAVE_SYS_MTIO_H 1
| #define HAVE_SYSLOG_H 1
| #define HAVE_PWD_H 1
| /* end confdefs.h.  */
| #include <stddef.h>
| #ifdef HAVE_STDIO_H
| # include <stdio.h>
| #endif
| #ifdef HAVE_STDLIB_H
| # include <stdlib.h>
| #endif
| #ifdef HAVE_STRING_H
| # include <string.h>
| #endif
| #ifdef HAVE_INTTYPES_H
| # include <inttypes.h>
| #endif
| #ifdef HAVE_STDINT_H
| # include <stdint.h>
| #endif
| #ifdef HAVE_STRINGS_H
| # include <strings.h>
| #endif
| #ifdef HAVE_SYS_TYPES_H
| # include <sys/types.h>
| #endif
| #ifdef HAVE_SYS_STAT_H
| # include <sys/stat.h>
| #endif
| #ifdef HAVE_UNISTD_H
| # include <unistd.h>
| #endif
| #include <OS.h>
configure:7815: result: no
configure:7815: checking for vfork.h
configure:7815: /home/clang+llvm-16.0.4-x86_64-linux-gnu-ubuntu-22.04/bin/clang-16 -pthread --target=wasm32-unknown-wasi --sysroot /home/lind-wasm/glibc/sysroot -Wl,--import-memory,--export-memory,--max-memory=67108864,--export=__stack_pointer -g -O0 -c -g -O2  conftest.c >&5
clang-16: warning: -Wl,--import-memory,--export-memory,--max-memory=67108864,--export=__stack_pointer: 'linker' input unused [-Wunused-command-line-argument]
conftest.c:85:10: fatal error: 'vfork.h' file not found
#include <vfork.h>
         ^~~~~~~~~
1 error generated.
configure:7815: $? = 1
configure: failed program was:
| /* confdefs.h */
| #define PACKAGE_NAME "GNU coreutils"
| #define PACKAGE_TARNAME "coreutils"
| #define PACKAGE_VERSION "9.3"
| #define PACKAGE_STRING "GNU coreutils 9.3"
| #define PACKAGE_BUGREPORT "bug-coreutils@gnu.org"
| #define PACKAGE_URL "https://www.gnu.org/software/coreutils/"
| #define PACKAGE "coreutils"
| #define VERSION "9.3"
| #define HAVE_STDIO_H 1
| #define HAVE_STDLIB_H 1
| #define HAVE_STRING_H 1
| #define HAVE_INTTYPES_H 1
| #define HAVE_STDINT_H 1
| #define HAVE_STRINGS_H 1
| #define HAVE_SYS_STAT_H 1
| #define HAVE_SYS_TYPES_H 1
| #define HAVE_UNISTD_H 1
| #define HAVE_WCHAR_H 1
| #define HAVE_FEATURES_H 1
| #define HAVE_ERROR_H 1
| #define HAVE_FNMATCH_H 1
| #define HAVE_STDIO_EXT_H 1
| #define HAVE_SYS_VFS_H 1
| #define HAVE_GETOPT_H 1
| #define HAVE_SYS_CDEFS_H 1
| #define HAVE_TERMIOS_H 1
| #define HAVE_SYS_TIME_H 1
| #define HAVE_GRP_H 1
| #define HAVE_THREADS_H 1
| #define HAVE_ICONV_H 1
| #define HAVE_WCTYPE_H 1
| #define HAVE_LANGINFO_H 1
| #define HAVE_MATH_H 1
| #define HAVE_SYS_MMAN_H 1
| #define HAVE_SYS_STATVFS_H 1
| #define HAVE_SYS_SELECT_H 1
| #define HAVE_PTHREAD_H 1
| #define HAVE_UTMP_H 1
| #define HAVE_UTMPX_H 1
| #define HAVE_MALLOC_H 1
| #define HAVE_STDBOOL_H 1
| #define HAVE_SYS_IOCTL_H 1
| #define HAVE_SYS_RANDOM_H 1
| #define HAVE_SYS_RESOURCE_H 1
| #define HAVE_SYS_UIO_H 1
| #define HAVE_SYS_UTSNAME_H 1
| #define HAVE_SYS_WAIT_H 1
| #define HAVE_UTIME_H 1
| #define HAVE_SEMAPHORE_H 1
| #define HAVE_LINUX_FALLOC_H 1
| #define HAVE_PATHS_H 1
| #define HAVE_SYS_MTIO_H 1
| #define HAVE_SYSLOG_H 1
| #define HAVE_PWD_H 1
| /* end confdefs.h.  */
| #include <stddef.h>
| #ifdef HAVE_STDIO_H
| # include <stdio.h>
| #endif
| #ifdef HAVE_STDLIB_H
| # include <stdlib.h>
| #endif
| #ifdef HAVE_STRING_H
| # include <string.h>
| #endif
| #ifdef HAVE_INTTYPES_H
| # include <inttypes.h>
| #endif
| #ifdef HAVE_STDINT_H
| # include <stdint.h>
| #endif
| #ifdef HAVE_STRINGS_H
| # include <strings.h>
| #endif
| #ifdef HAVE_SYS_TYPES_H
| # include <sys/types.h>
| #endif
| #ifdef HAVE_SYS_STAT_H
| # include <sys/stat.h>
| #endif
| #ifdef HAVE_UNISTD_H
| # include <unistd.h>
| #endif
| #include <vfork.h>
configure:7815: result: no
configure:7846: checking whether it is safe to define __EXTENSIONS__
configure:7865: /home/clang+llvm-16.0.4-x86_64-linux-gnu-ubuntu-22.04/bin/clang-16 -pthread --target=wasm32-unknown-wasi --sysroot /home/lind-wasm/glibc/sysroot -Wl,--import-memory,--export-memory,--max-memory=67108864,--export=__stack_pointer -g -O0 -c -g -O2  conftest.c >&5
clang-16: warning: -Wl,--import-memory,--export-memory,--max-memory=67108864,--export=__stack_pointer: 'linker' input unused [-Wunused-command-line-argument]
configure:7865: $? = 0
configure:7875: result: yes
configure:7878: checking whether _XOPEN_SOURCE should be defined
configure:7900: /home/clang+llvm-16.0.4-x86_64-linux-gnu-ubuntu-22.04/bin/clang-16 -pthread --target=wasm32-unknown-wasi --sysroot /home/lind-wasm/glibc/sysroot -Wl,--import-memory,--export-memory,--max-memory=67108864,--export=__stack_pointer -g -O0 -c -g -O2  conftest.c >&5
clang-16: warning: -Wl,--import-memory,--export-memory,--max-memory=67108864,--export=__stack_pointer: 'linker' input unused [-Wunused-command-line-argument]
configure:7900: $? = 0
configure:7929: result: no
configure:7994: checking build system type
configure:8010: result: x86_64-pc-linux-gnux32
configure:8030: checking host system type
configure:8045: result: wasm32-unknown-wasi
configure:8078: checking for egrep -e
configure:8208: result: /usr/bin/grep -E
configure:8215: checking for Minix Amsterdam compiler
configure:8243: result: no
configure:8260: checking for wasm32-unknown-wasi-ar
configure:8296: result: no
configure:8306: checking for ar
configure:8327: found /usr/bin/ar
configure:8339: result: ar
configure:8512: checking for /home/clang+llvm-16.0.4-x86_64-linux-gnu-ubuntu-22.04/bin/clang-16 -pthread --target=wasm32-unknown-wasi --sysroot /home/lind-wasm/glibc/sysroot -Wl,--import-memory,--export-memory,--max-memory=67108864,--export=__stack_pointer -g -O0 option to enable large file support
configure:8544: /home/clang+llvm-16.0.4-x86_64-linux-gnu-ubuntu-22.04/bin/clang-16 -pthread --target=wasm32-unknown-wasi --sysroot /home/lind-wasm/glibc/sysroot -Wl,--import-memory,--export-memory,--max-memory=67108864,--export=__stack_pointer -g -O0 -c -g -O2  conftest.c >&5
clang-16: warning: -Wl,--import-memory,--export-memory,--max-memory=67108864,--export=__stack_pointer: 'linker' input unused [-Wunused-command-line-argument]
conftest.c:81:22: error: 'off_t_is_large' declared as an array with a negative size
  int off_t_is_large[(LARGE_OFF_T % 2147483629 == 721
                     ^~~~~~~~~~~~~~~~~~~~~~~~~~~~~~~~
1 error generated.
configure:8544: $? = 1
configure: failed program was:
| /* confdefs.h */
| #define PACKAGE_NAME "GNU coreutils"
| #define PACKAGE_TARNAME "coreutils"
| #define PACKAGE_VERSION "9.3"
| #define PACKAGE_STRING "GNU coreutils 9.3"
| #define PACKAGE_BUGREPORT "bug-coreutils@gnu.org"
| #define PACKAGE_URL "https://www.gnu.org/software/coreutils/"
| #define PACKAGE "coreutils"
| #define VERSION "9.3"
| #define HAVE_STDIO_H 1
| #define HAVE_STDLIB_H 1
| #define HAVE_STRING_H 1
| #define HAVE_INTTYPES_H 1
| #define HAVE_STDINT_H 1
| #define HAVE_STRINGS_H 1
| #define HAVE_SYS_STAT_H 1
| #define HAVE_SYS_TYPES_H 1
| #define HAVE_UNISTD_H 1
| #define HAVE_WCHAR_H 1
| #define HAVE_FEATURES_H 1
| #define HAVE_ERROR_H 1
| #define HAVE_FNMATCH_H 1
| #define HAVE_STDIO_EXT_H 1
| #define HAVE_SYS_VFS_H 1
| #define HAVE_GETOPT_H 1
| #define HAVE_SYS_CDEFS_H 1
| #define HAVE_TERMIOS_H 1
| #define HAVE_SYS_TIME_H 1
| #define HAVE_GRP_H 1
| #define HAVE_THREADS_H 1
| #define HAVE_ICONV_H 1
| #define HAVE_WCTYPE_H 1
| #define HAVE_LANGINFO_H 1
| #define HAVE_MATH_H 1
| #define HAVE_SYS_MMAN_H 1
| #define HAVE_SYS_STATVFS_H 1
| #define HAVE_SYS_SELECT_H 1
| #define HAVE_PTHREAD_H 1
| #define HAVE_UTMP_H 1
| #define HAVE_UTMPX_H 1
| #define HAVE_MALLOC_H 1
| #define HAVE_STDBOOL_H 1
| #define HAVE_SYS_IOCTL_H 1
| #define HAVE_SYS_RANDOM_H 1
| #define HAVE_SYS_RESOURCE_H 1
| #define HAVE_SYS_UIO_H 1
| #define HAVE_SYS_UTSNAME_H 1
| #define HAVE_SYS_WAIT_H 1
| #define HAVE_UTIME_H 1
| #define HAVE_SEMAPHORE_H 1
| #define HAVE_LINUX_FALLOC_H 1
| #define HAVE_PATHS_H 1
| #define HAVE_SYS_MTIO_H 1
| #define HAVE_SYSLOG_H 1
| #define HAVE_PWD_H 1
| #define STDC_HEADERS 1
| #define _ALL_SOURCE 1
| #define _DARWIN_C_SOURCE 1
| #define _GNU_SOURCE 1
| #define _HPUX_ALT_XOPEN_SOCKET_API 1
| #define _NETBSD_SOURCE 1
| #define _OPENBSD_SOURCE 1
| #define _POSIX_PTHREAD_SEMANTICS 1
| #define __STDC_WANT_IEC_60559_ATTRIBS_EXT__ 1
| #define __STDC_WANT_IEC_60559_BFP_EXT__ 1
| #define __STDC_WANT_IEC_60559_DFP_EXT__ 1
| #define __STDC_WANT_IEC_60559_EXT__ 1
| #define __STDC_WANT_IEC_60559_FUNCS_EXT__ 1
| #define __STDC_WANT_IEC_60559_TYPES_EXT__ 1
| #define __STDC_WANT_LIB_EXT2__ 1
| #define __STDC_WANT_MATH_SPEC_FUNCS__ 1
| #define _TANDEM_SOURCE 1
| #define __EXTENSIONS__ 1
| /* end confdefs.h.  */
| #include <sys/types.h>
|  /* Check that off_t can represent 2**63 - 1 correctly.
|     We can't simply define LARGE_OFF_T to be 9223372036854775807,
|     since some C++ compilers masquerading as C compilers
|     incorrectly reject 9223372036854775807.  */
| #define LARGE_OFF_T (((off_t) 1 << 31 << 31) - 1 + ((off_t) 1 << 31 << 31))
|   int off_t_is_large[(LARGE_OFF_T % 2147483629 == 721
| 		       && LARGE_OFF_T % 2147483647 == 1)
| 		      ? 1 : -1];
| int
| main (void)
| {
| 
|   ;
|   return 0;
| }
configure:8544: /home/clang+llvm-16.0.4-x86_64-linux-gnu-ubuntu-22.04/bin/clang-16 -pthread --target=wasm32-unknown-wasi --sysroot /home/lind-wasm/glibc/sysroot -Wl,--import-memory,--export-memory,--max-memory=67108864,--export=__stack_pointer -g -O0 -D_FILE_OFFSET_BITS=64 -c -g -O2  conftest.c >&5
clang-16: warning: -Wl,--import-memory,--export-memory,--max-memory=67108864,--export=__stack_pointer: 'linker' input unused [-Wunused-command-line-argument]
configure:8544: $? = 0
configure:8556: result: -D_FILE_OFFSET_BITS=64
configure:8588: checking for /home/clang+llvm-16.0.4-x86_64-linux-gnu-ubuntu-22.04/bin/clang-16 -pthread --target=wasm32-unknown-wasi --sysroot /home/lind-wasm/glibc/sysroot -Wl,--import-memory,--export-memory,--max-memory=67108864,--export=__stack_pointer -g -O0 option to enable timestamps after Jan 2038
configure:8620: /home/clang+llvm-16.0.4-x86_64-linux-gnu-ubuntu-22.04/bin/clang-16 -pthread --target=wasm32-unknown-wasi --sysroot /home/lind-wasm/glibc/sysroot -Wl,--import-memory,--export-memory,--max-memory=67108864,--export=__stack_pointer -g -O0 -c -g -O2  conftest.c >&5
clang-16: warning: -Wl,--import-memory,--export-memory,--max-memory=67108864,--export=__stack_pointer: 'linker' input unused [-Wunused-command-line-argument]
conftest.c:81:28: warning: overflow in expression; result is -1073741824 with type 'time_t' (aka 'long') [-Winteger-overflow]
  int verify_time_t_range[(LARGE_TIME_T / 65537 == 65535
                           ^
conftest.c:80:43: note: expanded from macro 'LARGE_TIME_T'
    ((time_t) (((time_t) 1 << 30) - 1 + 3 * ((time_t) 1 << 30)))
                                          ^
conftest.c:81:27: error: 'verify_time_t_range' declared as an array with a negative size
  int verify_time_t_range[(LARGE_TIME_T / 65537 == 65535
                          ^~~~~~~~~~~~~~~~~~~~~~~~~~~~~~
1 warning and 1 error generated.
configure:8620: $? = 1
configure: failed program was:
| /* confdefs.h */
| #define PACKAGE_NAME "GNU coreutils"
| #define PACKAGE_TARNAME "coreutils"
| #define PACKAGE_VERSION "9.3"
| #define PACKAGE_STRING "GNU coreutils 9.3"
| #define PACKAGE_BUGREPORT "bug-coreutils@gnu.org"
| #define PACKAGE_URL "https://www.gnu.org/software/coreutils/"
| #define PACKAGE "coreutils"
| #define VERSION "9.3"
| #define HAVE_STDIO_H 1
| #define HAVE_STDLIB_H 1
| #define HAVE_STRING_H 1
| #define HAVE_INTTYPES_H 1
| #define HAVE_STDINT_H 1
| #define HAVE_STRINGS_H 1
| #define HAVE_SYS_STAT_H 1
| #define HAVE_SYS_TYPES_H 1
| #define HAVE_UNISTD_H 1
| #define HAVE_WCHAR_H 1
| #define HAVE_FEATURES_H 1
| #define HAVE_ERROR_H 1
| #define HAVE_FNMATCH_H 1
| #define HAVE_STDIO_EXT_H 1
| #define HAVE_SYS_VFS_H 1
| #define HAVE_GETOPT_H 1
| #define HAVE_SYS_CDEFS_H 1
| #define HAVE_TERMIOS_H 1
| #define HAVE_SYS_TIME_H 1
| #define HAVE_GRP_H 1
| #define HAVE_THREADS_H 1
| #define HAVE_ICONV_H 1
| #define HAVE_WCTYPE_H 1
| #define HAVE_LANGINFO_H 1
| #define HAVE_MATH_H 1
| #define HAVE_SYS_MMAN_H 1
| #define HAVE_SYS_STATVFS_H 1
| #define HAVE_SYS_SELECT_H 1
| #define HAVE_PTHREAD_H 1
| #define HAVE_UTMP_H 1
| #define HAVE_UTMPX_H 1
| #define HAVE_MALLOC_H 1
| #define HAVE_STDBOOL_H 1
| #define HAVE_SYS_IOCTL_H 1
| #define HAVE_SYS_RANDOM_H 1
| #define HAVE_SYS_RESOURCE_H 1
| #define HAVE_SYS_UIO_H 1
| #define HAVE_SYS_UTSNAME_H 1
| #define HAVE_SYS_WAIT_H 1
| #define HAVE_UTIME_H 1
| #define HAVE_SEMAPHORE_H 1
| #define HAVE_LINUX_FALLOC_H 1
| #define HAVE_PATHS_H 1
| #define HAVE_SYS_MTIO_H 1
| #define HAVE_SYSLOG_H 1
| #define HAVE_PWD_H 1
| #define STDC_HEADERS 1
| #define _ALL_SOURCE 1
| #define _DARWIN_C_SOURCE 1
| #define _GNU_SOURCE 1
| #define _HPUX_ALT_XOPEN_SOCKET_API 1
| #define _NETBSD_SOURCE 1
| #define _OPENBSD_SOURCE 1
| #define _POSIX_PTHREAD_SEMANTICS 1
| #define __STDC_WANT_IEC_60559_ATTRIBS_EXT__ 1
| #define __STDC_WANT_IEC_60559_BFP_EXT__ 1
| #define __STDC_WANT_IEC_60559_DFP_EXT__ 1
| #define __STDC_WANT_IEC_60559_EXT__ 1
| #define __STDC_WANT_IEC_60559_FUNCS_EXT__ 1
| #define __STDC_WANT_IEC_60559_TYPES_EXT__ 1
| #define __STDC_WANT_LIB_EXT2__ 1
| #define __STDC_WANT_MATH_SPEC_FUNCS__ 1
| #define _TANDEM_SOURCE 1
| #define __EXTENSIONS__ 1
| #define _FILE_OFFSET_BITS 64
| /* end confdefs.h.  */
| 
|   #include <time.h>
|   /* Check that time_t can represent 2**32 - 1 correctly.  */
|   #define LARGE_TIME_T \
|     ((time_t) (((time_t) 1 << 30) - 1 + 3 * ((time_t) 1 << 30)))
|   int verify_time_t_range[(LARGE_TIME_T / 65537 == 65535
|                            && LARGE_TIME_T % 65537 == 0)
|                           ? 1 : -1];
| 
| int
| main (void)
| {
| 
|   ;
|   return 0;
| }
configure:8620: /home/clang+llvm-16.0.4-x86_64-linux-gnu-ubuntu-22.04/bin/clang-16 -pthread --target=wasm32-unknown-wasi --sysroot /home/lind-wasm/glibc/sysroot -Wl,--import-memory,--export-memory,--max-memory=67108864,--export=__stack_pointer -g -O0 -c -g -O2  -D_TIME_BITS=64 conftest.c >&5
clang-16: warning: -Wl,--import-memory,--export-memory,--max-memory=67108864,--export=__stack_pointer: 'linker' input unused [-Wunused-command-line-argument]
configure:8620: $? = 0
configure:8632: result: -D_TIME_BITS=64
configure:8824: autobuild project... GNU coreutils
configure:8830: autobuild revision... 9.3
configure:8835: autobuild hostname... 4f8bf61f7047
configure:8846: autobuild timestamp... 20241028T235746Z
configure:9804: checking for fchmod
configure:9804: /home/clang+llvm-16.0.4-x86_64-linux-gnu-ubuntu-22.04/bin/clang-16 -pthread --target=wasm32-unknown-wasi --sysroot /home/lind-wasm/glibc/sysroot -Wl,--import-memory,--export-memory,--max-memory=67108864,--export=__stack_pointer -g -O0 -o conftest -g -O2   conftest.c  >&5
In file included from conftest.c:84:
In file included from /home/clang+llvm-16.0.4-x86_64-linux-gnu-ubuntu-22.04/lib/clang/16/include/limits.h:21:
In file included from /home/lind-wasm/glibc/sysroot/include/wasm32-wasi/limits.h:195:
In file included from /home/lind-wasm/glibc/sysroot/include/wasm32-wasi/bits/posix1_lim.h:161:
/home/lind-wasm/glibc/sysroot/include/wasm32-wasi/bits/local_lim.h:38:10: fatal error: 'linux/limits.h' file not found
#include <linux/limits.h>
         ^~~~~~~~~~~~~~~~
1 error generated.
configure:9804: $? = 1
configure: failed program was:
| /* confdefs.h */
| #define PACKAGE_NAME "GNU coreutils"
| #define PACKAGE_TARNAME "coreutils"
| #define PACKAGE_VERSION "9.3"
| #define PACKAGE_STRING "GNU coreutils 9.3"
| #define PACKAGE_BUGREPORT "bug-coreutils@gnu.org"
| #define PACKAGE_URL "https://www.gnu.org/software/coreutils/"
| #define PACKAGE "coreutils"
| #define VERSION "9.3"
| #define HAVE_STDIO_H 1
| #define HAVE_STDLIB_H 1
| #define HAVE_STRING_H 1
| #define HAVE_INTTYPES_H 1
| #define HAVE_STDINT_H 1
| #define HAVE_STRINGS_H 1
| #define HAVE_SYS_STAT_H 1
| #define HAVE_SYS_TYPES_H 1
| #define HAVE_UNISTD_H 1
| #define HAVE_WCHAR_H 1
| #define HAVE_FEATURES_H 1
| #define HAVE_ERROR_H 1
| #define HAVE_FNMATCH_H 1
| #define HAVE_STDIO_EXT_H 1
| #define HAVE_SYS_VFS_H 1
| #define HAVE_GETOPT_H 1
| #define HAVE_SYS_CDEFS_H 1
| #define HAVE_TERMIOS_H 1
| #define HAVE_SYS_TIME_H 1
| #define HAVE_GRP_H 1
| #define HAVE_THREADS_H 1
| #define HAVE_ICONV_H 1
| #define HAVE_WCTYPE_H 1
| #define HAVE_LANGINFO_H 1
| #define HAVE_MATH_H 1
| #define HAVE_SYS_MMAN_H 1
| #define HAVE_SYS_STATVFS_H 1
| #define HAVE_SYS_SELECT_H 1
| #define HAVE_PTHREAD_H 1
| #define HAVE_UTMP_H 1
| #define HAVE_UTMPX_H 1
| #define HAVE_MALLOC_H 1
| #define HAVE_STDBOOL_H 1
| #define HAVE_SYS_IOCTL_H 1
| #define HAVE_SYS_RANDOM_H 1
| #define HAVE_SYS_RESOURCE_H 1
| #define HAVE_SYS_UIO_H 1
| #define HAVE_SYS_UTSNAME_H 1
| #define HAVE_SYS_WAIT_H 1
| #define HAVE_UTIME_H 1
| #define HAVE_SEMAPHORE_H 1
| #define HAVE_LINUX_FALLOC_H 1
| #define HAVE_PATHS_H 1
| #define HAVE_SYS_MTIO_H 1
| #define HAVE_SYSLOG_H 1
| #define HAVE_PWD_H 1
| #define STDC_HEADERS 1
| #define _ALL_SOURCE 1
| #define _DARWIN_C_SOURCE 1
| #define _GNU_SOURCE 1
| #define _HPUX_ALT_XOPEN_SOCKET_API 1
| #define _NETBSD_SOURCE 1
| #define _OPENBSD_SOURCE 1
| #define _POSIX_PTHREAD_SEMANTICS 1
| #define __STDC_WANT_IEC_60559_ATTRIBS_EXT__ 1
| #define __STDC_WANT_IEC_60559_BFP_EXT__ 1
| #define __STDC_WANT_IEC_60559_DFP_EXT__ 1
| #define __STDC_WANT_IEC_60559_EXT__ 1
| #define __STDC_WANT_IEC_60559_FUNCS_EXT__ 1
| #define __STDC_WANT_IEC_60559_TYPES_EXT__ 1
| #define __STDC_WANT_LIB_EXT2__ 1
| #define __STDC_WANT_MATH_SPEC_FUNCS__ 1
| #define _TANDEM_SOURCE 1
| #define __EXTENSIONS__ 1
| #define _FILE_OFFSET_BITS 64
| #define _TIME_BITS 64
| /* end confdefs.h.  */
| /* Define fchmod to an innocuous variant, in case <limits.h> declares fchmod.
|    For example, HP-UX 11i <limits.h> declares gettimeofday.  */
| #define fchmod innocuous_fchmod
| 
| /* System header to define __stub macros and hopefully few prototypes,
|    which can conflict with char fchmod (void); below.  */
| 
| #include <limits.h>
| #undef fchmod
| 
| /* Override any GCC internal prototype to avoid an error.
|    Use char because int might match the return type of a GCC
|    builtin and then its argument prototype would still apply.  */
| #ifdef __cplusplus
| extern "C"
| #endif
| char fchmod (void);
| /* The GNU C library defines this for functions which it implements
|     to always fail with ENOSYS.  Some functions are actually named
|     something starting with __ and the normal name is an alias.  */
| #if defined __stub_fchmod || defined __stub___fchmod
| choke me
| #endif
| 
| int
| main (void)
| {
| return fchmod ();
|   ;
|   return 0;
| }
configure:9804: result: no
configure:9804: checking for pathconf
configure:9804: /home/clang+llvm-16.0.4-x86_64-linux-gnu-ubuntu-22.04/bin/clang-16 -pthread --target=wasm32-unknown-wasi --sysroot /home/lind-wasm/glibc/sysroot -Wl,--import-memory,--export-memory,--max-memory=67108864,--export=__stack_pointer -g -O0 -o conftest -g -O2   conftest.c  >&5
In file included from conftest.c:84:
In file included from /home/clang+llvm-16.0.4-x86_64-linux-gnu-ubuntu-22.04/lib/clang/16/include/limits.h:21:
In file included from /home/lind-wasm/glibc/sysroot/include/wasm32-wasi/limits.h:195:
In file included from /home/lind-wasm/glibc/sysroot/include/wasm32-wasi/bits/posix1_lim.h:161:
/home/lind-wasm/glibc/sysroot/include/wasm32-wasi/bits/local_lim.h:38:10: fatal error: 'linux/limits.h' file not found
#include <linux/limits.h>
         ^~~~~~~~~~~~~~~~
1 error generated.
configure:9804: $? = 1
configure: failed program was:
| /* confdefs.h */
| #define PACKAGE_NAME "GNU coreutils"
| #define PACKAGE_TARNAME "coreutils"
| #define PACKAGE_VERSION "9.3"
| #define PACKAGE_STRING "GNU coreutils 9.3"
| #define PACKAGE_BUGREPORT "bug-coreutils@gnu.org"
| #define PACKAGE_URL "https://www.gnu.org/software/coreutils/"
| #define PACKAGE "coreutils"
| #define VERSION "9.3"
| #define HAVE_STDIO_H 1
| #define HAVE_STDLIB_H 1
| #define HAVE_STRING_H 1
| #define HAVE_INTTYPES_H 1
| #define HAVE_STDINT_H 1
| #define HAVE_STRINGS_H 1
| #define HAVE_SYS_STAT_H 1
| #define HAVE_SYS_TYPES_H 1
| #define HAVE_UNISTD_H 1
| #define HAVE_WCHAR_H 1
| #define HAVE_FEATURES_H 1
| #define HAVE_ERROR_H 1
| #define HAVE_FNMATCH_H 1
| #define HAVE_STDIO_EXT_H 1
| #define HAVE_SYS_VFS_H 1
| #define HAVE_GETOPT_H 1
| #define HAVE_SYS_CDEFS_H 1
| #define HAVE_TERMIOS_H 1
| #define HAVE_SYS_TIME_H 1
| #define HAVE_GRP_H 1
| #define HAVE_THREADS_H 1
| #define HAVE_ICONV_H 1
| #define HAVE_WCTYPE_H 1
| #define HAVE_LANGINFO_H 1
| #define HAVE_MATH_H 1
| #define HAVE_SYS_MMAN_H 1
| #define HAVE_SYS_STATVFS_H 1
| #define HAVE_SYS_SELECT_H 1
| #define HAVE_PTHREAD_H 1
| #define HAVE_UTMP_H 1
| #define HAVE_UTMPX_H 1
| #define HAVE_MALLOC_H 1
| #define HAVE_STDBOOL_H 1
| #define HAVE_SYS_IOCTL_H 1
| #define HAVE_SYS_RANDOM_H 1
| #define HAVE_SYS_RESOURCE_H 1
| #define HAVE_SYS_UIO_H 1
| #define HAVE_SYS_UTSNAME_H 1
| #define HAVE_SYS_WAIT_H 1
| #define HAVE_UTIME_H 1
| #define HAVE_SEMAPHORE_H 1
| #define HAVE_LINUX_FALLOC_H 1
| #define HAVE_PATHS_H 1
| #define HAVE_SYS_MTIO_H 1
| #define HAVE_SYSLOG_H 1
| #define HAVE_PWD_H 1
| #define STDC_HEADERS 1
| #define _ALL_SOURCE 1
| #define _DARWIN_C_SOURCE 1
| #define _GNU_SOURCE 1
| #define _HPUX_ALT_XOPEN_SOCKET_API 1
| #define _NETBSD_SOURCE 1
| #define _OPENBSD_SOURCE 1
| #define _POSIX_PTHREAD_SEMANTICS 1
| #define __STDC_WANT_IEC_60559_ATTRIBS_EXT__ 1
| #define __STDC_WANT_IEC_60559_BFP_EXT__ 1
| #define __STDC_WANT_IEC_60559_DFP_EXT__ 1
| #define __STDC_WANT_IEC_60559_EXT__ 1
| #define __STDC_WANT_IEC_60559_FUNCS_EXT__ 1
| #define __STDC_WANT_IEC_60559_TYPES_EXT__ 1
| #define __STDC_WANT_LIB_EXT2__ 1
| #define __STDC_WANT_MATH_SPEC_FUNCS__ 1
| #define _TANDEM_SOURCE 1
| #define __EXTENSIONS__ 1
| #define _FILE_OFFSET_BITS 64
| #define _TIME_BITS 64
| /* end confdefs.h.  */
| /* Define pathconf to an innocuous variant, in case <limits.h> declares pathconf.
|    For example, HP-UX 11i <limits.h> declares gettimeofday.  */
| #define pathconf innocuous_pathconf
| 
| /* System header to define __stub macros and hopefully few prototypes,
|    which can conflict with char pathconf (void); below.  */
| 
| #include <limits.h>
| #undef pathconf
| 
| /* Override any GCC internal prototype to avoid an error.
|    Use char because int might match the return type of a GCC
|    builtin and then its argument prototype would still apply.  */
| #ifdef __cplusplus
| extern "C"
| #endif
| char pathconf (void);
| /* The GNU C library defines this for functions which it implements
|     to always fail with ENOSYS.  Some functions are actually named
|     something starting with __ and the normal name is an alias.  */
| #if defined __stub_pathconf || defined __stub___pathconf
| choke me
| #endif
| 
| int
| main (void)
| {
| return pathconf ();
|   ;
|   return 0;
| }
configure:9804: result: no
configure:9804: checking for btowc
configure:9804: /home/clang+llvm-16.0.4-x86_64-linux-gnu-ubuntu-22.04/bin/clang-16 -pthread --target=wasm32-unknown-wasi --sysroot /home/lind-wasm/glibc/sysroot -Wl,--import-memory,--export-memory,--max-memory=67108864,--export=__stack_pointer -g -O0 -o conftest -g -O2   conftest.c  >&5
In file included from conftest.c:84:
In file included from /home/clang+llvm-16.0.4-x86_64-linux-gnu-ubuntu-22.04/lib/clang/16/include/limits.h:21:
In file included from /home/lind-wasm/glibc/sysroot/include/wasm32-wasi/limits.h:195:
In file included from /home/lind-wasm/glibc/sysroot/include/wasm32-wasi/bits/posix1_lim.h:161:
/home/lind-wasm/glibc/sysroot/include/wasm32-wasi/bits/local_lim.h:38:10: fatal error: 'linux/limits.h' file not found
#include <linux/limits.h>
         ^~~~~~~~~~~~~~~~
1 error generated.
configure:9804: $? = 1
configure: failed program was:
| /* confdefs.h */
| #define PACKAGE_NAME "GNU coreutils"
| #define PACKAGE_TARNAME "coreutils"
| #define PACKAGE_VERSION "9.3"
| #define PACKAGE_STRING "GNU coreutils 9.3"
| #define PACKAGE_BUGREPORT "bug-coreutils@gnu.org"
| #define PACKAGE_URL "https://www.gnu.org/software/coreutils/"
| #define PACKAGE "coreutils"
| #define VERSION "9.3"
| #define HAVE_STDIO_H 1
| #define HAVE_STDLIB_H 1
| #define HAVE_STRING_H 1
| #define HAVE_INTTYPES_H 1
| #define HAVE_STDINT_H 1
| #define HAVE_STRINGS_H 1
| #define HAVE_SYS_STAT_H 1
| #define HAVE_SYS_TYPES_H 1
| #define HAVE_UNISTD_H 1
| #define HAVE_WCHAR_H 1
| #define HAVE_FEATURES_H 1
| #define HAVE_ERROR_H 1
| #define HAVE_FNMATCH_H 1
| #define HAVE_STDIO_EXT_H 1
| #define HAVE_SYS_VFS_H 1
| #define HAVE_GETOPT_H 1
| #define HAVE_SYS_CDEFS_H 1
| #define HAVE_TERMIOS_H 1
| #define HAVE_SYS_TIME_H 1
| #define HAVE_GRP_H 1
| #define HAVE_THREADS_H 1
| #define HAVE_ICONV_H 1
| #define HAVE_WCTYPE_H 1
| #define HAVE_LANGINFO_H 1
| #define HAVE_MATH_H 1
| #define HAVE_SYS_MMAN_H 1
| #define HAVE_SYS_STATVFS_H 1
| #define HAVE_SYS_SELECT_H 1
| #define HAVE_PTHREAD_H 1
| #define HAVE_UTMP_H 1
| #define HAVE_UTMPX_H 1
| #define HAVE_MALLOC_H 1
| #define HAVE_STDBOOL_H 1
| #define HAVE_SYS_IOCTL_H 1
| #define HAVE_SYS_RANDOM_H 1
| #define HAVE_SYS_RESOURCE_H 1
| #define HAVE_SYS_UIO_H 1
| #define HAVE_SYS_UTSNAME_H 1
| #define HAVE_SYS_WAIT_H 1
| #define HAVE_UTIME_H 1
| #define HAVE_SEMAPHORE_H 1
| #define HAVE_LINUX_FALLOC_H 1
| #define HAVE_PATHS_H 1
| #define HAVE_SYS_MTIO_H 1
| #define HAVE_SYSLOG_H 1
| #define HAVE_PWD_H 1
| #define STDC_HEADERS 1
| #define _ALL_SOURCE 1
| #define _DARWIN_C_SOURCE 1
| #define _GNU_SOURCE 1
| #define _HPUX_ALT_XOPEN_SOCKET_API 1
| #define _NETBSD_SOURCE 1
| #define _OPENBSD_SOURCE 1
| #define _POSIX_PTHREAD_SEMANTICS 1
| #define __STDC_WANT_IEC_60559_ATTRIBS_EXT__ 1
| #define __STDC_WANT_IEC_60559_BFP_EXT__ 1
| #define __STDC_WANT_IEC_60559_DFP_EXT__ 1
| #define __STDC_WANT_IEC_60559_EXT__ 1
| #define __STDC_WANT_IEC_60559_FUNCS_EXT__ 1
| #define __STDC_WANT_IEC_60559_TYPES_EXT__ 1
| #define __STDC_WANT_LIB_EXT2__ 1
| #define __STDC_WANT_MATH_SPEC_FUNCS__ 1
| #define _TANDEM_SOURCE 1
| #define __EXTENSIONS__ 1
| #define _FILE_OFFSET_BITS 64
| #define _TIME_BITS 64
| /* end confdefs.h.  */
| /* Define btowc to an innocuous variant, in case <limits.h> declares btowc.
|    For example, HP-UX 11i <limits.h> declares gettimeofday.  */
| #define btowc innocuous_btowc
| 
| /* System header to define __stub macros and hopefully few prototypes,
|    which can conflict with char btowc (void); below.  */
| 
| #include <limits.h>
| #undef btowc
| 
| /* Override any GCC internal prototype to avoid an error.
|    Use char because int might match the return type of a GCC
|    builtin and then its argument prototype would still apply.  */
| #ifdef __cplusplus
| extern "C"
| #endif
| char btowc (void);
| /* The GNU C library defines this for functions which it implements
|     to always fail with ENOSYS.  Some functions are actually named
|     something starting with __ and the normal name is an alias.  */
| #if defined __stub_btowc || defined __stub___btowc
| choke me
| #endif
| 
| int
| main (void)
| {
| return btowc ();
|   ;
|   return 0;
| }
configure:9804: result: no
configure:9804: checking for mbrtowc
configure:9804: /home/clang+llvm-16.0.4-x86_64-linux-gnu-ubuntu-22.04/bin/clang-16 -pthread --target=wasm32-unknown-wasi --sysroot /home/lind-wasm/glibc/sysroot -Wl,--import-memory,--export-memory,--max-memory=67108864,--export=__stack_pointer -g -O0 -o conftest -g -O2   conftest.c  >&5
In file included from conftest.c:84:
In file included from /home/clang+llvm-16.0.4-x86_64-linux-gnu-ubuntu-22.04/lib/clang/16/include/limits.h:21:
In file included from /home/lind-wasm/glibc/sysroot/include/wasm32-wasi/limits.h:195:
In file included from /home/lind-wasm/glibc/sysroot/include/wasm32-wasi/bits/posix1_lim.h:161:
/home/lind-wasm/glibc/sysroot/include/wasm32-wasi/bits/local_lim.h:38:10: fatal error: 'linux/limits.h' file not found
#include <linux/limits.h>
         ^~~~~~~~~~~~~~~~
1 error generated.
configure:9804: $? = 1
configure: failed program was:
| /* confdefs.h */
| #define PACKAGE_NAME "GNU coreutils"
| #define PACKAGE_TARNAME "coreutils"
| #define PACKAGE_VERSION "9.3"
| #define PACKAGE_STRING "GNU coreutils 9.3"
| #define PACKAGE_BUGREPORT "bug-coreutils@gnu.org"
| #define PACKAGE_URL "https://www.gnu.org/software/coreutils/"
| #define PACKAGE "coreutils"
| #define VERSION "9.3"
| #define HAVE_STDIO_H 1
| #define HAVE_STDLIB_H 1
| #define HAVE_STRING_H 1
| #define HAVE_INTTYPES_H 1
| #define HAVE_STDINT_H 1
| #define HAVE_STRINGS_H 1
| #define HAVE_SYS_STAT_H 1
| #define HAVE_SYS_TYPES_H 1
| #define HAVE_UNISTD_H 1
| #define HAVE_WCHAR_H 1
| #define HAVE_FEATURES_H 1
| #define HAVE_ERROR_H 1
| #define HAVE_FNMATCH_H 1
| #define HAVE_STDIO_EXT_H 1
| #define HAVE_SYS_VFS_H 1
| #define HAVE_GETOPT_H 1
| #define HAVE_SYS_CDEFS_H 1
| #define HAVE_TERMIOS_H 1
| #define HAVE_SYS_TIME_H 1
| #define HAVE_GRP_H 1
| #define HAVE_THREADS_H 1
| #define HAVE_ICONV_H 1
| #define HAVE_WCTYPE_H 1
| #define HAVE_LANGINFO_H 1
| #define HAVE_MATH_H 1
| #define HAVE_SYS_MMAN_H 1
| #define HAVE_SYS_STATVFS_H 1
| #define HAVE_SYS_SELECT_H 1
| #define HAVE_PTHREAD_H 1
| #define HAVE_UTMP_H 1
| #define HAVE_UTMPX_H 1
| #define HAVE_MALLOC_H 1
| #define HAVE_STDBOOL_H 1
| #define HAVE_SYS_IOCTL_H 1
| #define HAVE_SYS_RANDOM_H 1
| #define HAVE_SYS_RESOURCE_H 1
| #define HAVE_SYS_UIO_H 1
| #define HAVE_SYS_UTSNAME_H 1
| #define HAVE_SYS_WAIT_H 1
| #define HAVE_UTIME_H 1
| #define HAVE_SEMAPHORE_H 1
| #define HAVE_LINUX_FALLOC_H 1
| #define HAVE_PATHS_H 1
| #define HAVE_SYS_MTIO_H 1
| #define HAVE_SYSLOG_H 1
| #define HAVE_PWD_H 1
| #define STDC_HEADERS 1
| #define _ALL_SOURCE 1
| #define _DARWIN_C_SOURCE 1
| #define _GNU_SOURCE 1
| #define _HPUX_ALT_XOPEN_SOCKET_API 1
| #define _NETBSD_SOURCE 1
| #define _OPENBSD_SOURCE 1
| #define _POSIX_PTHREAD_SEMANTICS 1
| #define __STDC_WANT_IEC_60559_ATTRIBS_EXT__ 1
| #define __STDC_WANT_IEC_60559_BFP_EXT__ 1
| #define __STDC_WANT_IEC_60559_DFP_EXT__ 1
| #define __STDC_WANT_IEC_60559_EXT__ 1
| #define __STDC_WANT_IEC_60559_FUNCS_EXT__ 1
| #define __STDC_WANT_IEC_60559_TYPES_EXT__ 1
| #define __STDC_WANT_LIB_EXT2__ 1
| #define __STDC_WANT_MATH_SPEC_FUNCS__ 1
| #define _TANDEM_SOURCE 1
| #define __EXTENSIONS__ 1
| #define _FILE_OFFSET_BITS 64
| #define _TIME_BITS 64
| /* end confdefs.h.  */
| /* Define mbrtowc to an innocuous variant, in case <limits.h> declares mbrtowc.
|    For example, HP-UX 11i <limits.h> declares gettimeofday.  */
| #define mbrtowc innocuous_mbrtowc
| 
| /* System header to define __stub macros and hopefully few prototypes,
|    which can conflict with char mbrtowc (void); below.  */
| 
| #include <limits.h>
| #undef mbrtowc
| 
| /* Override any GCC internal prototype to avoid an error.
|    Use char because int might match the return type of a GCC
|    builtin and then its argument prototype would still apply.  */
| #ifdef __cplusplus
| extern "C"
| #endif
| char mbrtowc (void);
| /* The GNU C library defines this for functions which it implements
|     to always fail with ENOSYS.  Some functions are actually named
|     something starting with __ and the normal name is an alias.  */
| #if defined __stub_mbrtowc || defined __stub___mbrtowc
| choke me
| #endif
| 
| int
| main (void)
| {
| return mbrtowc ();
|   ;
|   return 0;
| }
configure:9804: result: no
configure:9804: checking for canonicalize_file_name
configure:9804: /home/clang+llvm-16.0.4-x86_64-linux-gnu-ubuntu-22.04/bin/clang-16 -pthread --target=wasm32-unknown-wasi --sysroot /home/lind-wasm/glibc/sysroot -Wl,--import-memory,--export-memory,--max-memory=67108864,--export=__stack_pointer -g -O0 -o conftest -g -O2   conftest.c  >&5
In file included from conftest.c:84:
In file included from /home/clang+llvm-16.0.4-x86_64-linux-gnu-ubuntu-22.04/lib/clang/16/include/limits.h:21:
In file included from /home/lind-wasm/glibc/sysroot/include/wasm32-wasi/limits.h:195:
In file included from /home/lind-wasm/glibc/sysroot/include/wasm32-wasi/bits/posix1_lim.h:161:
/home/lind-wasm/glibc/sysroot/include/wasm32-wasi/bits/local_lim.h:38:10: fatal error: 'linux/limits.h' file not found
#include <linux/limits.h>
         ^~~~~~~~~~~~~~~~
1 error generated.
configure:9804: $? = 1
configure: failed program was:
| /* confdefs.h */
| #define PACKAGE_NAME "GNU coreutils"
| #define PACKAGE_TARNAME "coreutils"
| #define PACKAGE_VERSION "9.3"
| #define PACKAGE_STRING "GNU coreutils 9.3"
| #define PACKAGE_BUGREPORT "bug-coreutils@gnu.org"
| #define PACKAGE_URL "https://www.gnu.org/software/coreutils/"
| #define PACKAGE "coreutils"
| #define VERSION "9.3"
| #define HAVE_STDIO_H 1
| #define HAVE_STDLIB_H 1
| #define HAVE_STRING_H 1
| #define HAVE_INTTYPES_H 1
| #define HAVE_STDINT_H 1
| #define HAVE_STRINGS_H 1
| #define HAVE_SYS_STAT_H 1
| #define HAVE_SYS_TYPES_H 1
| #define HAVE_UNISTD_H 1
| #define HAVE_WCHAR_H 1
| #define HAVE_FEATURES_H 1
| #define HAVE_ERROR_H 1
| #define HAVE_FNMATCH_H 1
| #define HAVE_STDIO_EXT_H 1
| #define HAVE_SYS_VFS_H 1
| #define HAVE_GETOPT_H 1
| #define HAVE_SYS_CDEFS_H 1
| #define HAVE_TERMIOS_H 1
| #define HAVE_SYS_TIME_H 1
| #define HAVE_GRP_H 1
| #define HAVE_THREADS_H 1
| #define HAVE_ICONV_H 1
| #define HAVE_WCTYPE_H 1
| #define HAVE_LANGINFO_H 1
| #define HAVE_MATH_H 1
| #define HAVE_SYS_MMAN_H 1
| #define HAVE_SYS_STATVFS_H 1
| #define HAVE_SYS_SELECT_H 1
| #define HAVE_PTHREAD_H 1
| #define HAVE_UTMP_H 1
| #define HAVE_UTMPX_H 1
| #define HAVE_MALLOC_H 1
| #define HAVE_STDBOOL_H 1
| #define HAVE_SYS_IOCTL_H 1
| #define HAVE_SYS_RANDOM_H 1
| #define HAVE_SYS_RESOURCE_H 1
| #define HAVE_SYS_UIO_H 1
| #define HAVE_SYS_UTSNAME_H 1
| #define HAVE_SYS_WAIT_H 1
| #define HAVE_UTIME_H 1
| #define HAVE_SEMAPHORE_H 1
| #define HAVE_LINUX_FALLOC_H 1
| #define HAVE_PATHS_H 1
| #define HAVE_SYS_MTIO_H 1
| #define HAVE_SYSLOG_H 1
| #define HAVE_PWD_H 1
| #define STDC_HEADERS 1
| #define _ALL_SOURCE 1
| #define _DARWIN_C_SOURCE 1
| #define _GNU_SOURCE 1
| #define _HPUX_ALT_XOPEN_SOCKET_API 1
| #define _NETBSD_SOURCE 1
| #define _OPENBSD_SOURCE 1
| #define _POSIX_PTHREAD_SEMANTICS 1
| #define __STDC_WANT_IEC_60559_ATTRIBS_EXT__ 1
| #define __STDC_WANT_IEC_60559_BFP_EXT__ 1
| #define __STDC_WANT_IEC_60559_DFP_EXT__ 1
| #define __STDC_WANT_IEC_60559_EXT__ 1
| #define __STDC_WANT_IEC_60559_FUNCS_EXT__ 1
| #define __STDC_WANT_IEC_60559_TYPES_EXT__ 1
| #define __STDC_WANT_LIB_EXT2__ 1
| #define __STDC_WANT_MATH_SPEC_FUNCS__ 1
| #define _TANDEM_SOURCE 1
| #define __EXTENSIONS__ 1
| #define _FILE_OFFSET_BITS 64
| #define _TIME_BITS 64
| /* end confdefs.h.  */
| /* Define canonicalize_file_name to an innocuous variant, in case <limits.h> declares canonicalize_file_name.
|    For example, HP-UX 11i <limits.h> declares gettimeofday.  */
| #define canonicalize_file_name innocuous_canonicalize_file_name
| 
| /* System header to define __stub macros and hopefully few prototypes,
|    which can conflict with char canonicalize_file_name (void); below.  */
| 
| #include <limits.h>
| #undef canonicalize_file_name
| 
| /* Override any GCC internal prototype to avoid an error.
|    Use char because int might match the return type of a GCC
|    builtin and then its argument prototype would still apply.  */
| #ifdef __cplusplus
| extern "C"
| #endif
| char canonicalize_file_name (void);
| /* The GNU C library defines this for functions which it implements
|     to always fail with ENOSYS.  Some functions are actually named
|     something starting with __ and the normal name is an alias.  */
| #if defined __stub_canonicalize_file_name || defined __stub___canonicalize_file_name
| choke me
| #endif
| 
| int
| main (void)
| {
| return canonicalize_file_name ();
|   ;
|   return 0;
| }
configure:9804: result: no
configure:9804: checking for realpath
configure:9804: /home/clang+llvm-16.0.4-x86_64-linux-gnu-ubuntu-22.04/bin/clang-16 -pthread --target=wasm32-unknown-wasi --sysroot /home/lind-wasm/glibc/sysroot -Wl,--import-memory,--export-memory,--max-memory=67108864,--export=__stack_pointer -g -O0 -o conftest -g -O2   conftest.c  >&5
In file included from conftest.c:84:
In file included from /home/clang+llvm-16.0.4-x86_64-linux-gnu-ubuntu-22.04/lib/clang/16/include/limits.h:21:
In file included from /home/lind-wasm/glibc/sysroot/include/wasm32-wasi/limits.h:195:
In file included from /home/lind-wasm/glibc/sysroot/include/wasm32-wasi/bits/posix1_lim.h:161:
/home/lind-wasm/glibc/sysroot/include/wasm32-wasi/bits/local_lim.h:38:10: fatal error: 'linux/limits.h' file not found
#include <linux/limits.h>
         ^~~~~~~~~~~~~~~~
1 error generated.
configure:9804: $? = 1
configure: failed program was:
| /* confdefs.h */
| #define PACKAGE_NAME "GNU coreutils"
| #define PACKAGE_TARNAME "coreutils"
| #define PACKAGE_VERSION "9.3"
| #define PACKAGE_STRING "GNU coreutils 9.3"
| #define PACKAGE_BUGREPORT "bug-coreutils@gnu.org"
| #define PACKAGE_URL "https://www.gnu.org/software/coreutils/"
| #define PACKAGE "coreutils"
| #define VERSION "9.3"
| #define HAVE_STDIO_H 1
| #define HAVE_STDLIB_H 1
| #define HAVE_STRING_H 1
| #define HAVE_INTTYPES_H 1
| #define HAVE_STDINT_H 1
| #define HAVE_STRINGS_H 1
| #define HAVE_SYS_STAT_H 1
| #define HAVE_SYS_TYPES_H 1
| #define HAVE_UNISTD_H 1
| #define HAVE_WCHAR_H 1
| #define HAVE_FEATURES_H 1
| #define HAVE_ERROR_H 1
| #define HAVE_FNMATCH_H 1
| #define HAVE_STDIO_EXT_H 1
| #define HAVE_SYS_VFS_H 1
| #define HAVE_GETOPT_H 1
| #define HAVE_SYS_CDEFS_H 1
| #define HAVE_TERMIOS_H 1
| #define HAVE_SYS_TIME_H 1
| #define HAVE_GRP_H 1
| #define HAVE_THREADS_H 1
| #define HAVE_ICONV_H 1
| #define HAVE_WCTYPE_H 1
| #define HAVE_LANGINFO_H 1
| #define HAVE_MATH_H 1
| #define HAVE_SYS_MMAN_H 1
| #define HAVE_SYS_STATVFS_H 1
| #define HAVE_SYS_SELECT_H 1
| #define HAVE_PTHREAD_H 1
| #define HAVE_UTMP_H 1
| #define HAVE_UTMPX_H 1
| #define HAVE_MALLOC_H 1
| #define HAVE_STDBOOL_H 1
| #define HAVE_SYS_IOCTL_H 1
| #define HAVE_SYS_RANDOM_H 1
| #define HAVE_SYS_RESOURCE_H 1
| #define HAVE_SYS_UIO_H 1
| #define HAVE_SYS_UTSNAME_H 1
| #define HAVE_SYS_WAIT_H 1
| #define HAVE_UTIME_H 1
| #define HAVE_SEMAPHORE_H 1
| #define HAVE_LINUX_FALLOC_H 1
| #define HAVE_PATHS_H 1
| #define HAVE_SYS_MTIO_H 1
| #define HAVE_SYSLOG_H 1
| #define HAVE_PWD_H 1
| #define STDC_HEADERS 1
| #define _ALL_SOURCE 1
| #define _DARWIN_C_SOURCE 1
| #define _GNU_SOURCE 1
| #define _HPUX_ALT_XOPEN_SOCKET_API 1
| #define _NETBSD_SOURCE 1
| #define _OPENBSD_SOURCE 1
| #define _POSIX_PTHREAD_SEMANTICS 1
| #define __STDC_WANT_IEC_60559_ATTRIBS_EXT__ 1
| #define __STDC_WANT_IEC_60559_BFP_EXT__ 1
| #define __STDC_WANT_IEC_60559_DFP_EXT__ 1
| #define __STDC_WANT_IEC_60559_EXT__ 1
| #define __STDC_WANT_IEC_60559_FUNCS_EXT__ 1
| #define __STDC_WANT_IEC_60559_TYPES_EXT__ 1
| #define __STDC_WANT_LIB_EXT2__ 1
| #define __STDC_WANT_MATH_SPEC_FUNCS__ 1
| #define _TANDEM_SOURCE 1
| #define __EXTENSIONS__ 1
| #define _FILE_OFFSET_BITS 64
| #define _TIME_BITS 64
| /* end confdefs.h.  */
| /* Define realpath to an innocuous variant, in case <limits.h> declares realpath.
|    For example, HP-UX 11i <limits.h> declares gettimeofday.  */
| #define realpath innocuous_realpath
| 
| /* System header to define __stub macros and hopefully few prototypes,
|    which can conflict with char realpath (void); below.  */
| 
| #include <limits.h>
| #undef realpath
| 
| /* Override any GCC internal prototype to avoid an error.
|    Use char because int might match the return type of a GCC
|    builtin and then its argument prototype would still apply.  */
| #ifdef __cplusplus
| extern "C"
| #endif
| char realpath (void);
| /* The GNU C library defines this for functions which it implements
|     to always fail with ENOSYS.  Some functions are actually named
|     something starting with __ and the normal name is an alias.  */
| #if defined __stub_realpath || defined __stub___realpath
| choke me
| #endif
| 
| int
| main (void)
| {
| return realpath ();
|   ;
|   return 0;
| }
configure:9804: result: no
configure:9804: checking for lstat
configure:9804: /home/clang+llvm-16.0.4-x86_64-linux-gnu-ubuntu-22.04/bin/clang-16 -pthread --target=wasm32-unknown-wasi --sysroot /home/lind-wasm/glibc/sysroot -Wl,--import-memory,--export-memory,--max-memory=67108864,--export=__stack_pointer -g -O0 -o conftest -g -O2   conftest.c  >&5
In file included from conftest.c:84:
In file included from /home/clang+llvm-16.0.4-x86_64-linux-gnu-ubuntu-22.04/lib/clang/16/include/limits.h:21:
In file included from /home/lind-wasm/glibc/sysroot/include/wasm32-wasi/limits.h:195:
In file included from /home/lind-wasm/glibc/sysroot/include/wasm32-wasi/bits/posix1_lim.h:161:
/home/lind-wasm/glibc/sysroot/include/wasm32-wasi/bits/local_lim.h:38:10: fatal error: 'linux/limits.h' file not found
#include <linux/limits.h>
         ^~~~~~~~~~~~~~~~
1 error generated.
configure:9804: $? = 1
configure: failed program was:
| /* confdefs.h */
| #define PACKAGE_NAME "GNU coreutils"
| #define PACKAGE_TARNAME "coreutils"
| #define PACKAGE_VERSION "9.3"
| #define PACKAGE_STRING "GNU coreutils 9.3"
| #define PACKAGE_BUGREPORT "bug-coreutils@gnu.org"
| #define PACKAGE_URL "https://www.gnu.org/software/coreutils/"
| #define PACKAGE "coreutils"
| #define VERSION "9.3"
| #define HAVE_STDIO_H 1
| #define HAVE_STDLIB_H 1
| #define HAVE_STRING_H 1
| #define HAVE_INTTYPES_H 1
| #define HAVE_STDINT_H 1
| #define HAVE_STRINGS_H 1
| #define HAVE_SYS_STAT_H 1
| #define HAVE_SYS_TYPES_H 1
| #define HAVE_UNISTD_H 1
| #define HAVE_WCHAR_H 1
| #define HAVE_FEATURES_H 1
| #define HAVE_ERROR_H 1
| #define HAVE_FNMATCH_H 1
| #define HAVE_STDIO_EXT_H 1
| #define HAVE_SYS_VFS_H 1
| #define HAVE_GETOPT_H 1
| #define HAVE_SYS_CDEFS_H 1
| #define HAVE_TERMIOS_H 1
| #define HAVE_SYS_TIME_H 1
| #define HAVE_GRP_H 1
| #define HAVE_THREADS_H 1
| #define HAVE_ICONV_H 1
| #define HAVE_WCTYPE_H 1
| #define HAVE_LANGINFO_H 1
| #define HAVE_MATH_H 1
| #define HAVE_SYS_MMAN_H 1
| #define HAVE_SYS_STATVFS_H 1
| #define HAVE_SYS_SELECT_H 1
| #define HAVE_PTHREAD_H 1
| #define HAVE_UTMP_H 1
| #define HAVE_UTMPX_H 1
| #define HAVE_MALLOC_H 1
| #define HAVE_STDBOOL_H 1
| #define HAVE_SYS_IOCTL_H 1
| #define HAVE_SYS_RANDOM_H 1
| #define HAVE_SYS_RESOURCE_H 1
| #define HAVE_SYS_UIO_H 1
| #define HAVE_SYS_UTSNAME_H 1
| #define HAVE_SYS_WAIT_H 1
| #define HAVE_UTIME_H 1
| #define HAVE_SEMAPHORE_H 1
| #define HAVE_LINUX_FALLOC_H 1
| #define HAVE_PATHS_H 1
| #define HAVE_SYS_MTIO_H 1
| #define HAVE_SYSLOG_H 1
| #define HAVE_PWD_H 1
| #define STDC_HEADERS 1
| #define _ALL_SOURCE 1
| #define _DARWIN_C_SOURCE 1
| #define _GNU_SOURCE 1
| #define _HPUX_ALT_XOPEN_SOCKET_API 1
| #define _NETBSD_SOURCE 1
| #define _OPENBSD_SOURCE 1
| #define _POSIX_PTHREAD_SEMANTICS 1
| #define __STDC_WANT_IEC_60559_ATTRIBS_EXT__ 1
| #define __STDC_WANT_IEC_60559_BFP_EXT__ 1
| #define __STDC_WANT_IEC_60559_DFP_EXT__ 1
| #define __STDC_WANT_IEC_60559_EXT__ 1
| #define __STDC_WANT_IEC_60559_FUNCS_EXT__ 1
| #define __STDC_WANT_IEC_60559_TYPES_EXT__ 1
| #define __STDC_WANT_LIB_EXT2__ 1
| #define __STDC_WANT_MATH_SPEC_FUNCS__ 1
| #define _TANDEM_SOURCE 1
| #define __EXTENSIONS__ 1
| #define _FILE_OFFSET_BITS 64
| #define _TIME_BITS 64
| /* end confdefs.h.  */
| /* Define lstat to an innocuous variant, in case <limits.h> declares lstat.
|    For example, HP-UX 11i <limits.h> declares gettimeofday.  */
| #define lstat innocuous_lstat
| 
| /* System header to define __stub macros and hopefully few prototypes,
|    which can conflict with char lstat (void); below.  */
| 
| #include <limits.h>
| #undef lstat
| 
| /* Override any GCC internal prototype to avoid an error.
|    Use char because int might match the return type of a GCC
|    builtin and then its argument prototype would still apply.  */
| #ifdef __cplusplus
| extern "C"
| #endif
| char lstat (void);
| /* The GNU C library defines this for functions which it implements
|     to always fail with ENOSYS.  Some functions are actually named
|     something starting with __ and the normal name is an alias.  */
| #if defined __stub_lstat || defined __stub___lstat
| choke me
| #endif
| 
| int
| main (void)
| {
| return lstat ();
|   ;
|   return 0;
| }
configure:9804: result: no
configure:9804: checking for chown
configure:9804: /home/clang+llvm-16.0.4-x86_64-linux-gnu-ubuntu-22.04/bin/clang-16 -pthread --target=wasm32-unknown-wasi --sysroot /home/lind-wasm/glibc/sysroot -Wl,--import-memory,--export-memory,--max-memory=67108864,--export=__stack_pointer -g -O0 -o conftest -g -O2   conftest.c  >&5
In file included from conftest.c:84:
In file included from /home/clang+llvm-16.0.4-x86_64-linux-gnu-ubuntu-22.04/lib/clang/16/include/limits.h:21:
In file included from /home/lind-wasm/glibc/sysroot/include/wasm32-wasi/limits.h:195:
In file included from /home/lind-wasm/glibc/sysroot/include/wasm32-wasi/bits/posix1_lim.h:161:
/home/lind-wasm/glibc/sysroot/include/wasm32-wasi/bits/local_lim.h:38:10: fatal error: 'linux/limits.h' file not found
#include <linux/limits.h>
         ^~~~~~~~~~~~~~~~
1 error generated.
configure:9804: $? = 1
configure: failed program was:
| /* confdefs.h */
| #define PACKAGE_NAME "GNU coreutils"
| #define PACKAGE_TARNAME "coreutils"
| #define PACKAGE_VERSION "9.3"
| #define PACKAGE_STRING "GNU coreutils 9.3"
| #define PACKAGE_BUGREPORT "bug-coreutils@gnu.org"
| #define PACKAGE_URL "https://www.gnu.org/software/coreutils/"
| #define PACKAGE "coreutils"
| #define VERSION "9.3"
| #define HAVE_STDIO_H 1
| #define HAVE_STDLIB_H 1
| #define HAVE_STRING_H 1
| #define HAVE_INTTYPES_H 1
| #define HAVE_STDINT_H 1
| #define HAVE_STRINGS_H 1
| #define HAVE_SYS_STAT_H 1
| #define HAVE_SYS_TYPES_H 1
| #define HAVE_UNISTD_H 1
| #define HAVE_WCHAR_H 1
| #define HAVE_FEATURES_H 1
| #define HAVE_ERROR_H 1
| #define HAVE_FNMATCH_H 1
| #define HAVE_STDIO_EXT_H 1
| #define HAVE_SYS_VFS_H 1
| #define HAVE_GETOPT_H 1
| #define HAVE_SYS_CDEFS_H 1
| #define HAVE_TERMIOS_H 1
| #define HAVE_SYS_TIME_H 1
| #define HAVE_GRP_H 1
| #define HAVE_THREADS_H 1
| #define HAVE_ICONV_H 1
| #define HAVE_WCTYPE_H 1
| #define HAVE_LANGINFO_H 1
| #define HAVE_MATH_H 1
| #define HAVE_SYS_MMAN_H 1
| #define HAVE_SYS_STATVFS_H 1
| #define HAVE_SYS_SELECT_H 1
| #define HAVE_PTHREAD_H 1
| #define HAVE_UTMP_H 1
| #define HAVE_UTMPX_H 1
| #define HAVE_MALLOC_H 1
| #define HAVE_STDBOOL_H 1
| #define HAVE_SYS_IOCTL_H 1
| #define HAVE_SYS_RANDOM_H 1
| #define HAVE_SYS_RESOURCE_H 1
| #define HAVE_SYS_UIO_H 1
| #define HAVE_SYS_UTSNAME_H 1
| #define HAVE_SYS_WAIT_H 1
| #define HAVE_UTIME_H 1
| #define HAVE_SEMAPHORE_H 1
| #define HAVE_LINUX_FALLOC_H 1
| #define HAVE_PATHS_H 1
| #define HAVE_SYS_MTIO_H 1
| #define HAVE_SYSLOG_H 1
| #define HAVE_PWD_H 1
| #define STDC_HEADERS 1
| #define _ALL_SOURCE 1
| #define _DARWIN_C_SOURCE 1
| #define _GNU_SOURCE 1
| #define _HPUX_ALT_XOPEN_SOCKET_API 1
| #define _NETBSD_SOURCE 1
| #define _OPENBSD_SOURCE 1
| #define _POSIX_PTHREAD_SEMANTICS 1
| #define __STDC_WANT_IEC_60559_ATTRIBS_EXT__ 1
| #define __STDC_WANT_IEC_60559_BFP_EXT__ 1
| #define __STDC_WANT_IEC_60559_DFP_EXT__ 1
| #define __STDC_WANT_IEC_60559_EXT__ 1
| #define __STDC_WANT_IEC_60559_FUNCS_EXT__ 1
| #define __STDC_WANT_IEC_60559_TYPES_EXT__ 1
| #define __STDC_WANT_LIB_EXT2__ 1
| #define __STDC_WANT_MATH_SPEC_FUNCS__ 1
| #define _TANDEM_SOURCE 1
| #define __EXTENSIONS__ 1
| #define _FILE_OFFSET_BITS 64
| #define _TIME_BITS 64
| /* end confdefs.h.  */
| /* Define chown to an innocuous variant, in case <limits.h> declares chown.
|    For example, HP-UX 11i <limits.h> declares gettimeofday.  */
| #define chown innocuous_chown
| 
| /* System header to define __stub macros and hopefully few prototypes,
|    which can conflict with char chown (void); below.  */
| 
| #include <limits.h>
| #undef chown
| 
| /* Override any GCC internal prototype to avoid an error.
|    Use char because int might match the return type of a GCC
|    builtin and then its argument prototype would still apply.  */
| #ifdef __cplusplus
| extern "C"
| #endif
| char chown (void);
| /* The GNU C library defines this for functions which it implements
|     to always fail with ENOSYS.  Some functions are actually named
|     something starting with __ and the normal name is an alias.  */
| #if defined __stub_chown || defined __stub___chown
| choke me
| #endif
| 
| int
| main (void)
| {
| return chown ();
|   ;
|   return 0;
| }
configure:9804: result: no
configure:9804: checking for fchown
configure:9804: /home/clang+llvm-16.0.4-x86_64-linux-gnu-ubuntu-22.04/bin/clang-16 -pthread --target=wasm32-unknown-wasi --sysroot /home/lind-wasm/glibc/sysroot -Wl,--import-memory,--export-memory,--max-memory=67108864,--export=__stack_pointer -g -O0 -o conftest -g -O2   conftest.c  >&5
In file included from conftest.c:84:
In file included from /home/clang+llvm-16.0.4-x86_64-linux-gnu-ubuntu-22.04/lib/clang/16/include/limits.h:21:
In file included from /home/lind-wasm/glibc/sysroot/include/wasm32-wasi/limits.h:195:
In file included from /home/lind-wasm/glibc/sysroot/include/wasm32-wasi/bits/posix1_lim.h:161:
/home/lind-wasm/glibc/sysroot/include/wasm32-wasi/bits/local_lim.h:38:10: fatal error: 'linux/limits.h' file not found
#include <linux/limits.h>
         ^~~~~~~~~~~~~~~~
1 error generated.
configure:9804: $? = 1
configure: failed program was:
| /* confdefs.h */
| #define PACKAGE_NAME "GNU coreutils"
| #define PACKAGE_TARNAME "coreutils"
| #define PACKAGE_VERSION "9.3"
| #define PACKAGE_STRING "GNU coreutils 9.3"
| #define PACKAGE_BUGREPORT "bug-coreutils@gnu.org"
| #define PACKAGE_URL "https://www.gnu.org/software/coreutils/"
| #define PACKAGE "coreutils"
| #define VERSION "9.3"
| #define HAVE_STDIO_H 1
| #define HAVE_STDLIB_H 1
| #define HAVE_STRING_H 1
| #define HAVE_INTTYPES_H 1
| #define HAVE_STDINT_H 1
| #define HAVE_STRINGS_H 1
| #define HAVE_SYS_STAT_H 1
| #define HAVE_SYS_TYPES_H 1
| #define HAVE_UNISTD_H 1
| #define HAVE_WCHAR_H 1
| #define HAVE_FEATURES_H 1
| #define HAVE_ERROR_H 1
| #define HAVE_FNMATCH_H 1
| #define HAVE_STDIO_EXT_H 1
| #define HAVE_SYS_VFS_H 1
| #define HAVE_GETOPT_H 1
| #define HAVE_SYS_CDEFS_H 1
| #define HAVE_TERMIOS_H 1
| #define HAVE_SYS_TIME_H 1
| #define HAVE_GRP_H 1
| #define HAVE_THREADS_H 1
| #define HAVE_ICONV_H 1
| #define HAVE_WCTYPE_H 1
| #define HAVE_LANGINFO_H 1
| #define HAVE_MATH_H 1
| #define HAVE_SYS_MMAN_H 1
| #define HAVE_SYS_STATVFS_H 1
| #define HAVE_SYS_SELECT_H 1
| #define HAVE_PTHREAD_H 1
| #define HAVE_UTMP_H 1
| #define HAVE_UTMPX_H 1
| #define HAVE_MALLOC_H 1
| #define HAVE_STDBOOL_H 1
| #define HAVE_SYS_IOCTL_H 1
| #define HAVE_SYS_RANDOM_H 1
| #define HAVE_SYS_RESOURCE_H 1
| #define HAVE_SYS_UIO_H 1
| #define HAVE_SYS_UTSNAME_H 1
| #define HAVE_SYS_WAIT_H 1
| #define HAVE_UTIME_H 1
| #define HAVE_SEMAPHORE_H 1
| #define HAVE_LINUX_FALLOC_H 1
| #define HAVE_PATHS_H 1
| #define HAVE_SYS_MTIO_H 1
| #define HAVE_SYSLOG_H 1
| #define HAVE_PWD_H 1
| #define STDC_HEADERS 1
| #define _ALL_SOURCE 1
| #define _DARWIN_C_SOURCE 1
| #define _GNU_SOURCE 1
| #define _HPUX_ALT_XOPEN_SOCKET_API 1
| #define _NETBSD_SOURCE 1
| #define _OPENBSD_SOURCE 1
| #define _POSIX_PTHREAD_SEMANTICS 1
| #define __STDC_WANT_IEC_60559_ATTRIBS_EXT__ 1
| #define __STDC_WANT_IEC_60559_BFP_EXT__ 1
| #define __STDC_WANT_IEC_60559_DFP_EXT__ 1
| #define __STDC_WANT_IEC_60559_EXT__ 1
| #define __STDC_WANT_IEC_60559_FUNCS_EXT__ 1
| #define __STDC_WANT_IEC_60559_TYPES_EXT__ 1
| #define __STDC_WANT_LIB_EXT2__ 1
| #define __STDC_WANT_MATH_SPEC_FUNCS__ 1
| #define _TANDEM_SOURCE 1
| #define __EXTENSIONS__ 1
| #define _FILE_OFFSET_BITS 64
| #define _TIME_BITS 64
| /* end confdefs.h.  */
| /* Define fchown to an innocuous variant, in case <limits.h> declares fchown.
|    For example, HP-UX 11i <limits.h> declares gettimeofday.  */
| #define fchown innocuous_fchown
| 
| /* System header to define __stub macros and hopefully few prototypes,
|    which can conflict with char fchown (void); below.  */
| 
| #include <limits.h>
| #undef fchown
| 
| /* Override any GCC internal prototype to avoid an error.
|    Use char because int might match the return type of a GCC
|    builtin and then its argument prototype would still apply.  */
| #ifdef __cplusplus
| extern "C"
| #endif
| char fchown (void);
| /* The GNU C library defines this for functions which it implements
|     to always fail with ENOSYS.  Some functions are actually named
|     something starting with __ and the normal name is an alias.  */
| #if defined __stub_fchown || defined __stub___fchown
| choke me
| #endif
| 
| int
| main (void)
| {
| return fchown ();
|   ;
|   return 0;
| }
configure:9804: result: no
configure:9804: checking for _set_invalid_parameter_handler
configure:9804: /home/clang+llvm-16.0.4-x86_64-linux-gnu-ubuntu-22.04/bin/clang-16 -pthread --target=wasm32-unknown-wasi --sysroot /home/lind-wasm/glibc/sysroot -Wl,--import-memory,--export-memory,--max-memory=67108864,--export=__stack_pointer -g -O0 -o conftest -g -O2   conftest.c  >&5
In file included from conftest.c:84:
In file included from /home/clang+llvm-16.0.4-x86_64-linux-gnu-ubuntu-22.04/lib/clang/16/include/limits.h:21:
In file included from /home/lind-wasm/glibc/sysroot/include/wasm32-wasi/limits.h:195:
In file included from /home/lind-wasm/glibc/sysroot/include/wasm32-wasi/bits/posix1_lim.h:161:
/home/lind-wasm/glibc/sysroot/include/wasm32-wasi/bits/local_lim.h:38:10: fatal error: 'linux/limits.h' file not found
#include <linux/limits.h>
         ^~~~~~~~~~~~~~~~
1 error generated.
configure:9804: $? = 1
configure: failed program was:
| /* confdefs.h */
| #define PACKAGE_NAME "GNU coreutils"
| #define PACKAGE_TARNAME "coreutils"
| #define PACKAGE_VERSION "9.3"
| #define PACKAGE_STRING "GNU coreutils 9.3"
| #define PACKAGE_BUGREPORT "bug-coreutils@gnu.org"
| #define PACKAGE_URL "https://www.gnu.org/software/coreutils/"
| #define PACKAGE "coreutils"
| #define VERSION "9.3"
| #define HAVE_STDIO_H 1
| #define HAVE_STDLIB_H 1
| #define HAVE_STRING_H 1
| #define HAVE_INTTYPES_H 1
| #define HAVE_STDINT_H 1
| #define HAVE_STRINGS_H 1
| #define HAVE_SYS_STAT_H 1
| #define HAVE_SYS_TYPES_H 1
| #define HAVE_UNISTD_H 1
| #define HAVE_WCHAR_H 1
| #define HAVE_FEATURES_H 1
| #define HAVE_ERROR_H 1
| #define HAVE_FNMATCH_H 1
| #define HAVE_STDIO_EXT_H 1
| #define HAVE_SYS_VFS_H 1
| #define HAVE_GETOPT_H 1
| #define HAVE_SYS_CDEFS_H 1
| #define HAVE_TERMIOS_H 1
| #define HAVE_SYS_TIME_H 1
| #define HAVE_GRP_H 1
| #define HAVE_THREADS_H 1
| #define HAVE_ICONV_H 1
| #define HAVE_WCTYPE_H 1
| #define HAVE_LANGINFO_H 1
| #define HAVE_MATH_H 1
| #define HAVE_SYS_MMAN_H 1
| #define HAVE_SYS_STATVFS_H 1
| #define HAVE_SYS_SELECT_H 1
| #define HAVE_PTHREAD_H 1
| #define HAVE_UTMP_H 1
| #define HAVE_UTMPX_H 1
| #define HAVE_MALLOC_H 1
| #define HAVE_STDBOOL_H 1
| #define HAVE_SYS_IOCTL_H 1
| #define HAVE_SYS_RANDOM_H 1
| #define HAVE_SYS_RESOURCE_H 1
| #define HAVE_SYS_UIO_H 1
| #define HAVE_SYS_UTSNAME_H 1
| #define HAVE_SYS_WAIT_H 1
| #define HAVE_UTIME_H 1
| #define HAVE_SEMAPHORE_H 1
| #define HAVE_LINUX_FALLOC_H 1
| #define HAVE_PATHS_H 1
| #define HAVE_SYS_MTIO_H 1
| #define HAVE_SYSLOG_H 1
| #define HAVE_PWD_H 1
| #define STDC_HEADERS 1
| #define _ALL_SOURCE 1
| #define _DARWIN_C_SOURCE 1
| #define _GNU_SOURCE 1
| #define _HPUX_ALT_XOPEN_SOCKET_API 1
| #define _NETBSD_SOURCE 1
| #define _OPENBSD_SOURCE 1
| #define _POSIX_PTHREAD_SEMANTICS 1
| #define __STDC_WANT_IEC_60559_ATTRIBS_EXT__ 1
| #define __STDC_WANT_IEC_60559_BFP_EXT__ 1
| #define __STDC_WANT_IEC_60559_DFP_EXT__ 1
| #define __STDC_WANT_IEC_60559_EXT__ 1
| #define __STDC_WANT_IEC_60559_FUNCS_EXT__ 1
| #define __STDC_WANT_IEC_60559_TYPES_EXT__ 1
| #define __STDC_WANT_LIB_EXT2__ 1
| #define __STDC_WANT_MATH_SPEC_FUNCS__ 1
| #define _TANDEM_SOURCE 1
| #define __EXTENSIONS__ 1
| #define _FILE_OFFSET_BITS 64
| #define _TIME_BITS 64
| /* end confdefs.h.  */
| /* Define _set_invalid_parameter_handler to an innocuous variant, in case <limits.h> declares _set_invalid_parameter_handler.
|    For example, HP-UX 11i <limits.h> declares gettimeofday.  */
| #define _set_invalid_parameter_handler innocuous__set_invalid_parameter_handler
| 
| /* System header to define __stub macros and hopefully few prototypes,
|    which can conflict with char _set_invalid_parameter_handler (void); below.  */
| 
| #include <limits.h>
| #undef _set_invalid_parameter_handler
| 
| /* Override any GCC internal prototype to avoid an error.
|    Use char because int might match the return type of a GCC
|    builtin and then its argument prototype would still apply.  */
| #ifdef __cplusplus
| extern "C"
| #endif
| char _set_invalid_parameter_handler (void);
| /* The GNU C library defines this for functions which it implements
|     to always fail with ENOSYS.  Some functions are actually named
|     something starting with __ and the normal name is an alias.  */
| #if defined __stub__set_invalid_parameter_handler || defined __stub____set_invalid_parameter_handler
| choke me
| #endif
| 
| int
| main (void)
| {
| return _set_invalid_parameter_handler ();
|   ;
|   return 0;
| }
configure:9804: result: no
configure:9804: checking for fchdir
configure:9804: /home/clang+llvm-16.0.4-x86_64-linux-gnu-ubuntu-22.04/bin/clang-16 -pthread --target=wasm32-unknown-wasi --sysroot /home/lind-wasm/glibc/sysroot -Wl,--import-memory,--export-memory,--max-memory=67108864,--export=__stack_pointer -g -O0 -o conftest -g -O2   conftest.c  >&5
In file included from conftest.c:84:
In file included from /home/clang+llvm-16.0.4-x86_64-linux-gnu-ubuntu-22.04/lib/clang/16/include/limits.h:21:
In file included from /home/lind-wasm/glibc/sysroot/include/wasm32-wasi/limits.h:195:
In file included from /home/lind-wasm/glibc/sysroot/include/wasm32-wasi/bits/posix1_lim.h:161:
/home/lind-wasm/glibc/sysroot/include/wasm32-wasi/bits/local_lim.h:38:10: fatal error: 'linux/limits.h' file not found
#include <linux/limits.h>
         ^~~~~~~~~~~~~~~~
1 error generated.
configure:9804: $? = 1
configure: failed program was:
| /* confdefs.h */
| #define PACKAGE_NAME "GNU coreutils"
| #define PACKAGE_TARNAME "coreutils"
| #define PACKAGE_VERSION "9.3"
| #define PACKAGE_STRING "GNU coreutils 9.3"
| #define PACKAGE_BUGREPORT "bug-coreutils@gnu.org"
| #define PACKAGE_URL "https://www.gnu.org/software/coreutils/"
| #define PACKAGE "coreutils"
| #define VERSION "9.3"
| #define HAVE_STDIO_H 1
| #define HAVE_STDLIB_H 1
| #define HAVE_STRING_H 1
| #define HAVE_INTTYPES_H 1
| #define HAVE_STDINT_H 1
| #define HAVE_STRINGS_H 1
| #define HAVE_SYS_STAT_H 1
| #define HAVE_SYS_TYPES_H 1
| #define HAVE_UNISTD_H 1
| #define HAVE_WCHAR_H 1
| #define HAVE_FEATURES_H 1
| #define HAVE_ERROR_H 1
| #define HAVE_FNMATCH_H 1
| #define HAVE_STDIO_EXT_H 1
| #define HAVE_SYS_VFS_H 1
| #define HAVE_GETOPT_H 1
| #define HAVE_SYS_CDEFS_H 1
| #define HAVE_TERMIOS_H 1
| #define HAVE_SYS_TIME_H 1
| #define HAVE_GRP_H 1
| #define HAVE_THREADS_H 1
| #define HAVE_ICONV_H 1
| #define HAVE_WCTYPE_H 1
| #define HAVE_LANGINFO_H 1
| #define HAVE_MATH_H 1
| #define HAVE_SYS_MMAN_H 1
| #define HAVE_SYS_STATVFS_H 1
| #define HAVE_SYS_SELECT_H 1
| #define HAVE_PTHREAD_H 1
| #define HAVE_UTMP_H 1
| #define HAVE_UTMPX_H 1
| #define HAVE_MALLOC_H 1
| #define HAVE_STDBOOL_H 1
| #define HAVE_SYS_IOCTL_H 1
| #define HAVE_SYS_RANDOM_H 1
| #define HAVE_SYS_RESOURCE_H 1
| #define HAVE_SYS_UIO_H 1
| #define HAVE_SYS_UTSNAME_H 1
| #define HAVE_SYS_WAIT_H 1
| #define HAVE_UTIME_H 1
| #define HAVE_SEMAPHORE_H 1
| #define HAVE_LINUX_FALLOC_H 1
| #define HAVE_PATHS_H 1
| #define HAVE_SYS_MTIO_H 1
| #define HAVE_SYSLOG_H 1
| #define HAVE_PWD_H 1
| #define STDC_HEADERS 1
| #define _ALL_SOURCE 1
| #define _DARWIN_C_SOURCE 1
| #define _GNU_SOURCE 1
| #define _HPUX_ALT_XOPEN_SOCKET_API 1
| #define _NETBSD_SOURCE 1
| #define _OPENBSD_SOURCE 1
| #define _POSIX_PTHREAD_SEMANTICS 1
| #define __STDC_WANT_IEC_60559_ATTRIBS_EXT__ 1
| #define __STDC_WANT_IEC_60559_BFP_EXT__ 1
| #define __STDC_WANT_IEC_60559_DFP_EXT__ 1
| #define __STDC_WANT_IEC_60559_EXT__ 1
| #define __STDC_WANT_IEC_60559_FUNCS_EXT__ 1
| #define __STDC_WANT_IEC_60559_TYPES_EXT__ 1
| #define __STDC_WANT_LIB_EXT2__ 1
| #define __STDC_WANT_MATH_SPEC_FUNCS__ 1
| #define _TANDEM_SOURCE 1
| #define __EXTENSIONS__ 1
| #define _FILE_OFFSET_BITS 64
| #define _TIME_BITS 64
| /* end confdefs.h.  */
| /* Define fchdir to an innocuous variant, in case <limits.h> declares fchdir.
|    For example, HP-UX 11i <limits.h> declares gettimeofday.  */
| #define fchdir innocuous_fchdir
| 
| /* System header to define __stub macros and hopefully few prototypes,
|    which can conflict with char fchdir (void); below.  */
| 
| #include <limits.h>
| #undef fchdir
| 
| /* Override any GCC internal prototype to avoid an error.
|    Use char because int might match the return type of a GCC
|    builtin and then its argument prototype would still apply.  */
| #ifdef __cplusplus
| extern "C"
| #endif
| char fchdir (void);
| /* The GNU C library defines this for functions which it implements
|     to always fail with ENOSYS.  Some functions are actually named
|     something starting with __ and the normal name is an alias.  */
| #if defined __stub_fchdir || defined __stub___fchdir
| choke me
| #endif
| 
| int
| main (void)
| {
| return fchdir ();
|   ;
|   return 0;
| }
configure:9804: result: no
configure:9804: checking for fdopendir
configure:9804: /home/clang+llvm-16.0.4-x86_64-linux-gnu-ubuntu-22.04/bin/clang-16 -pthread --target=wasm32-unknown-wasi --sysroot /home/lind-wasm/glibc/sysroot -Wl,--import-memory,--export-memory,--max-memory=67108864,--export=__stack_pointer -g -O0 -o conftest -g -O2   conftest.c  >&5
In file included from conftest.c:84:
In file included from /home/clang+llvm-16.0.4-x86_64-linux-gnu-ubuntu-22.04/lib/clang/16/include/limits.h:21:
In file included from /home/lind-wasm/glibc/sysroot/include/wasm32-wasi/limits.h:195:
In file included from /home/lind-wasm/glibc/sysroot/include/wasm32-wasi/bits/posix1_lim.h:161:
/home/lind-wasm/glibc/sysroot/include/wasm32-wasi/bits/local_lim.h:38:10: fatal error: 'linux/limits.h' file not found
#include <linux/limits.h>
         ^~~~~~~~~~~~~~~~
1 error generated.
configure:9804: $? = 1
configure: failed program was:
| /* confdefs.h */
| #define PACKAGE_NAME "GNU coreutils"
| #define PACKAGE_TARNAME "coreutils"
| #define PACKAGE_VERSION "9.3"
| #define PACKAGE_STRING "GNU coreutils 9.3"
| #define PACKAGE_BUGREPORT "bug-coreutils@gnu.org"
| #define PACKAGE_URL "https://www.gnu.org/software/coreutils/"
| #define PACKAGE "coreutils"
| #define VERSION "9.3"
| #define HAVE_STDIO_H 1
| #define HAVE_STDLIB_H 1
| #define HAVE_STRING_H 1
| #define HAVE_INTTYPES_H 1
| #define HAVE_STDINT_H 1
| #define HAVE_STRINGS_H 1
| #define HAVE_SYS_STAT_H 1
| #define HAVE_SYS_TYPES_H 1
| #define HAVE_UNISTD_H 1
| #define HAVE_WCHAR_H 1
| #define HAVE_FEATURES_H 1
| #define HAVE_ERROR_H 1
| #define HAVE_FNMATCH_H 1
| #define HAVE_STDIO_EXT_H 1
| #define HAVE_SYS_VFS_H 1
| #define HAVE_GETOPT_H 1
| #define HAVE_SYS_CDEFS_H 1
| #define HAVE_TERMIOS_H 1
| #define HAVE_SYS_TIME_H 1
| #define HAVE_GRP_H 1
| #define HAVE_THREADS_H 1
| #define HAVE_ICONV_H 1
| #define HAVE_WCTYPE_H 1
| #define HAVE_LANGINFO_H 1
| #define HAVE_MATH_H 1
| #define HAVE_SYS_MMAN_H 1
| #define HAVE_SYS_STATVFS_H 1
| #define HAVE_SYS_SELECT_H 1
| #define HAVE_PTHREAD_H 1
| #define HAVE_UTMP_H 1
| #define HAVE_UTMPX_H 1
| #define HAVE_MALLOC_H 1
| #define HAVE_STDBOOL_H 1
| #define HAVE_SYS_IOCTL_H 1
| #define HAVE_SYS_RANDOM_H 1
| #define HAVE_SYS_RESOURCE_H 1
| #define HAVE_SYS_UIO_H 1
| #define HAVE_SYS_UTSNAME_H 1
| #define HAVE_SYS_WAIT_H 1
| #define HAVE_UTIME_H 1
| #define HAVE_SEMAPHORE_H 1
| #define HAVE_LINUX_FALLOC_H 1
| #define HAVE_PATHS_H 1
| #define HAVE_SYS_MTIO_H 1
| #define HAVE_SYSLOG_H 1
| #define HAVE_PWD_H 1
| #define STDC_HEADERS 1
| #define _ALL_SOURCE 1
| #define _DARWIN_C_SOURCE 1
| #define _GNU_SOURCE 1
| #define _HPUX_ALT_XOPEN_SOCKET_API 1
| #define _NETBSD_SOURCE 1
| #define _OPENBSD_SOURCE 1
| #define _POSIX_PTHREAD_SEMANTICS 1
| #define __STDC_WANT_IEC_60559_ATTRIBS_EXT__ 1
| #define __STDC_WANT_IEC_60559_BFP_EXT__ 1
| #define __STDC_WANT_IEC_60559_DFP_EXT__ 1
| #define __STDC_WANT_IEC_60559_EXT__ 1
| #define __STDC_WANT_IEC_60559_FUNCS_EXT__ 1
| #define __STDC_WANT_IEC_60559_TYPES_EXT__ 1
| #define __STDC_WANT_LIB_EXT2__ 1
| #define __STDC_WANT_MATH_SPEC_FUNCS__ 1
| #define _TANDEM_SOURCE 1
| #define __EXTENSIONS__ 1
| #define _FILE_OFFSET_BITS 64
| #define _TIME_BITS 64
| /* end confdefs.h.  */
| /* Define fdopendir to an innocuous variant, in case <limits.h> declares fdopendir.
|    For example, HP-UX 11i <limits.h> declares gettimeofday.  */
| #define fdopendir innocuous_fdopendir
| 
| /* System header to define __stub macros and hopefully few prototypes,
|    which can conflict with char fdopendir (void); below.  */
| 
| #include <limits.h>
| #undef fdopendir
| 
| /* Override any GCC internal prototype to avoid an error.
|    Use char because int might match the return type of a GCC
|    builtin and then its argument prototype would still apply.  */
| #ifdef __cplusplus
| extern "C"
| #endif
| char fdopendir (void);
| /* The GNU C library defines this for functions which it implements
|     to always fail with ENOSYS.  Some functions are actually named
|     something starting with __ and the normal name is an alias.  */
| #if defined __stub_fdopendir || defined __stub___fdopendir
| choke me
| #endif
| 
| int
| main (void)
| {
| return fdopendir ();
|   ;
|   return 0;
| }
configure:9804: result: no
configure:9804: checking for explicit_bzero
configure:9804: /home/clang+llvm-16.0.4-x86_64-linux-gnu-ubuntu-22.04/bin/clang-16 -pthread --target=wasm32-unknown-wasi --sysroot /home/lind-wasm/glibc/sysroot -Wl,--import-memory,--export-memory,--max-memory=67108864,--export=__stack_pointer -g -O0 -o conftest -g -O2   conftest.c  >&5
In file included from conftest.c:84:
In file included from /home/clang+llvm-16.0.4-x86_64-linux-gnu-ubuntu-22.04/lib/clang/16/include/limits.h:21:
In file included from /home/lind-wasm/glibc/sysroot/include/wasm32-wasi/limits.h:195:
In file included from /home/lind-wasm/glibc/sysroot/include/wasm32-wasi/bits/posix1_lim.h:161:
/home/lind-wasm/glibc/sysroot/include/wasm32-wasi/bits/local_lim.h:38:10: fatal error: 'linux/limits.h' file not found
#include <linux/limits.h>
         ^~~~~~~~~~~~~~~~
1 error generated.
configure:9804: $? = 1
configure: failed program was:
| /* confdefs.h */
| #define PACKAGE_NAME "GNU coreutils"
| #define PACKAGE_TARNAME "coreutils"
| #define PACKAGE_VERSION "9.3"
| #define PACKAGE_STRING "GNU coreutils 9.3"
| #define PACKAGE_BUGREPORT "bug-coreutils@gnu.org"
| #define PACKAGE_URL "https://www.gnu.org/software/coreutils/"
| #define PACKAGE "coreutils"
| #define VERSION "9.3"
| #define HAVE_STDIO_H 1
| #define HAVE_STDLIB_H 1
| #define HAVE_STRING_H 1
| #define HAVE_INTTYPES_H 1
| #define HAVE_STDINT_H 1
| #define HAVE_STRINGS_H 1
| #define HAVE_SYS_STAT_H 1
| #define HAVE_SYS_TYPES_H 1
| #define HAVE_UNISTD_H 1
| #define HAVE_WCHAR_H 1
| #define HAVE_FEATURES_H 1
| #define HAVE_ERROR_H 1
| #define HAVE_FNMATCH_H 1
| #define HAVE_STDIO_EXT_H 1
| #define HAVE_SYS_VFS_H 1
| #define HAVE_GETOPT_H 1
| #define HAVE_SYS_CDEFS_H 1
| #define HAVE_TERMIOS_H 1
| #define HAVE_SYS_TIME_H 1
| #define HAVE_GRP_H 1
| #define HAVE_THREADS_H 1
| #define HAVE_ICONV_H 1
| #define HAVE_WCTYPE_H 1
| #define HAVE_LANGINFO_H 1
| #define HAVE_MATH_H 1
| #define HAVE_SYS_MMAN_H 1
| #define HAVE_SYS_STATVFS_H 1
| #define HAVE_SYS_SELECT_H 1
| #define HAVE_PTHREAD_H 1
| #define HAVE_UTMP_H 1
| #define HAVE_UTMPX_H 1
| #define HAVE_MALLOC_H 1
| #define HAVE_STDBOOL_H 1
| #define HAVE_SYS_IOCTL_H 1
| #define HAVE_SYS_RANDOM_H 1
| #define HAVE_SYS_RESOURCE_H 1
| #define HAVE_SYS_UIO_H 1
| #define HAVE_SYS_UTSNAME_H 1
| #define HAVE_SYS_WAIT_H 1
| #define HAVE_UTIME_H 1
| #define HAVE_SEMAPHORE_H 1
| #define HAVE_LINUX_FALLOC_H 1
| #define HAVE_PATHS_H 1
| #define HAVE_SYS_MTIO_H 1
| #define HAVE_SYSLOG_H 1
| #define HAVE_PWD_H 1
| #define STDC_HEADERS 1
| #define _ALL_SOURCE 1
| #define _DARWIN_C_SOURCE 1
| #define _GNU_SOURCE 1
| #define _HPUX_ALT_XOPEN_SOCKET_API 1
| #define _NETBSD_SOURCE 1
| #define _OPENBSD_SOURCE 1
| #define _POSIX_PTHREAD_SEMANTICS 1
| #define __STDC_WANT_IEC_60559_ATTRIBS_EXT__ 1
| #define __STDC_WANT_IEC_60559_BFP_EXT__ 1
| #define __STDC_WANT_IEC_60559_DFP_EXT__ 1
| #define __STDC_WANT_IEC_60559_EXT__ 1
| #define __STDC_WANT_IEC_60559_FUNCS_EXT__ 1
| #define __STDC_WANT_IEC_60559_TYPES_EXT__ 1
| #define __STDC_WANT_LIB_EXT2__ 1
| #define __STDC_WANT_MATH_SPEC_FUNCS__ 1
| #define _TANDEM_SOURCE 1
| #define __EXTENSIONS__ 1
| #define _FILE_OFFSET_BITS 64
| #define _TIME_BITS 64
| /* end confdefs.h.  */
| /* Define explicit_bzero to an innocuous variant, in case <limits.h> declares explicit_bzero.
|    For example, HP-UX 11i <limits.h> declares gettimeofday.  */
| #define explicit_bzero innocuous_explicit_bzero
| 
| /* System header to define __stub macros and hopefully few prototypes,
|    which can conflict with char explicit_bzero (void); below.  */
| 
| #include <limits.h>
| #undef explicit_bzero
| 
| /* Override any GCC internal prototype to avoid an error.
|    Use char because int might match the return type of a GCC
|    builtin and then its argument prototype would still apply.  */
| #ifdef __cplusplus
| extern "C"
| #endif
| char explicit_bzero (void);
| /* The GNU C library defines this for functions which it implements
|     to always fail with ENOSYS.  Some functions are actually named
|     something starting with __ and the normal name is an alias.  */
| #if defined __stub_explicit_bzero || defined __stub___explicit_bzero
| choke me
| #endif
| 
| int
| main (void)
| {
| return explicit_bzero ();
|   ;
|   return 0;
| }
configure:9804: result: no
configure:9804: checking for posix_fadvise
configure:9804: /home/clang+llvm-16.0.4-x86_64-linux-gnu-ubuntu-22.04/bin/clang-16 -pthread --target=wasm32-unknown-wasi --sysroot /home/lind-wasm/glibc/sysroot -Wl,--import-memory,--export-memory,--max-memory=67108864,--export=__stack_pointer -g -O0 -o conftest -g -O2   conftest.c  >&5
In file included from conftest.c:84:
In file included from /home/clang+llvm-16.0.4-x86_64-linux-gnu-ubuntu-22.04/lib/clang/16/include/limits.h:21:
In file included from /home/lind-wasm/glibc/sysroot/include/wasm32-wasi/limits.h:195:
In file included from /home/lind-wasm/glibc/sysroot/include/wasm32-wasi/bits/posix1_lim.h:161:
/home/lind-wasm/glibc/sysroot/include/wasm32-wasi/bits/local_lim.h:38:10: fatal error: 'linux/limits.h' file not found
#include <linux/limits.h>
         ^~~~~~~~~~~~~~~~
1 error generated.
configure:9804: $? = 1
configure: failed program was:
| /* confdefs.h */
| #define PACKAGE_NAME "GNU coreutils"
| #define PACKAGE_TARNAME "coreutils"
| #define PACKAGE_VERSION "9.3"
| #define PACKAGE_STRING "GNU coreutils 9.3"
| #define PACKAGE_BUGREPORT "bug-coreutils@gnu.org"
| #define PACKAGE_URL "https://www.gnu.org/software/coreutils/"
| #define PACKAGE "coreutils"
| #define VERSION "9.3"
| #define HAVE_STDIO_H 1
| #define HAVE_STDLIB_H 1
| #define HAVE_STRING_H 1
| #define HAVE_INTTYPES_H 1
| #define HAVE_STDINT_H 1
| #define HAVE_STRINGS_H 1
| #define HAVE_SYS_STAT_H 1
| #define HAVE_SYS_TYPES_H 1
| #define HAVE_UNISTD_H 1
| #define HAVE_WCHAR_H 1
| #define HAVE_FEATURES_H 1
| #define HAVE_ERROR_H 1
| #define HAVE_FNMATCH_H 1
| #define HAVE_STDIO_EXT_H 1
| #define HAVE_SYS_VFS_H 1
| #define HAVE_GETOPT_H 1
| #define HAVE_SYS_CDEFS_H 1
| #define HAVE_TERMIOS_H 1
| #define HAVE_SYS_TIME_H 1
| #define HAVE_GRP_H 1
| #define HAVE_THREADS_H 1
| #define HAVE_ICONV_H 1
| #define HAVE_WCTYPE_H 1
| #define HAVE_LANGINFO_H 1
| #define HAVE_MATH_H 1
| #define HAVE_SYS_MMAN_H 1
| #define HAVE_SYS_STATVFS_H 1
| #define HAVE_SYS_SELECT_H 1
| #define HAVE_PTHREAD_H 1
| #define HAVE_UTMP_H 1
| #define HAVE_UTMPX_H 1
| #define HAVE_MALLOC_H 1
| #define HAVE_STDBOOL_H 1
| #define HAVE_SYS_IOCTL_H 1
| #define HAVE_SYS_RANDOM_H 1
| #define HAVE_SYS_RESOURCE_H 1
| #define HAVE_SYS_UIO_H 1
| #define HAVE_SYS_UTSNAME_H 1
| #define HAVE_SYS_WAIT_H 1
| #define HAVE_UTIME_H 1
| #define HAVE_SEMAPHORE_H 1
| #define HAVE_LINUX_FALLOC_H 1
| #define HAVE_PATHS_H 1
| #define HAVE_SYS_MTIO_H 1
| #define HAVE_SYSLOG_H 1
| #define HAVE_PWD_H 1
| #define STDC_HEADERS 1
| #define _ALL_SOURCE 1
| #define _DARWIN_C_SOURCE 1
| #define _GNU_SOURCE 1
| #define _HPUX_ALT_XOPEN_SOCKET_API 1
| #define _NETBSD_SOURCE 1
| #define _OPENBSD_SOURCE 1
| #define _POSIX_PTHREAD_SEMANTICS 1
| #define __STDC_WANT_IEC_60559_ATTRIBS_EXT__ 1
| #define __STDC_WANT_IEC_60559_BFP_EXT__ 1
| #define __STDC_WANT_IEC_60559_DFP_EXT__ 1
| #define __STDC_WANT_IEC_60559_EXT__ 1
| #define __STDC_WANT_IEC_60559_FUNCS_EXT__ 1
| #define __STDC_WANT_IEC_60559_TYPES_EXT__ 1
| #define __STDC_WANT_LIB_EXT2__ 1
| #define __STDC_WANT_MATH_SPEC_FUNCS__ 1
| #define _TANDEM_SOURCE 1
| #define __EXTENSIONS__ 1
| #define _FILE_OFFSET_BITS 64
| #define _TIME_BITS 64
| /* end confdefs.h.  */
| /* Define posix_fadvise to an innocuous variant, in case <limits.h> declares posix_fadvise.
|    For example, HP-UX 11i <limits.h> declares gettimeofday.  */
| #define posix_fadvise innocuous_posix_fadvise
| 
| /* System header to define __stub macros and hopefully few prototypes,
|    which can conflict with char posix_fadvise (void); below.  */
| 
| #include <limits.h>
| #undef posix_fadvise
| 
| /* Override any GCC internal prototype to avoid an error.
|    Use char because int might match the return type of a GCC
|    builtin and then its argument prototype would still apply.  */
| #ifdef __cplusplus
| extern "C"
| #endif
| char posix_fadvise (void);
| /* The GNU C library defines this for functions which it implements
|     to always fail with ENOSYS.  Some functions are actually named
|     something starting with __ and the normal name is an alias.  */
| #if defined __stub_posix_fadvise || defined __stub___posix_fadvise
| choke me
| #endif
| 
| int
| main (void)
| {
| return posix_fadvise ();
|   ;
|   return 0;
| }
configure:9804: result: no
configure:9804: checking for fchmodat
configure:9804: /home/clang+llvm-16.0.4-x86_64-linux-gnu-ubuntu-22.04/bin/clang-16 -pthread --target=wasm32-unknown-wasi --sysroot /home/lind-wasm/glibc/sysroot -Wl,--import-memory,--export-memory,--max-memory=67108864,--export=__stack_pointer -g -O0 -o conftest -g -O2   conftest.c  >&5
In file included from conftest.c:84:
In file included from /home/clang+llvm-16.0.4-x86_64-linux-gnu-ubuntu-22.04/lib/clang/16/include/limits.h:21:
In file included from /home/lind-wasm/glibc/sysroot/include/wasm32-wasi/limits.h:195:
In file included from /home/lind-wasm/glibc/sysroot/include/wasm32-wasi/bits/posix1_lim.h:161:
/home/lind-wasm/glibc/sysroot/include/wasm32-wasi/bits/local_lim.h:38:10: fatal error: 'linux/limits.h' file not found
#include <linux/limits.h>
         ^~~~~~~~~~~~~~~~
1 error generated.
configure:9804: $? = 1
configure: failed program was:
| /* confdefs.h */
| #define PACKAGE_NAME "GNU coreutils"
| #define PACKAGE_TARNAME "coreutils"
| #define PACKAGE_VERSION "9.3"
| #define PACKAGE_STRING "GNU coreutils 9.3"
| #define PACKAGE_BUGREPORT "bug-coreutils@gnu.org"
| #define PACKAGE_URL "https://www.gnu.org/software/coreutils/"
| #define PACKAGE "coreutils"
| #define VERSION "9.3"
| #define HAVE_STDIO_H 1
| #define HAVE_STDLIB_H 1
| #define HAVE_STRING_H 1
| #define HAVE_INTTYPES_H 1
| #define HAVE_STDINT_H 1
| #define HAVE_STRINGS_H 1
| #define HAVE_SYS_STAT_H 1
| #define HAVE_SYS_TYPES_H 1
| #define HAVE_UNISTD_H 1
| #define HAVE_WCHAR_H 1
| #define HAVE_FEATURES_H 1
| #define HAVE_ERROR_H 1
| #define HAVE_FNMATCH_H 1
| #define HAVE_STDIO_EXT_H 1
| #define HAVE_SYS_VFS_H 1
| #define HAVE_GETOPT_H 1
| #define HAVE_SYS_CDEFS_H 1
| #define HAVE_TERMIOS_H 1
| #define HAVE_SYS_TIME_H 1
| #define HAVE_GRP_H 1
| #define HAVE_THREADS_H 1
| #define HAVE_ICONV_H 1
| #define HAVE_WCTYPE_H 1
| #define HAVE_LANGINFO_H 1
| #define HAVE_MATH_H 1
| #define HAVE_SYS_MMAN_H 1
| #define HAVE_SYS_STATVFS_H 1
| #define HAVE_SYS_SELECT_H 1
| #define HAVE_PTHREAD_H 1
| #define HAVE_UTMP_H 1
| #define HAVE_UTMPX_H 1
| #define HAVE_MALLOC_H 1
| #define HAVE_STDBOOL_H 1
| #define HAVE_SYS_IOCTL_H 1
| #define HAVE_SYS_RANDOM_H 1
| #define HAVE_SYS_RESOURCE_H 1
| #define HAVE_SYS_UIO_H 1
| #define HAVE_SYS_UTSNAME_H 1
| #define HAVE_SYS_WAIT_H 1
| #define HAVE_UTIME_H 1
| #define HAVE_SEMAPHORE_H 1
| #define HAVE_LINUX_FALLOC_H 1
| #define HAVE_PATHS_H 1
| #define HAVE_SYS_MTIO_H 1
| #define HAVE_SYSLOG_H 1
| #define HAVE_PWD_H 1
| #define STDC_HEADERS 1
| #define _ALL_SOURCE 1
| #define _DARWIN_C_SOURCE 1
| #define _GNU_SOURCE 1
| #define _HPUX_ALT_XOPEN_SOCKET_API 1
| #define _NETBSD_SOURCE 1
| #define _OPENBSD_SOURCE 1
| #define _POSIX_PTHREAD_SEMANTICS 1
| #define __STDC_WANT_IEC_60559_ATTRIBS_EXT__ 1
| #define __STDC_WANT_IEC_60559_BFP_EXT__ 1
| #define __STDC_WANT_IEC_60559_DFP_EXT__ 1
| #define __STDC_WANT_IEC_60559_EXT__ 1
| #define __STDC_WANT_IEC_60559_FUNCS_EXT__ 1
| #define __STDC_WANT_IEC_60559_TYPES_EXT__ 1
| #define __STDC_WANT_LIB_EXT2__ 1
| #define __STDC_WANT_MATH_SPEC_FUNCS__ 1
| #define _TANDEM_SOURCE 1
| #define __EXTENSIONS__ 1
| #define _FILE_OFFSET_BITS 64
| #define _TIME_BITS 64
| /* end confdefs.h.  */
| /* Define fchmodat to an innocuous variant, in case <limits.h> declares fchmodat.
|    For example, HP-UX 11i <limits.h> declares gettimeofday.  */
| #define fchmodat innocuous_fchmodat
| 
| /* System header to define __stub macros and hopefully few prototypes,
|    which can conflict with char fchmodat (void); below.  */
| 
| #include <limits.h>
| #undef fchmodat
| 
| /* Override any GCC internal prototype to avoid an error.
|    Use char because int might match the return type of a GCC
|    builtin and then its argument prototype would still apply.  */
| #ifdef __cplusplus
| extern "C"
| #endif
| char fchmodat (void);
| /* The GNU C library defines this for functions which it implements
|     to always fail with ENOSYS.  Some functions are actually named
|     something starting with __ and the normal name is an alias.  */
| #if defined __stub_fchmodat || defined __stub___fchmodat
| choke me
| #endif
| 
| int
| main (void)
| {
| return fchmodat ();
|   ;
|   return 0;
| }
configure:9804: result: no
configure:9804: checking for lchmod
configure:9804: /home/clang+llvm-16.0.4-x86_64-linux-gnu-ubuntu-22.04/bin/clang-16 -pthread --target=wasm32-unknown-wasi --sysroot /home/lind-wasm/glibc/sysroot -Wl,--import-memory,--export-memory,--max-memory=67108864,--export=__stack_pointer -g -O0 -o conftest -g -O2   conftest.c  >&5
In file included from conftest.c:84:
In file included from /home/clang+llvm-16.0.4-x86_64-linux-gnu-ubuntu-22.04/lib/clang/16/include/limits.h:21:
In file included from /home/lind-wasm/glibc/sysroot/include/wasm32-wasi/limits.h:195:
In file included from /home/lind-wasm/glibc/sysroot/include/wasm32-wasi/bits/posix1_lim.h:161:
/home/lind-wasm/glibc/sysroot/include/wasm32-wasi/bits/local_lim.h:38:10: fatal error: 'linux/limits.h' file not found
#include <linux/limits.h>
         ^~~~~~~~~~~~~~~~
1 error generated.
configure:9804: $? = 1
configure: failed program was:
| /* confdefs.h */
| #define PACKAGE_NAME "GNU coreutils"
| #define PACKAGE_TARNAME "coreutils"
| #define PACKAGE_VERSION "9.3"
| #define PACKAGE_STRING "GNU coreutils 9.3"
| #define PACKAGE_BUGREPORT "bug-coreutils@gnu.org"
| #define PACKAGE_URL "https://www.gnu.org/software/coreutils/"
| #define PACKAGE "coreutils"
| #define VERSION "9.3"
| #define HAVE_STDIO_H 1
| #define HAVE_STDLIB_H 1
| #define HAVE_STRING_H 1
| #define HAVE_INTTYPES_H 1
| #define HAVE_STDINT_H 1
| #define HAVE_STRINGS_H 1
| #define HAVE_SYS_STAT_H 1
| #define HAVE_SYS_TYPES_H 1
| #define HAVE_UNISTD_H 1
| #define HAVE_WCHAR_H 1
| #define HAVE_FEATURES_H 1
| #define HAVE_ERROR_H 1
| #define HAVE_FNMATCH_H 1
| #define HAVE_STDIO_EXT_H 1
| #define HAVE_SYS_VFS_H 1
| #define HAVE_GETOPT_H 1
| #define HAVE_SYS_CDEFS_H 1
| #define HAVE_TERMIOS_H 1
| #define HAVE_SYS_TIME_H 1
| #define HAVE_GRP_H 1
| #define HAVE_THREADS_H 1
| #define HAVE_ICONV_H 1
| #define HAVE_WCTYPE_H 1
| #define HAVE_LANGINFO_H 1
| #define HAVE_MATH_H 1
| #define HAVE_SYS_MMAN_H 1
| #define HAVE_SYS_STATVFS_H 1
| #define HAVE_SYS_SELECT_H 1
| #define HAVE_PTHREAD_H 1
| #define HAVE_UTMP_H 1
| #define HAVE_UTMPX_H 1
| #define HAVE_MALLOC_H 1
| #define HAVE_STDBOOL_H 1
| #define HAVE_SYS_IOCTL_H 1
| #define HAVE_SYS_RANDOM_H 1
| #define HAVE_SYS_RESOURCE_H 1
| #define HAVE_SYS_UIO_H 1
| #define HAVE_SYS_UTSNAME_H 1
| #define HAVE_SYS_WAIT_H 1
| #define HAVE_UTIME_H 1
| #define HAVE_SEMAPHORE_H 1
| #define HAVE_LINUX_FALLOC_H 1
| #define HAVE_PATHS_H 1
| #define HAVE_SYS_MTIO_H 1
| #define HAVE_SYSLOG_H 1
| #define HAVE_PWD_H 1
| #define STDC_HEADERS 1
| #define _ALL_SOURCE 1
| #define _DARWIN_C_SOURCE 1
| #define _GNU_SOURCE 1
| #define _HPUX_ALT_XOPEN_SOCKET_API 1
| #define _NETBSD_SOURCE 1
| #define _OPENBSD_SOURCE 1
| #define _POSIX_PTHREAD_SEMANTICS 1
| #define __STDC_WANT_IEC_60559_ATTRIBS_EXT__ 1
| #define __STDC_WANT_IEC_60559_BFP_EXT__ 1
| #define __STDC_WANT_IEC_60559_DFP_EXT__ 1
| #define __STDC_WANT_IEC_60559_EXT__ 1
| #define __STDC_WANT_IEC_60559_FUNCS_EXT__ 1
| #define __STDC_WANT_IEC_60559_TYPES_EXT__ 1
| #define __STDC_WANT_LIB_EXT2__ 1
| #define __STDC_WANT_MATH_SPEC_FUNCS__ 1
| #define _TANDEM_SOURCE 1
| #define __EXTENSIONS__ 1
| #define _FILE_OFFSET_BITS 64
| #define _TIME_BITS 64
| /* end confdefs.h.  */
| /* Define lchmod to an innocuous variant, in case <limits.h> declares lchmod.
|    For example, HP-UX 11i <limits.h> declares gettimeofday.  */
| #define lchmod innocuous_lchmod
| 
| /* System header to define __stub macros and hopefully few prototypes,
|    which can conflict with char lchmod (void); below.  */
| 
| #include <limits.h>
| #undef lchmod
| 
| /* Override any GCC internal prototype to avoid an error.
|    Use char because int might match the return type of a GCC
|    builtin and then its argument prototype would still apply.  */
| #ifdef __cplusplus
| extern "C"
| #endif
| char lchmod (void);
| /* The GNU C library defines this for functions which it implements
|     to always fail with ENOSYS.  Some functions are actually named
|     something starting with __ and the normal name is an alias.  */
| #if defined __stub_lchmod || defined __stub___lchmod
| choke me
| #endif
| 
| int
| main (void)
| {
| return lchmod ();
|   ;
|   return 0;
| }
configure:9804: result: no
configure:9804: checking for fcntl
configure:9804: /home/clang+llvm-16.0.4-x86_64-linux-gnu-ubuntu-22.04/bin/clang-16 -pthread --target=wasm32-unknown-wasi --sysroot /home/lind-wasm/glibc/sysroot -Wl,--import-memory,--export-memory,--max-memory=67108864,--export=__stack_pointer -g -O0 -o conftest -g -O2   conftest.c  >&5
In file included from conftest.c:84:
In file included from /home/clang+llvm-16.0.4-x86_64-linux-gnu-ubuntu-22.04/lib/clang/16/include/limits.h:21:
In file included from /home/lind-wasm/glibc/sysroot/include/wasm32-wasi/limits.h:195:
In file included from /home/lind-wasm/glibc/sysroot/include/wasm32-wasi/bits/posix1_lim.h:161:
/home/lind-wasm/glibc/sysroot/include/wasm32-wasi/bits/local_lim.h:38:10: fatal error: 'linux/limits.h' file not found
#include <linux/limits.h>
         ^~~~~~~~~~~~~~~~
1 error generated.
configure:9804: $? = 1
configure: failed program was:
| /* confdefs.h */
| #define PACKAGE_NAME "GNU coreutils"
| #define PACKAGE_TARNAME "coreutils"
| #define PACKAGE_VERSION "9.3"
| #define PACKAGE_STRING "GNU coreutils 9.3"
| #define PACKAGE_BUGREPORT "bug-coreutils@gnu.org"
| #define PACKAGE_URL "https://www.gnu.org/software/coreutils/"
| #define PACKAGE "coreutils"
| #define VERSION "9.3"
| #define HAVE_STDIO_H 1
| #define HAVE_STDLIB_H 1
| #define HAVE_STRING_H 1
| #define HAVE_INTTYPES_H 1
| #define HAVE_STDINT_H 1
| #define HAVE_STRINGS_H 1
| #define HAVE_SYS_STAT_H 1
| #define HAVE_SYS_TYPES_H 1
| #define HAVE_UNISTD_H 1
| #define HAVE_WCHAR_H 1
| #define HAVE_FEATURES_H 1
| #define HAVE_ERROR_H 1
| #define HAVE_FNMATCH_H 1
| #define HAVE_STDIO_EXT_H 1
| #define HAVE_SYS_VFS_H 1
| #define HAVE_GETOPT_H 1
| #define HAVE_SYS_CDEFS_H 1
| #define HAVE_TERMIOS_H 1
| #define HAVE_SYS_TIME_H 1
| #define HAVE_GRP_H 1
| #define HAVE_THREADS_H 1
| #define HAVE_ICONV_H 1
| #define HAVE_WCTYPE_H 1
| #define HAVE_LANGINFO_H 1
| #define HAVE_MATH_H 1
| #define HAVE_SYS_MMAN_H 1
| #define HAVE_SYS_STATVFS_H 1
| #define HAVE_SYS_SELECT_H 1
| #define HAVE_PTHREAD_H 1
| #define HAVE_UTMP_H 1
| #define HAVE_UTMPX_H 1
| #define HAVE_MALLOC_H 1
| #define HAVE_STDBOOL_H 1
| #define HAVE_SYS_IOCTL_H 1
| #define HAVE_SYS_RANDOM_H 1
| #define HAVE_SYS_RESOURCE_H 1
| #define HAVE_SYS_UIO_H 1
| #define HAVE_SYS_UTSNAME_H 1
| #define HAVE_SYS_WAIT_H 1
| #define HAVE_UTIME_H 1
| #define HAVE_SEMAPHORE_H 1
| #define HAVE_LINUX_FALLOC_H 1
| #define HAVE_PATHS_H 1
| #define HAVE_SYS_MTIO_H 1
| #define HAVE_SYSLOG_H 1
| #define HAVE_PWD_H 1
| #define STDC_HEADERS 1
| #define _ALL_SOURCE 1
| #define _DARWIN_C_SOURCE 1
| #define _GNU_SOURCE 1
| #define _HPUX_ALT_XOPEN_SOCKET_API 1
| #define _NETBSD_SOURCE 1
| #define _OPENBSD_SOURCE 1
| #define _POSIX_PTHREAD_SEMANTICS 1
| #define __STDC_WANT_IEC_60559_ATTRIBS_EXT__ 1
| #define __STDC_WANT_IEC_60559_BFP_EXT__ 1
| #define __STDC_WANT_IEC_60559_DFP_EXT__ 1
| #define __STDC_WANT_IEC_60559_EXT__ 1
| #define __STDC_WANT_IEC_60559_FUNCS_EXT__ 1
| #define __STDC_WANT_IEC_60559_TYPES_EXT__ 1
| #define __STDC_WANT_LIB_EXT2__ 1
| #define __STDC_WANT_MATH_SPEC_FUNCS__ 1
| #define _TANDEM_SOURCE 1
| #define __EXTENSIONS__ 1
| #define _FILE_OFFSET_BITS 64
| #define _TIME_BITS 64
| /* end confdefs.h.  */
| /* Define fcntl to an innocuous variant, in case <limits.h> declares fcntl.
|    For example, HP-UX 11i <limits.h> declares gettimeofday.  */
| #define fcntl innocuous_fcntl
| 
| /* System header to define __stub macros and hopefully few prototypes,
|    which can conflict with char fcntl (void); below.  */
| 
| #include <limits.h>
| #undef fcntl
| 
| /* Override any GCC internal prototype to avoid an error.
|    Use char because int might match the return type of a GCC
|    builtin and then its argument prototype would still apply.  */
| #ifdef __cplusplus
| extern "C"
| #endif
| char fcntl (void);
| /* The GNU C library defines this for functions which it implements
|     to always fail with ENOSYS.  Some functions are actually named
|     something starting with __ and the normal name is an alias.  */
| #if defined __stub_fcntl || defined __stub___fcntl
| choke me
| #endif
| 
| int
| main (void)
| {
| return fcntl ();
|   ;
|   return 0;
| }
configure:9804: result: no
configure:9804: checking for symlink
configure:9804: /home/clang+llvm-16.0.4-x86_64-linux-gnu-ubuntu-22.04/bin/clang-16 -pthread --target=wasm32-unknown-wasi --sysroot /home/lind-wasm/glibc/sysroot -Wl,--import-memory,--export-memory,--max-memory=67108864,--export=__stack_pointer -g -O0 -o conftest -g -O2   conftest.c  >&5
In file included from conftest.c:84:
In file included from /home/clang+llvm-16.0.4-x86_64-linux-gnu-ubuntu-22.04/lib/clang/16/include/limits.h:21:
In file included from /home/lind-wasm/glibc/sysroot/include/wasm32-wasi/limits.h:195:
In file included from /home/lind-wasm/glibc/sysroot/include/wasm32-wasi/bits/posix1_lim.h:161:
/home/lind-wasm/glibc/sysroot/include/wasm32-wasi/bits/local_lim.h:38:10: fatal error: 'linux/limits.h' file not found
#include <linux/limits.h>
         ^~~~~~~~~~~~~~~~
1 error generated.
configure:9804: $? = 1
configure: failed program was:
| /* confdefs.h */
| #define PACKAGE_NAME "GNU coreutils"
| #define PACKAGE_TARNAME "coreutils"
| #define PACKAGE_VERSION "9.3"
| #define PACKAGE_STRING "GNU coreutils 9.3"
| #define PACKAGE_BUGREPORT "bug-coreutils@gnu.org"
| #define PACKAGE_URL "https://www.gnu.org/software/coreutils/"
| #define PACKAGE "coreutils"
| #define VERSION "9.3"
| #define HAVE_STDIO_H 1
| #define HAVE_STDLIB_H 1
| #define HAVE_STRING_H 1
| #define HAVE_INTTYPES_H 1
| #define HAVE_STDINT_H 1
| #define HAVE_STRINGS_H 1
| #define HAVE_SYS_STAT_H 1
| #define HAVE_SYS_TYPES_H 1
| #define HAVE_UNISTD_H 1
| #define HAVE_WCHAR_H 1
| #define HAVE_FEATURES_H 1
| #define HAVE_ERROR_H 1
| #define HAVE_FNMATCH_H 1
| #define HAVE_STDIO_EXT_H 1
| #define HAVE_SYS_VFS_H 1
| #define HAVE_GETOPT_H 1
| #define HAVE_SYS_CDEFS_H 1
| #define HAVE_TERMIOS_H 1
| #define HAVE_SYS_TIME_H 1
| #define HAVE_GRP_H 1
| #define HAVE_THREADS_H 1
| #define HAVE_ICONV_H 1
| #define HAVE_WCTYPE_H 1
| #define HAVE_LANGINFO_H 1
| #define HAVE_MATH_H 1
| #define HAVE_SYS_MMAN_H 1
| #define HAVE_SYS_STATVFS_H 1
| #define HAVE_SYS_SELECT_H 1
| #define HAVE_PTHREAD_H 1
| #define HAVE_UTMP_H 1
| #define HAVE_UTMPX_H 1
| #define HAVE_MALLOC_H 1
| #define HAVE_STDBOOL_H 1
| #define HAVE_SYS_IOCTL_H 1
| #define HAVE_SYS_RANDOM_H 1
| #define HAVE_SYS_RESOURCE_H 1
| #define HAVE_SYS_UIO_H 1
| #define HAVE_SYS_UTSNAME_H 1
| #define HAVE_SYS_WAIT_H 1
| #define HAVE_UTIME_H 1
| #define HAVE_SEMAPHORE_H 1
| #define HAVE_LINUX_FALLOC_H 1
| #define HAVE_PATHS_H 1
| #define HAVE_SYS_MTIO_H 1
| #define HAVE_SYSLOG_H 1
| #define HAVE_PWD_H 1
| #define STDC_HEADERS 1
| #define _ALL_SOURCE 1
| #define _DARWIN_C_SOURCE 1
| #define _GNU_SOURCE 1
| #define _HPUX_ALT_XOPEN_SOCKET_API 1
| #define _NETBSD_SOURCE 1
| #define _OPENBSD_SOURCE 1
| #define _POSIX_PTHREAD_SEMANTICS 1
| #define __STDC_WANT_IEC_60559_ATTRIBS_EXT__ 1
| #define __STDC_WANT_IEC_60559_BFP_EXT__ 1
| #define __STDC_WANT_IEC_60559_DFP_EXT__ 1
| #define __STDC_WANT_IEC_60559_EXT__ 1
| #define __STDC_WANT_IEC_60559_FUNCS_EXT__ 1
| #define __STDC_WANT_IEC_60559_TYPES_EXT__ 1
| #define __STDC_WANT_LIB_EXT2__ 1
| #define __STDC_WANT_MATH_SPEC_FUNCS__ 1
| #define _TANDEM_SOURCE 1
| #define __EXTENSIONS__ 1
| #define _FILE_OFFSET_BITS 64
| #define _TIME_BITS 64
| /* end confdefs.h.  */
| /* Define symlink to an innocuous variant, in case <limits.h> declares symlink.
|    For example, HP-UX 11i <limits.h> declares gettimeofday.  */
| #define symlink innocuous_symlink
| 
| /* System header to define __stub macros and hopefully few prototypes,
|    which can conflict with char symlink (void); below.  */
| 
| #include <limits.h>
| #undef symlink
| 
| /* Override any GCC internal prototype to avoid an error.
|    Use char because int might match the return type of a GCC
|    builtin and then its argument prototype would still apply.  */
| #ifdef __cplusplus
| extern "C"
| #endif
| char symlink (void);
| /* The GNU C library defines this for functions which it implements
|     to always fail with ENOSYS.  Some functions are actually named
|     something starting with __ and the normal name is an alias.  */
| #if defined __stub_symlink || defined __stub___symlink
| choke me
| #endif
| 
| int
| main (void)
| {
| return symlink ();
|   ;
|   return 0;
| }
configure:9804: result: no
configure:9804: checking for fnmatch
configure:9804: /home/clang+llvm-16.0.4-x86_64-linux-gnu-ubuntu-22.04/bin/clang-16 -pthread --target=wasm32-unknown-wasi --sysroot /home/lind-wasm/glibc/sysroot -Wl,--import-memory,--export-memory,--max-memory=67108864,--export=__stack_pointer -g -O0 -o conftest -g -O2   conftest.c  >&5
In file included from conftest.c:84:
In file included from /home/clang+llvm-16.0.4-x86_64-linux-gnu-ubuntu-22.04/lib/clang/16/include/limits.h:21:
In file included from /home/lind-wasm/glibc/sysroot/include/wasm32-wasi/limits.h:195:
In file included from /home/lind-wasm/glibc/sysroot/include/wasm32-wasi/bits/posix1_lim.h:161:
/home/lind-wasm/glibc/sysroot/include/wasm32-wasi/bits/local_lim.h:38:10: fatal error: 'linux/limits.h' file not found
#include <linux/limits.h>
         ^~~~~~~~~~~~~~~~
1 error generated.
configure:9804: $? = 1
configure: failed program was:
| /* confdefs.h */
| #define PACKAGE_NAME "GNU coreutils"
| #define PACKAGE_TARNAME "coreutils"
| #define PACKAGE_VERSION "9.3"
| #define PACKAGE_STRING "GNU coreutils 9.3"
| #define PACKAGE_BUGREPORT "bug-coreutils@gnu.org"
| #define PACKAGE_URL "https://www.gnu.org/software/coreutils/"
| #define PACKAGE "coreutils"
| #define VERSION "9.3"
| #define HAVE_STDIO_H 1
| #define HAVE_STDLIB_H 1
| #define HAVE_STRING_H 1
| #define HAVE_INTTYPES_H 1
| #define HAVE_STDINT_H 1
| #define HAVE_STRINGS_H 1
| #define HAVE_SYS_STAT_H 1
| #define HAVE_SYS_TYPES_H 1
| #define HAVE_UNISTD_H 1
| #define HAVE_WCHAR_H 1
| #define HAVE_FEATURES_H 1
| #define HAVE_ERROR_H 1
| #define HAVE_FNMATCH_H 1
| #define HAVE_STDIO_EXT_H 1
| #define HAVE_SYS_VFS_H 1
| #define HAVE_GETOPT_H 1
| #define HAVE_SYS_CDEFS_H 1
| #define HAVE_TERMIOS_H 1
| #define HAVE_SYS_TIME_H 1
| #define HAVE_GRP_H 1
| #define HAVE_THREADS_H 1
| #define HAVE_ICONV_H 1
| #define HAVE_WCTYPE_H 1
| #define HAVE_LANGINFO_H 1
| #define HAVE_MATH_H 1
| #define HAVE_SYS_MMAN_H 1
| #define HAVE_SYS_STATVFS_H 1
| #define HAVE_SYS_SELECT_H 1
| #define HAVE_PTHREAD_H 1
| #define HAVE_UTMP_H 1
| #define HAVE_UTMPX_H 1
| #define HAVE_MALLOC_H 1
| #define HAVE_STDBOOL_H 1
| #define HAVE_SYS_IOCTL_H 1
| #define HAVE_SYS_RANDOM_H 1
| #define HAVE_SYS_RESOURCE_H 1
| #define HAVE_SYS_UIO_H 1
| #define HAVE_SYS_UTSNAME_H 1
| #define HAVE_SYS_WAIT_H 1
| #define HAVE_UTIME_H 1
| #define HAVE_SEMAPHORE_H 1
| #define HAVE_LINUX_FALLOC_H 1
| #define HAVE_PATHS_H 1
| #define HAVE_SYS_MTIO_H 1
| #define HAVE_SYSLOG_H 1
| #define HAVE_PWD_H 1
| #define STDC_HEADERS 1
| #define _ALL_SOURCE 1
| #define _DARWIN_C_SOURCE 1
| #define _GNU_SOURCE 1
| #define _HPUX_ALT_XOPEN_SOCKET_API 1
| #define _NETBSD_SOURCE 1
| #define _OPENBSD_SOURCE 1
| #define _POSIX_PTHREAD_SEMANTICS 1
| #define __STDC_WANT_IEC_60559_ATTRIBS_EXT__ 1
| #define __STDC_WANT_IEC_60559_BFP_EXT__ 1
| #define __STDC_WANT_IEC_60559_DFP_EXT__ 1
| #define __STDC_WANT_IEC_60559_EXT__ 1
| #define __STDC_WANT_IEC_60559_FUNCS_EXT__ 1
| #define __STDC_WANT_IEC_60559_TYPES_EXT__ 1
| #define __STDC_WANT_LIB_EXT2__ 1
| #define __STDC_WANT_MATH_SPEC_FUNCS__ 1
| #define _TANDEM_SOURCE 1
| #define __EXTENSIONS__ 1
| #define _FILE_OFFSET_BITS 64
| #define _TIME_BITS 64
| /* end confdefs.h.  */
| /* Define fnmatch to an innocuous variant, in case <limits.h> declares fnmatch.
|    For example, HP-UX 11i <limits.h> declares gettimeofday.  */
| #define fnmatch innocuous_fnmatch
| 
| /* System header to define __stub macros and hopefully few prototypes,
|    which can conflict with char fnmatch (void); below.  */
| 
| #include <limits.h>
| #undef fnmatch
| 
| /* Override any GCC internal prototype to avoid an error.
|    Use char because int might match the return type of a GCC
|    builtin and then its argument prototype would still apply.  */
| #ifdef __cplusplus
| extern "C"
| #endif
| char fnmatch (void);
| /* The GNU C library defines this for functions which it implements
|     to always fail with ENOSYS.  Some functions are actually named
|     something starting with __ and the normal name is an alias.  */
| #if defined __stub_fnmatch || defined __stub___fnmatch
| choke me
| #endif
| 
| int
| main (void)
| {
| return fnmatch ();
|   ;
|   return 0;
| }
configure:9804: result: no
configure:9804: checking for mbsrtowcs
configure:9804: /home/clang+llvm-16.0.4-x86_64-linux-gnu-ubuntu-22.04/bin/clang-16 -pthread --target=wasm32-unknown-wasi --sysroot /home/lind-wasm/glibc/sysroot -Wl,--import-memory,--export-memory,--max-memory=67108864,--export=__stack_pointer -g -O0 -o conftest -g -O2   conftest.c  >&5
In file included from conftest.c:84:
In file included from /home/clang+llvm-16.0.4-x86_64-linux-gnu-ubuntu-22.04/lib/clang/16/include/limits.h:21:
In file included from /home/lind-wasm/glibc/sysroot/include/wasm32-wasi/limits.h:195:
In file included from /home/lind-wasm/glibc/sysroot/include/wasm32-wasi/bits/posix1_lim.h:161:
/home/lind-wasm/glibc/sysroot/include/wasm32-wasi/bits/local_lim.h:38:10: fatal error: 'linux/limits.h' file not found
#include <linux/limits.h>
         ^~~~~~~~~~~~~~~~
1 error generated.
configure:9804: $? = 1
configure: failed program was:
| /* confdefs.h */
| #define PACKAGE_NAME "GNU coreutils"
| #define PACKAGE_TARNAME "coreutils"
| #define PACKAGE_VERSION "9.3"
| #define PACKAGE_STRING "GNU coreutils 9.3"
| #define PACKAGE_BUGREPORT "bug-coreutils@gnu.org"
| #define PACKAGE_URL "https://www.gnu.org/software/coreutils/"
| #define PACKAGE "coreutils"
| #define VERSION "9.3"
| #define HAVE_STDIO_H 1
| #define HAVE_STDLIB_H 1
| #define HAVE_STRING_H 1
| #define HAVE_INTTYPES_H 1
| #define HAVE_STDINT_H 1
| #define HAVE_STRINGS_H 1
| #define HAVE_SYS_STAT_H 1
| #define HAVE_SYS_TYPES_H 1
| #define HAVE_UNISTD_H 1
| #define HAVE_WCHAR_H 1
| #define HAVE_FEATURES_H 1
| #define HAVE_ERROR_H 1
| #define HAVE_FNMATCH_H 1
| #define HAVE_STDIO_EXT_H 1
| #define HAVE_SYS_VFS_H 1
| #define HAVE_GETOPT_H 1
| #define HAVE_SYS_CDEFS_H 1
| #define HAVE_TERMIOS_H 1
| #define HAVE_SYS_TIME_H 1
| #define HAVE_GRP_H 1
| #define HAVE_THREADS_H 1
| #define HAVE_ICONV_H 1
| #define HAVE_WCTYPE_H 1
| #define HAVE_LANGINFO_H 1
| #define HAVE_MATH_H 1
| #define HAVE_SYS_MMAN_H 1
| #define HAVE_SYS_STATVFS_H 1
| #define HAVE_SYS_SELECT_H 1
| #define HAVE_PTHREAD_H 1
| #define HAVE_UTMP_H 1
| #define HAVE_UTMPX_H 1
| #define HAVE_MALLOC_H 1
| #define HAVE_STDBOOL_H 1
| #define HAVE_SYS_IOCTL_H 1
| #define HAVE_SYS_RANDOM_H 1
| #define HAVE_SYS_RESOURCE_H 1
| #define HAVE_SYS_UIO_H 1
| #define HAVE_SYS_UTSNAME_H 1
| #define HAVE_SYS_WAIT_H 1
| #define HAVE_UTIME_H 1
| #define HAVE_SEMAPHORE_H 1
| #define HAVE_LINUX_FALLOC_H 1
| #define HAVE_PATHS_H 1
| #define HAVE_SYS_MTIO_H 1
| #define HAVE_SYSLOG_H 1
| #define HAVE_PWD_H 1
| #define STDC_HEADERS 1
| #define _ALL_SOURCE 1
| #define _DARWIN_C_SOURCE 1
| #define _GNU_SOURCE 1
| #define _HPUX_ALT_XOPEN_SOCKET_API 1
| #define _NETBSD_SOURCE 1
| #define _OPENBSD_SOURCE 1
| #define _POSIX_PTHREAD_SEMANTICS 1
| #define __STDC_WANT_IEC_60559_ATTRIBS_EXT__ 1
| #define __STDC_WANT_IEC_60559_BFP_EXT__ 1
| #define __STDC_WANT_IEC_60559_DFP_EXT__ 1
| #define __STDC_WANT_IEC_60559_EXT__ 1
| #define __STDC_WANT_IEC_60559_FUNCS_EXT__ 1
| #define __STDC_WANT_IEC_60559_TYPES_EXT__ 1
| #define __STDC_WANT_LIB_EXT2__ 1
| #define __STDC_WANT_MATH_SPEC_FUNCS__ 1
| #define _TANDEM_SOURCE 1
| #define __EXTENSIONS__ 1
| #define _FILE_OFFSET_BITS 64
| #define _TIME_BITS 64
| /* end confdefs.h.  */
| /* Define mbsrtowcs to an innocuous variant, in case <limits.h> declares mbsrtowcs.
|    For example, HP-UX 11i <limits.h> declares gettimeofday.  */
| #define mbsrtowcs innocuous_mbsrtowcs
| 
| /* System header to define __stub macros and hopefully few prototypes,
|    which can conflict with char mbsrtowcs (void); below.  */
| 
| #include <limits.h>
| #undef mbsrtowcs
| 
| /* Override any GCC internal prototype to avoid an error.
|    Use char because int might match the return type of a GCC
|    builtin and then its argument prototype would still apply.  */
| #ifdef __cplusplus
| extern "C"
| #endif
| char mbsrtowcs (void);
| /* The GNU C library defines this for functions which it implements
|     to always fail with ENOSYS.  Some functions are actually named
|     something starting with __ and the normal name is an alias.  */
| #if defined __stub_mbsrtowcs || defined __stub___mbsrtowcs
| choke me
| #endif
| 
| int
| main (void)
| {
| return mbsrtowcs ();
|   ;
|   return 0;
| }
configure:9804: result: no
configure:9804: checking for fpurge
configure:9804: /home/clang+llvm-16.0.4-x86_64-linux-gnu-ubuntu-22.04/bin/clang-16 -pthread --target=wasm32-unknown-wasi --sysroot /home/lind-wasm/glibc/sysroot -Wl,--import-memory,--export-memory,--max-memory=67108864,--export=__stack_pointer -g -O0 -o conftest -g -O2   conftest.c  >&5
In file included from conftest.c:84:
In file included from /home/clang+llvm-16.0.4-x86_64-linux-gnu-ubuntu-22.04/lib/clang/16/include/limits.h:21:
In file included from /home/lind-wasm/glibc/sysroot/include/wasm32-wasi/limits.h:195:
In file included from /home/lind-wasm/glibc/sysroot/include/wasm32-wasi/bits/posix1_lim.h:161:
/home/lind-wasm/glibc/sysroot/include/wasm32-wasi/bits/local_lim.h:38:10: fatal error: 'linux/limits.h' file not found
#include <linux/limits.h>
         ^~~~~~~~~~~~~~~~
1 error generated.
configure:9804: $? = 1
configure: failed program was:
| /* confdefs.h */
| #define PACKAGE_NAME "GNU coreutils"
| #define PACKAGE_TARNAME "coreutils"
| #define PACKAGE_VERSION "9.3"
| #define PACKAGE_STRING "GNU coreutils 9.3"
| #define PACKAGE_BUGREPORT "bug-coreutils@gnu.org"
| #define PACKAGE_URL "https://www.gnu.org/software/coreutils/"
| #define PACKAGE "coreutils"
| #define VERSION "9.3"
| #define HAVE_STDIO_H 1
| #define HAVE_STDLIB_H 1
| #define HAVE_STRING_H 1
| #define HAVE_INTTYPES_H 1
| #define HAVE_STDINT_H 1
| #define HAVE_STRINGS_H 1
| #define HAVE_SYS_STAT_H 1
| #define HAVE_SYS_TYPES_H 1
| #define HAVE_UNISTD_H 1
| #define HAVE_WCHAR_H 1
| #define HAVE_FEATURES_H 1
| #define HAVE_ERROR_H 1
| #define HAVE_FNMATCH_H 1
| #define HAVE_STDIO_EXT_H 1
| #define HAVE_SYS_VFS_H 1
| #define HAVE_GETOPT_H 1
| #define HAVE_SYS_CDEFS_H 1
| #define HAVE_TERMIOS_H 1
| #define HAVE_SYS_TIME_H 1
| #define HAVE_GRP_H 1
| #define HAVE_THREADS_H 1
| #define HAVE_ICONV_H 1
| #define HAVE_WCTYPE_H 1
| #define HAVE_LANGINFO_H 1
| #define HAVE_MATH_H 1
| #define HAVE_SYS_MMAN_H 1
| #define HAVE_SYS_STATVFS_H 1
| #define HAVE_SYS_SELECT_H 1
| #define HAVE_PTHREAD_H 1
| #define HAVE_UTMP_H 1
| #define HAVE_UTMPX_H 1
| #define HAVE_MALLOC_H 1
| #define HAVE_STDBOOL_H 1
| #define HAVE_SYS_IOCTL_H 1
| #define HAVE_SYS_RANDOM_H 1
| #define HAVE_SYS_RESOURCE_H 1
| #define HAVE_SYS_UIO_H 1
| #define HAVE_SYS_UTSNAME_H 1
| #define HAVE_SYS_WAIT_H 1
| #define HAVE_UTIME_H 1
| #define HAVE_SEMAPHORE_H 1
| #define HAVE_LINUX_FALLOC_H 1
| #define HAVE_PATHS_H 1
| #define HAVE_SYS_MTIO_H 1
| #define HAVE_SYSLOG_H 1
| #define HAVE_PWD_H 1
| #define STDC_HEADERS 1
| #define _ALL_SOURCE 1
| #define _DARWIN_C_SOURCE 1
| #define _GNU_SOURCE 1
| #define _HPUX_ALT_XOPEN_SOCKET_API 1
| #define _NETBSD_SOURCE 1
| #define _OPENBSD_SOURCE 1
| #define _POSIX_PTHREAD_SEMANTICS 1
| #define __STDC_WANT_IEC_60559_ATTRIBS_EXT__ 1
| #define __STDC_WANT_IEC_60559_BFP_EXT__ 1
| #define __STDC_WANT_IEC_60559_DFP_EXT__ 1
| #define __STDC_WANT_IEC_60559_EXT__ 1
| #define __STDC_WANT_IEC_60559_FUNCS_EXT__ 1
| #define __STDC_WANT_IEC_60559_TYPES_EXT__ 1
| #define __STDC_WANT_LIB_EXT2__ 1
| #define __STDC_WANT_MATH_SPEC_FUNCS__ 1
| #define _TANDEM_SOURCE 1
| #define __EXTENSIONS__ 1
| #define _FILE_OFFSET_BITS 64
| #define _TIME_BITS 64
| /* end confdefs.h.  */
| /* Define fpurge to an innocuous variant, in case <limits.h> declares fpurge.
|    For example, HP-UX 11i <limits.h> declares gettimeofday.  */
| #define fpurge innocuous_fpurge
| 
| /* System header to define __stub macros and hopefully few prototypes,
|    which can conflict with char fpurge (void); below.  */
| 
| #include <limits.h>
| #undef fpurge
| 
| /* Override any GCC internal prototype to avoid an error.
|    Use char because int might match the return type of a GCC
|    builtin and then its argument prototype would still apply.  */
| #ifdef __cplusplus
| extern "C"
| #endif
| char fpurge (void);
| /* The GNU C library defines this for functions which it implements
|     to always fail with ENOSYS.  Some functions are actually named
|     something starting with __ and the normal name is an alias.  */
| #if defined __stub_fpurge || defined __stub___fpurge
| choke me
| #endif
| 
| int
| main (void)
| {
| return fpurge ();
|   ;
|   return 0;
| }
configure:9804: result: no
configure:9804: checking for __freadahead
configure:9804: /home/clang+llvm-16.0.4-x86_64-linux-gnu-ubuntu-22.04/bin/clang-16 -pthread --target=wasm32-unknown-wasi --sysroot /home/lind-wasm/glibc/sysroot -Wl,--import-memory,--export-memory,--max-memory=67108864,--export=__stack_pointer -g -O0 -o conftest -g -O2   conftest.c  >&5
In file included from conftest.c:84:
In file included from /home/clang+llvm-16.0.4-x86_64-linux-gnu-ubuntu-22.04/lib/clang/16/include/limits.h:21:
In file included from /home/lind-wasm/glibc/sysroot/include/wasm32-wasi/limits.h:195:
In file included from /home/lind-wasm/glibc/sysroot/include/wasm32-wasi/bits/posix1_lim.h:161:
/home/lind-wasm/glibc/sysroot/include/wasm32-wasi/bits/local_lim.h:38:10: fatal error: 'linux/limits.h' file not found
#include <linux/limits.h>
         ^~~~~~~~~~~~~~~~
1 error generated.
configure:9804: $? = 1
configure: failed program was:
| /* confdefs.h */
| #define PACKAGE_NAME "GNU coreutils"
| #define PACKAGE_TARNAME "coreutils"
| #define PACKAGE_VERSION "9.3"
| #define PACKAGE_STRING "GNU coreutils 9.3"
| #define PACKAGE_BUGREPORT "bug-coreutils@gnu.org"
| #define PACKAGE_URL "https://www.gnu.org/software/coreutils/"
| #define PACKAGE "coreutils"
| #define VERSION "9.3"
| #define HAVE_STDIO_H 1
| #define HAVE_STDLIB_H 1
| #define HAVE_STRING_H 1
| #define HAVE_INTTYPES_H 1
| #define HAVE_STDINT_H 1
| #define HAVE_STRINGS_H 1
| #define HAVE_SYS_STAT_H 1
| #define HAVE_SYS_TYPES_H 1
| #define HAVE_UNISTD_H 1
| #define HAVE_WCHAR_H 1
| #define HAVE_FEATURES_H 1
| #define HAVE_ERROR_H 1
| #define HAVE_FNMATCH_H 1
| #define HAVE_STDIO_EXT_H 1
| #define HAVE_SYS_VFS_H 1
| #define HAVE_GETOPT_H 1
| #define HAVE_SYS_CDEFS_H 1
| #define HAVE_TERMIOS_H 1
| #define HAVE_SYS_TIME_H 1
| #define HAVE_GRP_H 1
| #define HAVE_THREADS_H 1
| #define HAVE_ICONV_H 1
| #define HAVE_WCTYPE_H 1
| #define HAVE_LANGINFO_H 1
| #define HAVE_MATH_H 1
| #define HAVE_SYS_MMAN_H 1
| #define HAVE_SYS_STATVFS_H 1
| #define HAVE_SYS_SELECT_H 1
| #define HAVE_PTHREAD_H 1
| #define HAVE_UTMP_H 1
| #define HAVE_UTMPX_H 1
| #define HAVE_MALLOC_H 1
| #define HAVE_STDBOOL_H 1
| #define HAVE_SYS_IOCTL_H 1
| #define HAVE_SYS_RANDOM_H 1
| #define HAVE_SYS_RESOURCE_H 1
| #define HAVE_SYS_UIO_H 1
| #define HAVE_SYS_UTSNAME_H 1
| #define HAVE_SYS_WAIT_H 1
| #define HAVE_UTIME_H 1
| #define HAVE_SEMAPHORE_H 1
| #define HAVE_LINUX_FALLOC_H 1
| #define HAVE_PATHS_H 1
| #define HAVE_SYS_MTIO_H 1
| #define HAVE_SYSLOG_H 1
| #define HAVE_PWD_H 1
| #define STDC_HEADERS 1
| #define _ALL_SOURCE 1
| #define _DARWIN_C_SOURCE 1
| #define _GNU_SOURCE 1
| #define _HPUX_ALT_XOPEN_SOCKET_API 1
| #define _NETBSD_SOURCE 1
| #define _OPENBSD_SOURCE 1
| #define _POSIX_PTHREAD_SEMANTICS 1
| #define __STDC_WANT_IEC_60559_ATTRIBS_EXT__ 1
| #define __STDC_WANT_IEC_60559_BFP_EXT__ 1
| #define __STDC_WANT_IEC_60559_DFP_EXT__ 1
| #define __STDC_WANT_IEC_60559_EXT__ 1
| #define __STDC_WANT_IEC_60559_FUNCS_EXT__ 1
| #define __STDC_WANT_IEC_60559_TYPES_EXT__ 1
| #define __STDC_WANT_LIB_EXT2__ 1
| #define __STDC_WANT_MATH_SPEC_FUNCS__ 1
| #define _TANDEM_SOURCE 1
| #define __EXTENSIONS__ 1
| #define _FILE_OFFSET_BITS 64
| #define _TIME_BITS 64
| /* end confdefs.h.  */
| /* Define __freadahead to an innocuous variant, in case <limits.h> declares __freadahead.
|    For example, HP-UX 11i <limits.h> declares gettimeofday.  */
| #define __freadahead innocuous___freadahead
| 
| /* System header to define __stub macros and hopefully few prototypes,
|    which can conflict with char __freadahead (void); below.  */
| 
| #include <limits.h>
| #undef __freadahead
| 
| /* Override any GCC internal prototype to avoid an error.
|    Use char because int might match the return type of a GCC
|    builtin and then its argument prototype would still apply.  */
| #ifdef __cplusplus
| extern "C"
| #endif
| char __freadahead (void);
| /* The GNU C library defines this for functions which it implements
|     to always fail with ENOSYS.  Some functions are actually named
|     something starting with __ and the normal name is an alias.  */
| #if defined __stub___freadahead || defined __stub_____freadahead
| choke me
| #endif
| 
| int
| main (void)
| {
| return __freadahead ();
|   ;
|   return 0;
| }
configure:9804: result: no
configure:9804: checking for __freadptr
configure:9804: /home/clang+llvm-16.0.4-x86_64-linux-gnu-ubuntu-22.04/bin/clang-16 -pthread --target=wasm32-unknown-wasi --sysroot /home/lind-wasm/glibc/sysroot -Wl,--import-memory,--export-memory,--max-memory=67108864,--export=__stack_pointer -g -O0 -o conftest -g -O2   conftest.c  >&5
In file included from conftest.c:84:
In file included from /home/clang+llvm-16.0.4-x86_64-linux-gnu-ubuntu-22.04/lib/clang/16/include/limits.h:21:
In file included from /home/lind-wasm/glibc/sysroot/include/wasm32-wasi/limits.h:195:
In file included from /home/lind-wasm/glibc/sysroot/include/wasm32-wasi/bits/posix1_lim.h:161:
/home/lind-wasm/glibc/sysroot/include/wasm32-wasi/bits/local_lim.h:38:10: fatal error: 'linux/limits.h' file not found
#include <linux/limits.h>
         ^~~~~~~~~~~~~~~~
1 error generated.
configure:9804: $? = 1
configure: failed program was:
| /* confdefs.h */
| #define PACKAGE_NAME "GNU coreutils"
| #define PACKAGE_TARNAME "coreutils"
| #define PACKAGE_VERSION "9.3"
| #define PACKAGE_STRING "GNU coreutils 9.3"
| #define PACKAGE_BUGREPORT "bug-coreutils@gnu.org"
| #define PACKAGE_URL "https://www.gnu.org/software/coreutils/"
| #define PACKAGE "coreutils"
| #define VERSION "9.3"
| #define HAVE_STDIO_H 1
| #define HAVE_STDLIB_H 1
| #define HAVE_STRING_H 1
| #define HAVE_INTTYPES_H 1
| #define HAVE_STDINT_H 1
| #define HAVE_STRINGS_H 1
| #define HAVE_SYS_STAT_H 1
| #define HAVE_SYS_TYPES_H 1
| #define HAVE_UNISTD_H 1
| #define HAVE_WCHAR_H 1
| #define HAVE_FEATURES_H 1
| #define HAVE_ERROR_H 1
| #define HAVE_FNMATCH_H 1
| #define HAVE_STDIO_EXT_H 1
| #define HAVE_SYS_VFS_H 1
| #define HAVE_GETOPT_H 1
| #define HAVE_SYS_CDEFS_H 1
| #define HAVE_TERMIOS_H 1
| #define HAVE_SYS_TIME_H 1
| #define HAVE_GRP_H 1
| #define HAVE_THREADS_H 1
| #define HAVE_ICONV_H 1
| #define HAVE_WCTYPE_H 1
| #define HAVE_LANGINFO_H 1
| #define HAVE_MATH_H 1
| #define HAVE_SYS_MMAN_H 1
| #define HAVE_SYS_STATVFS_H 1
| #define HAVE_SYS_SELECT_H 1
| #define HAVE_PTHREAD_H 1
| #define HAVE_UTMP_H 1
| #define HAVE_UTMPX_H 1
| #define HAVE_MALLOC_H 1
| #define HAVE_STDBOOL_H 1
| #define HAVE_SYS_IOCTL_H 1
| #define HAVE_SYS_RANDOM_H 1
| #define HAVE_SYS_RESOURCE_H 1
| #define HAVE_SYS_UIO_H 1
| #define HAVE_SYS_UTSNAME_H 1
| #define HAVE_SYS_WAIT_H 1
| #define HAVE_UTIME_H 1
| #define HAVE_SEMAPHORE_H 1
| #define HAVE_LINUX_FALLOC_H 1
| #define HAVE_PATHS_H 1
| #define HAVE_SYS_MTIO_H 1
| #define HAVE_SYSLOG_H 1
| #define HAVE_PWD_H 1
| #define STDC_HEADERS 1
| #define _ALL_SOURCE 1
| #define _DARWIN_C_SOURCE 1
| #define _GNU_SOURCE 1
| #define _HPUX_ALT_XOPEN_SOCKET_API 1
| #define _NETBSD_SOURCE 1
| #define _OPENBSD_SOURCE 1
| #define _POSIX_PTHREAD_SEMANTICS 1
| #define __STDC_WANT_IEC_60559_ATTRIBS_EXT__ 1
| #define __STDC_WANT_IEC_60559_BFP_EXT__ 1
| #define __STDC_WANT_IEC_60559_DFP_EXT__ 1
| #define __STDC_WANT_IEC_60559_EXT__ 1
| #define __STDC_WANT_IEC_60559_FUNCS_EXT__ 1
| #define __STDC_WANT_IEC_60559_TYPES_EXT__ 1
| #define __STDC_WANT_LIB_EXT2__ 1
| #define __STDC_WANT_MATH_SPEC_FUNCS__ 1
| #define _TANDEM_SOURCE 1
| #define __EXTENSIONS__ 1
| #define _FILE_OFFSET_BITS 64
| #define _TIME_BITS 64
| /* end confdefs.h.  */
| /* Define __freadptr to an innocuous variant, in case <limits.h> declares __freadptr.
|    For example, HP-UX 11i <limits.h> declares gettimeofday.  */
| #define __freadptr innocuous___freadptr
| 
| /* System header to define __stub macros and hopefully few prototypes,
|    which can conflict with char __freadptr (void); below.  */
| 
| #include <limits.h>
| #undef __freadptr
| 
| /* Override any GCC internal prototype to avoid an error.
|    Use char because int might match the return type of a GCC
|    builtin and then its argument prototype would still apply.  */
| #ifdef __cplusplus
| extern "C"
| #endif
| char __freadptr (void);
| /* The GNU C library defines this for functions which it implements
|     to always fail with ENOSYS.  Some functions are actually named
|     something starting with __ and the normal name is an alias.  */
| #if defined __stub___freadptr || defined __stub_____freadptr
| choke me
| #endif
| 
| int
| main (void)
| {
| return __freadptr ();
|   ;
|   return 0;
| }
configure:9804: result: no
configure:9804: checking for __freadptrinc
configure:9804: /home/clang+llvm-16.0.4-x86_64-linux-gnu-ubuntu-22.04/bin/clang-16 -pthread --target=wasm32-unknown-wasi --sysroot /home/lind-wasm/glibc/sysroot -Wl,--import-memory,--export-memory,--max-memory=67108864,--export=__stack_pointer -g -O0 -o conftest -g -O2   conftest.c  >&5
In file included from conftest.c:84:
In file included from /home/clang+llvm-16.0.4-x86_64-linux-gnu-ubuntu-22.04/lib/clang/16/include/limits.h:21:
In file included from /home/lind-wasm/glibc/sysroot/include/wasm32-wasi/limits.h:195:
In file included from /home/lind-wasm/glibc/sysroot/include/wasm32-wasi/bits/posix1_lim.h:161:
/home/lind-wasm/glibc/sysroot/include/wasm32-wasi/bits/local_lim.h:38:10: fatal error: 'linux/limits.h' file not found
#include <linux/limits.h>
         ^~~~~~~~~~~~~~~~
1 error generated.
configure:9804: $? = 1
configure: failed program was:
| /* confdefs.h */
| #define PACKAGE_NAME "GNU coreutils"
| #define PACKAGE_TARNAME "coreutils"
| #define PACKAGE_VERSION "9.3"
| #define PACKAGE_STRING "GNU coreutils 9.3"
| #define PACKAGE_BUGREPORT "bug-coreutils@gnu.org"
| #define PACKAGE_URL "https://www.gnu.org/software/coreutils/"
| #define PACKAGE "coreutils"
| #define VERSION "9.3"
| #define HAVE_STDIO_H 1
| #define HAVE_STDLIB_H 1
| #define HAVE_STRING_H 1
| #define HAVE_INTTYPES_H 1
| #define HAVE_STDINT_H 1
| #define HAVE_STRINGS_H 1
| #define HAVE_SYS_STAT_H 1
| #define HAVE_SYS_TYPES_H 1
| #define HAVE_UNISTD_H 1
| #define HAVE_WCHAR_H 1
| #define HAVE_FEATURES_H 1
| #define HAVE_ERROR_H 1
| #define HAVE_FNMATCH_H 1
| #define HAVE_STDIO_EXT_H 1
| #define HAVE_SYS_VFS_H 1
| #define HAVE_GETOPT_H 1
| #define HAVE_SYS_CDEFS_H 1
| #define HAVE_TERMIOS_H 1
| #define HAVE_SYS_TIME_H 1
| #define HAVE_GRP_H 1
| #define HAVE_THREADS_H 1
| #define HAVE_ICONV_H 1
| #define HAVE_WCTYPE_H 1
| #define HAVE_LANGINFO_H 1
| #define HAVE_MATH_H 1
| #define HAVE_SYS_MMAN_H 1
| #define HAVE_SYS_STATVFS_H 1
| #define HAVE_SYS_SELECT_H 1
| #define HAVE_PTHREAD_H 1
| #define HAVE_UTMP_H 1
| #define HAVE_UTMPX_H 1
| #define HAVE_MALLOC_H 1
| #define HAVE_STDBOOL_H 1
| #define HAVE_SYS_IOCTL_H 1
| #define HAVE_SYS_RANDOM_H 1
| #define HAVE_SYS_RESOURCE_H 1
| #define HAVE_SYS_UIO_H 1
| #define HAVE_SYS_UTSNAME_H 1
| #define HAVE_SYS_WAIT_H 1
| #define HAVE_UTIME_H 1
| #define HAVE_SEMAPHORE_H 1
| #define HAVE_LINUX_FALLOC_H 1
| #define HAVE_PATHS_H 1
| #define HAVE_SYS_MTIO_H 1
| #define HAVE_SYSLOG_H 1
| #define HAVE_PWD_H 1
| #define STDC_HEADERS 1
| #define _ALL_SOURCE 1
| #define _DARWIN_C_SOURCE 1
| #define _GNU_SOURCE 1
| #define _HPUX_ALT_XOPEN_SOCKET_API 1
| #define _NETBSD_SOURCE 1
| #define _OPENBSD_SOURCE 1
| #define _POSIX_PTHREAD_SEMANTICS 1
| #define __STDC_WANT_IEC_60559_ATTRIBS_EXT__ 1
| #define __STDC_WANT_IEC_60559_BFP_EXT__ 1
| #define __STDC_WANT_IEC_60559_DFP_EXT__ 1
| #define __STDC_WANT_IEC_60559_EXT__ 1
| #define __STDC_WANT_IEC_60559_FUNCS_EXT__ 1
| #define __STDC_WANT_IEC_60559_TYPES_EXT__ 1
| #define __STDC_WANT_LIB_EXT2__ 1
| #define __STDC_WANT_MATH_SPEC_FUNCS__ 1
| #define _TANDEM_SOURCE 1
| #define __EXTENSIONS__ 1
| #define _FILE_OFFSET_BITS 64
| #define _TIME_BITS 64
| /* end confdefs.h.  */
| /* Define __freadptrinc to an innocuous variant, in case <limits.h> declares __freadptrinc.
|    For example, HP-UX 11i <limits.h> declares gettimeofday.  */
| #define __freadptrinc innocuous___freadptrinc
| 
| /* System header to define __stub macros and hopefully few prototypes,
|    which can conflict with char __freadptrinc (void); below.  */
| 
| #include <limits.h>
| #undef __freadptrinc
| 
| /* Override any GCC internal prototype to avoid an error.
|    Use char because int might match the return type of a GCC
|    builtin and then its argument prototype would still apply.  */
| #ifdef __cplusplus
| extern "C"
| #endif
| char __freadptrinc (void);
| /* The GNU C library defines this for functions which it implements
|     to always fail with ENOSYS.  Some functions are actually named
|     something starting with __ and the normal name is an alias.  */
| #if defined __stub___freadptrinc || defined __stub_____freadptrinc
| choke me
| #endif
| 
| int
| main (void)
| {
| return __freadptrinc ();
|   ;
|   return 0;
| }
configure:9804: result: no
configure:9804: checking for fstatat
configure:9804: /home/clang+llvm-16.0.4-x86_64-linux-gnu-ubuntu-22.04/bin/clang-16 -pthread --target=wasm32-unknown-wasi --sysroot /home/lind-wasm/glibc/sysroot -Wl,--import-memory,--export-memory,--max-memory=67108864,--export=__stack_pointer -g -O0 -o conftest -g -O2   conftest.c  >&5
In file included from conftest.c:84:
In file included from /home/clang+llvm-16.0.4-x86_64-linux-gnu-ubuntu-22.04/lib/clang/16/include/limits.h:21:
In file included from /home/lind-wasm/glibc/sysroot/include/wasm32-wasi/limits.h:195:
In file included from /home/lind-wasm/glibc/sysroot/include/wasm32-wasi/bits/posix1_lim.h:161:
/home/lind-wasm/glibc/sysroot/include/wasm32-wasi/bits/local_lim.h:38:10: fatal error: 'linux/limits.h' file not found
#include <linux/limits.h>
         ^~~~~~~~~~~~~~~~
1 error generated.
configure:9804: $? = 1
configure: failed program was:
| /* confdefs.h */
| #define PACKAGE_NAME "GNU coreutils"
| #define PACKAGE_TARNAME "coreutils"
| #define PACKAGE_VERSION "9.3"
| #define PACKAGE_STRING "GNU coreutils 9.3"
| #define PACKAGE_BUGREPORT "bug-coreutils@gnu.org"
| #define PACKAGE_URL "https://www.gnu.org/software/coreutils/"
| #define PACKAGE "coreutils"
| #define VERSION "9.3"
| #define HAVE_STDIO_H 1
| #define HAVE_STDLIB_H 1
| #define HAVE_STRING_H 1
| #define HAVE_INTTYPES_H 1
| #define HAVE_STDINT_H 1
| #define HAVE_STRINGS_H 1
| #define HAVE_SYS_STAT_H 1
| #define HAVE_SYS_TYPES_H 1
| #define HAVE_UNISTD_H 1
| #define HAVE_WCHAR_H 1
| #define HAVE_FEATURES_H 1
| #define HAVE_ERROR_H 1
| #define HAVE_FNMATCH_H 1
| #define HAVE_STDIO_EXT_H 1
| #define HAVE_SYS_VFS_H 1
| #define HAVE_GETOPT_H 1
| #define HAVE_SYS_CDEFS_H 1
| #define HAVE_TERMIOS_H 1
| #define HAVE_SYS_TIME_H 1
| #define HAVE_GRP_H 1
| #define HAVE_THREADS_H 1
| #define HAVE_ICONV_H 1
| #define HAVE_WCTYPE_H 1
| #define HAVE_LANGINFO_H 1
| #define HAVE_MATH_H 1
| #define HAVE_SYS_MMAN_H 1
| #define HAVE_SYS_STATVFS_H 1
| #define HAVE_SYS_SELECT_H 1
| #define HAVE_PTHREAD_H 1
| #define HAVE_UTMP_H 1
| #define HAVE_UTMPX_H 1
| #define HAVE_MALLOC_H 1
| #define HAVE_STDBOOL_H 1
| #define HAVE_SYS_IOCTL_H 1
| #define HAVE_SYS_RANDOM_H 1
| #define HAVE_SYS_RESOURCE_H 1
| #define HAVE_SYS_UIO_H 1
| #define HAVE_SYS_UTSNAME_H 1
| #define HAVE_SYS_WAIT_H 1
| #define HAVE_UTIME_H 1
| #define HAVE_SEMAPHORE_H 1
| #define HAVE_LINUX_FALLOC_H 1
| #define HAVE_PATHS_H 1
| #define HAVE_SYS_MTIO_H 1
| #define HAVE_SYSLOG_H 1
| #define HAVE_PWD_H 1
| #define STDC_HEADERS 1
| #define _ALL_SOURCE 1
| #define _DARWIN_C_SOURCE 1
| #define _GNU_SOURCE 1
| #define _HPUX_ALT_XOPEN_SOCKET_API 1
| #define _NETBSD_SOURCE 1
| #define _OPENBSD_SOURCE 1
| #define _POSIX_PTHREAD_SEMANTICS 1
| #define __STDC_WANT_IEC_60559_ATTRIBS_EXT__ 1
| #define __STDC_WANT_IEC_60559_BFP_EXT__ 1
| #define __STDC_WANT_IEC_60559_DFP_EXT__ 1
| #define __STDC_WANT_IEC_60559_EXT__ 1
| #define __STDC_WANT_IEC_60559_FUNCS_EXT__ 1
| #define __STDC_WANT_IEC_60559_TYPES_EXT__ 1
| #define __STDC_WANT_LIB_EXT2__ 1
| #define __STDC_WANT_MATH_SPEC_FUNCS__ 1
| #define _TANDEM_SOURCE 1
| #define __EXTENSIONS__ 1
| #define _FILE_OFFSET_BITS 64
| #define _TIME_BITS 64
| /* end confdefs.h.  */
| /* Define fstatat to an innocuous variant, in case <limits.h> declares fstatat.
|    For example, HP-UX 11i <limits.h> declares gettimeofday.  */
| #define fstatat innocuous_fstatat
| 
| /* System header to define __stub macros and hopefully few prototypes,
|    which can conflict with char fstatat (void); below.  */
| 
| #include <limits.h>
| #undef fstatat
| 
| /* Override any GCC internal prototype to avoid an error.
|    Use char because int might match the return type of a GCC
|    builtin and then its argument prototype would still apply.  */
| #ifdef __cplusplus
| extern "C"
| #endif
| char fstatat (void);
| /* The GNU C library defines this for functions which it implements
|     to always fail with ENOSYS.  Some functions are actually named
|     something starting with __ and the normal name is an alias.  */
| #if defined __stub_fstatat || defined __stub___fstatat
| choke me
| #endif
| 
| int
| main (void)
| {
| return fstatat ();
|   ;
|   return 0;
| }
configure:9804: result: no
configure:9804: checking for fsync
configure:9804: /home/clang+llvm-16.0.4-x86_64-linux-gnu-ubuntu-22.04/bin/clang-16 -pthread --target=wasm32-unknown-wasi --sysroot /home/lind-wasm/glibc/sysroot -Wl,--import-memory,--export-memory,--max-memory=67108864,--export=__stack_pointer -g -O0 -o conftest -g -O2   conftest.c  >&5
In file included from conftest.c:84:
In file included from /home/clang+llvm-16.0.4-x86_64-linux-gnu-ubuntu-22.04/lib/clang/16/include/limits.h:21:
In file included from /home/lind-wasm/glibc/sysroot/include/wasm32-wasi/limits.h:195:
In file included from /home/lind-wasm/glibc/sysroot/include/wasm32-wasi/bits/posix1_lim.h:161:
/home/lind-wasm/glibc/sysroot/include/wasm32-wasi/bits/local_lim.h:38:10: fatal error: 'linux/limits.h' file not found
#include <linux/limits.h>
         ^~~~~~~~~~~~~~~~
1 error generated.
configure:9804: $? = 1
configure: failed program was:
| /* confdefs.h */
| #define PACKAGE_NAME "GNU coreutils"
| #define PACKAGE_TARNAME "coreutils"
| #define PACKAGE_VERSION "9.3"
| #define PACKAGE_STRING "GNU coreutils 9.3"
| #define PACKAGE_BUGREPORT "bug-coreutils@gnu.org"
| #define PACKAGE_URL "https://www.gnu.org/software/coreutils/"
| #define PACKAGE "coreutils"
| #define VERSION "9.3"
| #define HAVE_STDIO_H 1
| #define HAVE_STDLIB_H 1
| #define HAVE_STRING_H 1
| #define HAVE_INTTYPES_H 1
| #define HAVE_STDINT_H 1
| #define HAVE_STRINGS_H 1
| #define HAVE_SYS_STAT_H 1
| #define HAVE_SYS_TYPES_H 1
| #define HAVE_UNISTD_H 1
| #define HAVE_WCHAR_H 1
| #define HAVE_FEATURES_H 1
| #define HAVE_ERROR_H 1
| #define HAVE_FNMATCH_H 1
| #define HAVE_STDIO_EXT_H 1
| #define HAVE_SYS_VFS_H 1
| #define HAVE_GETOPT_H 1
| #define HAVE_SYS_CDEFS_H 1
| #define HAVE_TERMIOS_H 1
| #define HAVE_SYS_TIME_H 1
| #define HAVE_GRP_H 1
| #define HAVE_THREADS_H 1
| #define HAVE_ICONV_H 1
| #define HAVE_WCTYPE_H 1
| #define HAVE_LANGINFO_H 1
| #define HAVE_MATH_H 1
| #define HAVE_SYS_MMAN_H 1
| #define HAVE_SYS_STATVFS_H 1
| #define HAVE_SYS_SELECT_H 1
| #define HAVE_PTHREAD_H 1
| #define HAVE_UTMP_H 1
| #define HAVE_UTMPX_H 1
| #define HAVE_MALLOC_H 1
| #define HAVE_STDBOOL_H 1
| #define HAVE_SYS_IOCTL_H 1
| #define HAVE_SYS_RANDOM_H 1
| #define HAVE_SYS_RESOURCE_H 1
| #define HAVE_SYS_UIO_H 1
| #define HAVE_SYS_UTSNAME_H 1
| #define HAVE_SYS_WAIT_H 1
| #define HAVE_UTIME_H 1
| #define HAVE_SEMAPHORE_H 1
| #define HAVE_LINUX_FALLOC_H 1
| #define HAVE_PATHS_H 1
| #define HAVE_SYS_MTIO_H 1
| #define HAVE_SYSLOG_H 1
| #define HAVE_PWD_H 1
| #define STDC_HEADERS 1
| #define _ALL_SOURCE 1
| #define _DARWIN_C_SOURCE 1
| #define _GNU_SOURCE 1
| #define _HPUX_ALT_XOPEN_SOCKET_API 1
| #define _NETBSD_SOURCE 1
| #define _OPENBSD_SOURCE 1
| #define _POSIX_PTHREAD_SEMANTICS 1
| #define __STDC_WANT_IEC_60559_ATTRIBS_EXT__ 1
| #define __STDC_WANT_IEC_60559_BFP_EXT__ 1
| #define __STDC_WANT_IEC_60559_DFP_EXT__ 1
| #define __STDC_WANT_IEC_60559_EXT__ 1
| #define __STDC_WANT_IEC_60559_FUNCS_EXT__ 1
| #define __STDC_WANT_IEC_60559_TYPES_EXT__ 1
| #define __STDC_WANT_LIB_EXT2__ 1
| #define __STDC_WANT_MATH_SPEC_FUNCS__ 1
| #define _TANDEM_SOURCE 1
| #define __EXTENSIONS__ 1
| #define _FILE_OFFSET_BITS 64
| #define _TIME_BITS 64
| /* end confdefs.h.  */
| /* Define fsync to an innocuous variant, in case <limits.h> declares fsync.
|    For example, HP-UX 11i <limits.h> declares gettimeofday.  */
| #define fsync innocuous_fsync
| 
| /* System header to define __stub macros and hopefully few prototypes,
|    which can conflict with char fsync (void); below.  */
| 
| #include <limits.h>
| #undef fsync
| 
| /* Override any GCC internal prototype to avoid an error.
|    Use char because int might match the return type of a GCC
|    builtin and then its argument prototype would still apply.  */
| #ifdef __cplusplus
| extern "C"
| #endif
| char fsync (void);
| /* The GNU C library defines this for functions which it implements
|     to always fail with ENOSYS.  Some functions are actually named
|     something starting with __ and the normal name is an alias.  */
| #if defined __stub_fsync || defined __stub___fsync
| choke me
| #endif
| 
| int
| main (void)
| {
| return fsync ();
|   ;
|   return 0;
| }
configure:9804: result: no
configure:9804: checking for openat
configure:9804: /home/clang+llvm-16.0.4-x86_64-linux-gnu-ubuntu-22.04/bin/clang-16 -pthread --target=wasm32-unknown-wasi --sysroot /home/lind-wasm/glibc/sysroot -Wl,--import-memory,--export-memory,--max-memory=67108864,--export=__stack_pointer -g -O0 -o conftest -g -O2   conftest.c  >&5
In file included from conftest.c:84:
In file included from /home/clang+llvm-16.0.4-x86_64-linux-gnu-ubuntu-22.04/lib/clang/16/include/limits.h:21:
In file included from /home/lind-wasm/glibc/sysroot/include/wasm32-wasi/limits.h:195:
In file included from /home/lind-wasm/glibc/sysroot/include/wasm32-wasi/bits/posix1_lim.h:161:
/home/lind-wasm/glibc/sysroot/include/wasm32-wasi/bits/local_lim.h:38:10: fatal error: 'linux/limits.h' file not found
#include <linux/limits.h>
         ^~~~~~~~~~~~~~~~
1 error generated.
configure:9804: $? = 1
configure: failed program was:
| /* confdefs.h */
| #define PACKAGE_NAME "GNU coreutils"
| #define PACKAGE_TARNAME "coreutils"
| #define PACKAGE_VERSION "9.3"
| #define PACKAGE_STRING "GNU coreutils 9.3"
| #define PACKAGE_BUGREPORT "bug-coreutils@gnu.org"
| #define PACKAGE_URL "https://www.gnu.org/software/coreutils/"
| #define PACKAGE "coreutils"
| #define VERSION "9.3"
| #define HAVE_STDIO_H 1
| #define HAVE_STDLIB_H 1
| #define HAVE_STRING_H 1
| #define HAVE_INTTYPES_H 1
| #define HAVE_STDINT_H 1
| #define HAVE_STRINGS_H 1
| #define HAVE_SYS_STAT_H 1
| #define HAVE_SYS_TYPES_H 1
| #define HAVE_UNISTD_H 1
| #define HAVE_WCHAR_H 1
| #define HAVE_FEATURES_H 1
| #define HAVE_ERROR_H 1
| #define HAVE_FNMATCH_H 1
| #define HAVE_STDIO_EXT_H 1
| #define HAVE_SYS_VFS_H 1
| #define HAVE_GETOPT_H 1
| #define HAVE_SYS_CDEFS_H 1
| #define HAVE_TERMIOS_H 1
| #define HAVE_SYS_TIME_H 1
| #define HAVE_GRP_H 1
| #define HAVE_THREADS_H 1
| #define HAVE_ICONV_H 1
| #define HAVE_WCTYPE_H 1
| #define HAVE_LANGINFO_H 1
| #define HAVE_MATH_H 1
| #define HAVE_SYS_MMAN_H 1
| #define HAVE_SYS_STATVFS_H 1
| #define HAVE_SYS_SELECT_H 1
| #define HAVE_PTHREAD_H 1
| #define HAVE_UTMP_H 1
| #define HAVE_UTMPX_H 1
| #define HAVE_MALLOC_H 1
| #define HAVE_STDBOOL_H 1
| #define HAVE_SYS_IOCTL_H 1
| #define HAVE_SYS_RANDOM_H 1
| #define HAVE_SYS_RESOURCE_H 1
| #define HAVE_SYS_UIO_H 1
| #define HAVE_SYS_UTSNAME_H 1
| #define HAVE_SYS_WAIT_H 1
| #define HAVE_UTIME_H 1
| #define HAVE_SEMAPHORE_H 1
| #define HAVE_LINUX_FALLOC_H 1
| #define HAVE_PATHS_H 1
| #define HAVE_SYS_MTIO_H 1
| #define HAVE_SYSLOG_H 1
| #define HAVE_PWD_H 1
| #define STDC_HEADERS 1
| #define _ALL_SOURCE 1
| #define _DARWIN_C_SOURCE 1
| #define _GNU_SOURCE 1
| #define _HPUX_ALT_XOPEN_SOCKET_API 1
| #define _NETBSD_SOURCE 1
| #define _OPENBSD_SOURCE 1
| #define _POSIX_PTHREAD_SEMANTICS 1
| #define __STDC_WANT_IEC_60559_ATTRIBS_EXT__ 1
| #define __STDC_WANT_IEC_60559_BFP_EXT__ 1
| #define __STDC_WANT_IEC_60559_DFP_EXT__ 1
| #define __STDC_WANT_IEC_60559_EXT__ 1
| #define __STDC_WANT_IEC_60559_FUNCS_EXT__ 1
| #define __STDC_WANT_IEC_60559_TYPES_EXT__ 1
| #define __STDC_WANT_LIB_EXT2__ 1
| #define __STDC_WANT_MATH_SPEC_FUNCS__ 1
| #define _TANDEM_SOURCE 1
| #define __EXTENSIONS__ 1
| #define _FILE_OFFSET_BITS 64
| #define _TIME_BITS 64
| /* end confdefs.h.  */
| /* Define openat to an innocuous variant, in case <limits.h> declares openat.
|    For example, HP-UX 11i <limits.h> declares gettimeofday.  */
| #define openat innocuous_openat
| 
| /* System header to define __stub macros and hopefully few prototypes,
|    which can conflict with char openat (void); below.  */
| 
| #include <limits.h>
| #undef openat
| 
| /* Override any GCC internal prototype to avoid an error.
|    Use char because int might match the return type of a GCC
|    builtin and then its argument prototype would still apply.  */
| #ifdef __cplusplus
| extern "C"
| #endif
| char openat (void);
| /* The GNU C library defines this for functions which it implements
|     to always fail with ENOSYS.  Some functions are actually named
|     something starting with __ and the normal name is an alias.  */
| #if defined __stub_openat || defined __stub___openat
| choke me
| #endif
| 
| int
| main (void)
| {
| return openat ();
|   ;
|   return 0;
| }
configure:9804: result: no
configure:9804: checking for fstatfs
configure:9804: /home/clang+llvm-16.0.4-x86_64-linux-gnu-ubuntu-22.04/bin/clang-16 -pthread --target=wasm32-unknown-wasi --sysroot /home/lind-wasm/glibc/sysroot -Wl,--import-memory,--export-memory,--max-memory=67108864,--export=__stack_pointer -g -O0 -o conftest -g -O2   conftest.c  >&5
In file included from conftest.c:84:
In file included from /home/clang+llvm-16.0.4-x86_64-linux-gnu-ubuntu-22.04/lib/clang/16/include/limits.h:21:
In file included from /home/lind-wasm/glibc/sysroot/include/wasm32-wasi/limits.h:195:
In file included from /home/lind-wasm/glibc/sysroot/include/wasm32-wasi/bits/posix1_lim.h:161:
/home/lind-wasm/glibc/sysroot/include/wasm32-wasi/bits/local_lim.h:38:10: fatal error: 'linux/limits.h' file not found
#include <linux/limits.h>
         ^~~~~~~~~~~~~~~~
1 error generated.
configure:9804: $? = 1
configure: failed program was:
| /* confdefs.h */
| #define PACKAGE_NAME "GNU coreutils"
| #define PACKAGE_TARNAME "coreutils"
| #define PACKAGE_VERSION "9.3"
| #define PACKAGE_STRING "GNU coreutils 9.3"
| #define PACKAGE_BUGREPORT "bug-coreutils@gnu.org"
| #define PACKAGE_URL "https://www.gnu.org/software/coreutils/"
| #define PACKAGE "coreutils"
| #define VERSION "9.3"
| #define HAVE_STDIO_H 1
| #define HAVE_STDLIB_H 1
| #define HAVE_STRING_H 1
| #define HAVE_INTTYPES_H 1
| #define HAVE_STDINT_H 1
| #define HAVE_STRINGS_H 1
| #define HAVE_SYS_STAT_H 1
| #define HAVE_SYS_TYPES_H 1
| #define HAVE_UNISTD_H 1
| #define HAVE_WCHAR_H 1
| #define HAVE_FEATURES_H 1
| #define HAVE_ERROR_H 1
| #define HAVE_FNMATCH_H 1
| #define HAVE_STDIO_EXT_H 1
| #define HAVE_SYS_VFS_H 1
| #define HAVE_GETOPT_H 1
| #define HAVE_SYS_CDEFS_H 1
| #define HAVE_TERMIOS_H 1
| #define HAVE_SYS_TIME_H 1
| #define HAVE_GRP_H 1
| #define HAVE_THREADS_H 1
| #define HAVE_ICONV_H 1
| #define HAVE_WCTYPE_H 1
| #define HAVE_LANGINFO_H 1
| #define HAVE_MATH_H 1
| #define HAVE_SYS_MMAN_H 1
| #define HAVE_SYS_STATVFS_H 1
| #define HAVE_SYS_SELECT_H 1
| #define HAVE_PTHREAD_H 1
| #define HAVE_UTMP_H 1
| #define HAVE_UTMPX_H 1
| #define HAVE_MALLOC_H 1
| #define HAVE_STDBOOL_H 1
| #define HAVE_SYS_IOCTL_H 1
| #define HAVE_SYS_RANDOM_H 1
| #define HAVE_SYS_RESOURCE_H 1
| #define HAVE_SYS_UIO_H 1
| #define HAVE_SYS_UTSNAME_H 1
| #define HAVE_SYS_WAIT_H 1
| #define HAVE_UTIME_H 1
| #define HAVE_SEMAPHORE_H 1
| #define HAVE_LINUX_FALLOC_H 1
| #define HAVE_PATHS_H 1
| #define HAVE_SYS_MTIO_H 1
| #define HAVE_SYSLOG_H 1
| #define HAVE_PWD_H 1
| #define STDC_HEADERS 1
| #define _ALL_SOURCE 1
| #define _DARWIN_C_SOURCE 1
| #define _GNU_SOURCE 1
| #define _HPUX_ALT_XOPEN_SOCKET_API 1
| #define _NETBSD_SOURCE 1
| #define _OPENBSD_SOURCE 1
| #define _POSIX_PTHREAD_SEMANTICS 1
| #define __STDC_WANT_IEC_60559_ATTRIBS_EXT__ 1
| #define __STDC_WANT_IEC_60559_BFP_EXT__ 1
| #define __STDC_WANT_IEC_60559_DFP_EXT__ 1
| #define __STDC_WANT_IEC_60559_EXT__ 1
| #define __STDC_WANT_IEC_60559_FUNCS_EXT__ 1
| #define __STDC_WANT_IEC_60559_TYPES_EXT__ 1
| #define __STDC_WANT_LIB_EXT2__ 1
| #define __STDC_WANT_MATH_SPEC_FUNCS__ 1
| #define _TANDEM_SOURCE 1
| #define __EXTENSIONS__ 1
| #define _FILE_OFFSET_BITS 64
| #define _TIME_BITS 64
| /* end confdefs.h.  */
| /* Define fstatfs to an innocuous variant, in case <limits.h> declares fstatfs.
|    For example, HP-UX 11i <limits.h> declares gettimeofday.  */
| #define fstatfs innocuous_fstatfs
| 
| /* System header to define __stub macros and hopefully few prototypes,
|    which can conflict with char fstatfs (void); below.  */
| 
| #include <limits.h>
| #undef fstatfs
| 
| /* Override any GCC internal prototype to avoid an error.
|    Use char because int might match the return type of a GCC
|    builtin and then its argument prototype would still apply.  */
| #ifdef __cplusplus
| extern "C"
| #endif
| char fstatfs (void);
| /* The GNU C library defines this for functions which it implements
|     to always fail with ENOSYS.  Some functions are actually named
|     something starting with __ and the normal name is an alias.  */
| #if defined __stub_fstatfs || defined __stub___fstatfs
| choke me
| #endif
| 
| int
| main (void)
| {
| return fstatfs ();
|   ;
|   return 0;
| }
configure:9804: result: no
configure:9804: checking for getdtablesize
configure:9804: /home/clang+llvm-16.0.4-x86_64-linux-gnu-ubuntu-22.04/bin/clang-16 -pthread --target=wasm32-unknown-wasi --sysroot /home/lind-wasm/glibc/sysroot -Wl,--import-memory,--export-memory,--max-memory=67108864,--export=__stack_pointer -g -O0 -o conftest -g -O2   conftest.c  >&5
In file included from conftest.c:84:
In file included from /home/clang+llvm-16.0.4-x86_64-linux-gnu-ubuntu-22.04/lib/clang/16/include/limits.h:21:
In file included from /home/lind-wasm/glibc/sysroot/include/wasm32-wasi/limits.h:195:
In file included from /home/lind-wasm/glibc/sysroot/include/wasm32-wasi/bits/posix1_lim.h:161:
/home/lind-wasm/glibc/sysroot/include/wasm32-wasi/bits/local_lim.h:38:10: fatal error: 'linux/limits.h' file not found
#include <linux/limits.h>
         ^~~~~~~~~~~~~~~~
1 error generated.
configure:9804: $? = 1
configure: failed program was:
| /* confdefs.h */
| #define PACKAGE_NAME "GNU coreutils"
| #define PACKAGE_TARNAME "coreutils"
| #define PACKAGE_VERSION "9.3"
| #define PACKAGE_STRING "GNU coreutils 9.3"
| #define PACKAGE_BUGREPORT "bug-coreutils@gnu.org"
| #define PACKAGE_URL "https://www.gnu.org/software/coreutils/"
| #define PACKAGE "coreutils"
| #define VERSION "9.3"
| #define HAVE_STDIO_H 1
| #define HAVE_STDLIB_H 1
| #define HAVE_STRING_H 1
| #define HAVE_INTTYPES_H 1
| #define HAVE_STDINT_H 1
| #define HAVE_STRINGS_H 1
| #define HAVE_SYS_STAT_H 1
| #define HAVE_SYS_TYPES_H 1
| #define HAVE_UNISTD_H 1
| #define HAVE_WCHAR_H 1
| #define HAVE_FEATURES_H 1
| #define HAVE_ERROR_H 1
| #define HAVE_FNMATCH_H 1
| #define HAVE_STDIO_EXT_H 1
| #define HAVE_SYS_VFS_H 1
| #define HAVE_GETOPT_H 1
| #define HAVE_SYS_CDEFS_H 1
| #define HAVE_TERMIOS_H 1
| #define HAVE_SYS_TIME_H 1
| #define HAVE_GRP_H 1
| #define HAVE_THREADS_H 1
| #define HAVE_ICONV_H 1
| #define HAVE_WCTYPE_H 1
| #define HAVE_LANGINFO_H 1
| #define HAVE_MATH_H 1
| #define HAVE_SYS_MMAN_H 1
| #define HAVE_SYS_STATVFS_H 1
| #define HAVE_SYS_SELECT_H 1
| #define HAVE_PTHREAD_H 1
| #define HAVE_UTMP_H 1
| #define HAVE_UTMPX_H 1
| #define HAVE_MALLOC_H 1
| #define HAVE_STDBOOL_H 1
| #define HAVE_SYS_IOCTL_H 1
| #define HAVE_SYS_RANDOM_H 1
| #define HAVE_SYS_RESOURCE_H 1
| #define HAVE_SYS_UIO_H 1
| #define HAVE_SYS_UTSNAME_H 1
| #define HAVE_SYS_WAIT_H 1
| #define HAVE_UTIME_H 1
| #define HAVE_SEMAPHORE_H 1
| #define HAVE_LINUX_FALLOC_H 1
| #define HAVE_PATHS_H 1
| #define HAVE_SYS_MTIO_H 1
| #define HAVE_SYSLOG_H 1
| #define HAVE_PWD_H 1
| #define STDC_HEADERS 1
| #define _ALL_SOURCE 1
| #define _DARWIN_C_SOURCE 1
| #define _GNU_SOURCE 1
| #define _HPUX_ALT_XOPEN_SOCKET_API 1
| #define _NETBSD_SOURCE 1
| #define _OPENBSD_SOURCE 1
| #define _POSIX_PTHREAD_SEMANTICS 1
| #define __STDC_WANT_IEC_60559_ATTRIBS_EXT__ 1
| #define __STDC_WANT_IEC_60559_BFP_EXT__ 1
| #define __STDC_WANT_IEC_60559_DFP_EXT__ 1
| #define __STDC_WANT_IEC_60559_EXT__ 1
| #define __STDC_WANT_IEC_60559_FUNCS_EXT__ 1
| #define __STDC_WANT_IEC_60559_TYPES_EXT__ 1
| #define __STDC_WANT_LIB_EXT2__ 1
| #define __STDC_WANT_MATH_SPEC_FUNCS__ 1
| #define _TANDEM_SOURCE 1
| #define __EXTENSIONS__ 1
| #define _FILE_OFFSET_BITS 64
| #define _TIME_BITS 64
| /* end confdefs.h.  */
| /* Define getdtablesize to an innocuous variant, in case <limits.h> declares getdtablesize.
|    For example, HP-UX 11i <limits.h> declares gettimeofday.  */
| #define getdtablesize innocuous_getdtablesize
| 
| /* System header to define __stub macros and hopefully few prototypes,
|    which can conflict with char getdtablesize (void); below.  */
| 
| #include <limits.h>
| #undef getdtablesize
| 
| /* Override any GCC internal prototype to avoid an error.
|    Use char because int might match the return type of a GCC
|    builtin and then its argument prototype would still apply.  */
| #ifdef __cplusplus
| extern "C"
| #endif
| char getdtablesize (void);
| /* The GNU C library defines this for functions which it implements
|     to always fail with ENOSYS.  Some functions are actually named
|     something starting with __ and the normal name is an alias.  */
| #if defined __stub_getdtablesize || defined __stub___getdtablesize
| choke me
| #endif
| 
| int
| main (void)
| {
| return getdtablesize ();
|   ;
|   return 0;
| }
configure:9804: result: no
configure:9804: checking for microuptime
configure:9804: /home/clang+llvm-16.0.4-x86_64-linux-gnu-ubuntu-22.04/bin/clang-16 -pthread --target=wasm32-unknown-wasi --sysroot /home/lind-wasm/glibc/sysroot -Wl,--import-memory,--export-memory,--max-memory=67108864,--export=__stack_pointer -g -O0 -o conftest -g -O2   conftest.c  >&5
In file included from conftest.c:84:
In file included from /home/clang+llvm-16.0.4-x86_64-linux-gnu-ubuntu-22.04/lib/clang/16/include/limits.h:21:
In file included from /home/lind-wasm/glibc/sysroot/include/wasm32-wasi/limits.h:195:
In file included from /home/lind-wasm/glibc/sysroot/include/wasm32-wasi/bits/posix1_lim.h:161:
/home/lind-wasm/glibc/sysroot/include/wasm32-wasi/bits/local_lim.h:38:10: fatal error: 'linux/limits.h' file not found
#include <linux/limits.h>
         ^~~~~~~~~~~~~~~~
1 error generated.
configure:9804: $? = 1
configure: failed program was:
| /* confdefs.h */
| #define PACKAGE_NAME "GNU coreutils"
| #define PACKAGE_TARNAME "coreutils"
| #define PACKAGE_VERSION "9.3"
| #define PACKAGE_STRING "GNU coreutils 9.3"
| #define PACKAGE_BUGREPORT "bug-coreutils@gnu.org"
| #define PACKAGE_URL "https://www.gnu.org/software/coreutils/"
| #define PACKAGE "coreutils"
| #define VERSION "9.3"
| #define HAVE_STDIO_H 1
| #define HAVE_STDLIB_H 1
| #define HAVE_STRING_H 1
| #define HAVE_INTTYPES_H 1
| #define HAVE_STDINT_H 1
| #define HAVE_STRINGS_H 1
| #define HAVE_SYS_STAT_H 1
| #define HAVE_SYS_TYPES_H 1
| #define HAVE_UNISTD_H 1
| #define HAVE_WCHAR_H 1
| #define HAVE_FEATURES_H 1
| #define HAVE_ERROR_H 1
| #define HAVE_FNMATCH_H 1
| #define HAVE_STDIO_EXT_H 1
| #define HAVE_SYS_VFS_H 1
| #define HAVE_GETOPT_H 1
| #define HAVE_SYS_CDEFS_H 1
| #define HAVE_TERMIOS_H 1
| #define HAVE_SYS_TIME_H 1
| #define HAVE_GRP_H 1
| #define HAVE_THREADS_H 1
| #define HAVE_ICONV_H 1
| #define HAVE_WCTYPE_H 1
| #define HAVE_LANGINFO_H 1
| #define HAVE_MATH_H 1
| #define HAVE_SYS_MMAN_H 1
| #define HAVE_SYS_STATVFS_H 1
| #define HAVE_SYS_SELECT_H 1
| #define HAVE_PTHREAD_H 1
| #define HAVE_UTMP_H 1
| #define HAVE_UTMPX_H 1
| #define HAVE_MALLOC_H 1
| #define HAVE_STDBOOL_H 1
| #define HAVE_SYS_IOCTL_H 1
| #define HAVE_SYS_RANDOM_H 1
| #define HAVE_SYS_RESOURCE_H 1
| #define HAVE_SYS_UIO_H 1
| #define HAVE_SYS_UTSNAME_H 1
| #define HAVE_SYS_WAIT_H 1
| #define HAVE_UTIME_H 1
| #define HAVE_SEMAPHORE_H 1
| #define HAVE_LINUX_FALLOC_H 1
| #define HAVE_PATHS_H 1
| #define HAVE_SYS_MTIO_H 1
| #define HAVE_SYSLOG_H 1
| #define HAVE_PWD_H 1
| #define STDC_HEADERS 1
| #define _ALL_SOURCE 1
| #define _DARWIN_C_SOURCE 1
| #define _GNU_SOURCE 1
| #define _HPUX_ALT_XOPEN_SOCKET_API 1
| #define _NETBSD_SOURCE 1
| #define _OPENBSD_SOURCE 1
| #define _POSIX_PTHREAD_SEMANTICS 1
| #define __STDC_WANT_IEC_60559_ATTRIBS_EXT__ 1
| #define __STDC_WANT_IEC_60559_BFP_EXT__ 1
| #define __STDC_WANT_IEC_60559_DFP_EXT__ 1
| #define __STDC_WANT_IEC_60559_EXT__ 1
| #define __STDC_WANT_IEC_60559_FUNCS_EXT__ 1
| #define __STDC_WANT_IEC_60559_TYPES_EXT__ 1
| #define __STDC_WANT_LIB_EXT2__ 1
| #define __STDC_WANT_MATH_SPEC_FUNCS__ 1
| #define _TANDEM_SOURCE 1
| #define __EXTENSIONS__ 1
| #define _FILE_OFFSET_BITS 64
| #define _TIME_BITS 64
| /* end confdefs.h.  */
| /* Define microuptime to an innocuous variant, in case <limits.h> declares microuptime.
|    For example, HP-UX 11i <limits.h> declares gettimeofday.  */
| #define microuptime innocuous_microuptime
| 
| /* System header to define __stub macros and hopefully few prototypes,
|    which can conflict with char microuptime (void); below.  */
| 
| #include <limits.h>
| #undef microuptime
| 
| /* Override any GCC internal prototype to avoid an error.
|    Use char because int might match the return type of a GCC
|    builtin and then its argument prototype would still apply.  */
| #ifdef __cplusplus
| extern "C"
| #endif
| char microuptime (void);
| /* The GNU C library defines this for functions which it implements
|     to always fail with ENOSYS.  Some functions are actually named
|     something starting with __ and the normal name is an alias.  */
| #if defined __stub_microuptime || defined __stub___microuptime
| choke me
| #endif
| 
| int
| main (void)
| {
| return microuptime ();
|   ;
|   return 0;
| }
configure:9804: result: no
configure:9804: checking for nanouptime
configure:9804: /home/clang+llvm-16.0.4-x86_64-linux-gnu-ubuntu-22.04/bin/clang-16 -pthread --target=wasm32-unknown-wasi --sysroot /home/lind-wasm/glibc/sysroot -Wl,--import-memory,--export-memory,--max-memory=67108864,--export=__stack_pointer -g -O0 -o conftest -g -O2   conftest.c  >&5
In file included from conftest.c:84:
In file included from /home/clang+llvm-16.0.4-x86_64-linux-gnu-ubuntu-22.04/lib/clang/16/include/limits.h:21:
In file included from /home/lind-wasm/glibc/sysroot/include/wasm32-wasi/limits.h:195:
In file included from /home/lind-wasm/glibc/sysroot/include/wasm32-wasi/bits/posix1_lim.h:161:
/home/lind-wasm/glibc/sysroot/include/wasm32-wasi/bits/local_lim.h:38:10: fatal error: 'linux/limits.h' file not found
#include <linux/limits.h>
         ^~~~~~~~~~~~~~~~
1 error generated.
configure:9804: $? = 1
configure: failed program was:
| /* confdefs.h */
| #define PACKAGE_NAME "GNU coreutils"
| #define PACKAGE_TARNAME "coreutils"
| #define PACKAGE_VERSION "9.3"
| #define PACKAGE_STRING "GNU coreutils 9.3"
| #define PACKAGE_BUGREPORT "bug-coreutils@gnu.org"
| #define PACKAGE_URL "https://www.gnu.org/software/coreutils/"
| #define PACKAGE "coreutils"
| #define VERSION "9.3"
| #define HAVE_STDIO_H 1
| #define HAVE_STDLIB_H 1
| #define HAVE_STRING_H 1
| #define HAVE_INTTYPES_H 1
| #define HAVE_STDINT_H 1
| #define HAVE_STRINGS_H 1
| #define HAVE_SYS_STAT_H 1
| #define HAVE_SYS_TYPES_H 1
| #define HAVE_UNISTD_H 1
| #define HAVE_WCHAR_H 1
| #define HAVE_FEATURES_H 1
| #define HAVE_ERROR_H 1
| #define HAVE_FNMATCH_H 1
| #define HAVE_STDIO_EXT_H 1
| #define HAVE_SYS_VFS_H 1
| #define HAVE_GETOPT_H 1
| #define HAVE_SYS_CDEFS_H 1
| #define HAVE_TERMIOS_H 1
| #define HAVE_SYS_TIME_H 1
| #define HAVE_GRP_H 1
| #define HAVE_THREADS_H 1
| #define HAVE_ICONV_H 1
| #define HAVE_WCTYPE_H 1
| #define HAVE_LANGINFO_H 1
| #define HAVE_MATH_H 1
| #define HAVE_SYS_MMAN_H 1
| #define HAVE_SYS_STATVFS_H 1
| #define HAVE_SYS_SELECT_H 1
| #define HAVE_PTHREAD_H 1
| #define HAVE_UTMP_H 1
| #define HAVE_UTMPX_H 1
| #define HAVE_MALLOC_H 1
| #define HAVE_STDBOOL_H 1
| #define HAVE_SYS_IOCTL_H 1
| #define HAVE_SYS_RANDOM_H 1
| #define HAVE_SYS_RESOURCE_H 1
| #define HAVE_SYS_UIO_H 1
| #define HAVE_SYS_UTSNAME_H 1
| #define HAVE_SYS_WAIT_H 1
| #define HAVE_UTIME_H 1
| #define HAVE_SEMAPHORE_H 1
| #define HAVE_LINUX_FALLOC_H 1
| #define HAVE_PATHS_H 1
| #define HAVE_SYS_MTIO_H 1
| #define HAVE_SYSLOG_H 1
| #define HAVE_PWD_H 1
| #define STDC_HEADERS 1
| #define _ALL_SOURCE 1
| #define _DARWIN_C_SOURCE 1
| #define _GNU_SOURCE 1
| #define _HPUX_ALT_XOPEN_SOCKET_API 1
| #define _NETBSD_SOURCE 1
| #define _OPENBSD_SOURCE 1
| #define _POSIX_PTHREAD_SEMANTICS 1
| #define __STDC_WANT_IEC_60559_ATTRIBS_EXT__ 1
| #define __STDC_WANT_IEC_60559_BFP_EXT__ 1
| #define __STDC_WANT_IEC_60559_DFP_EXT__ 1
| #define __STDC_WANT_IEC_60559_EXT__ 1
| #define __STDC_WANT_IEC_60559_FUNCS_EXT__ 1
| #define __STDC_WANT_IEC_60559_TYPES_EXT__ 1
| #define __STDC_WANT_LIB_EXT2__ 1
| #define __STDC_WANT_MATH_SPEC_FUNCS__ 1
| #define _TANDEM_SOURCE 1
| #define __EXTENSIONS__ 1
| #define _FILE_OFFSET_BITS 64
| #define _TIME_BITS 64
| /* end confdefs.h.  */
| /* Define nanouptime to an innocuous variant, in case <limits.h> declares nanouptime.
|    For example, HP-UX 11i <limits.h> declares gettimeofday.  */
| #define nanouptime innocuous_nanouptime
| 
| /* System header to define __stub macros and hopefully few prototypes,
|    which can conflict with char nanouptime (void); below.  */
| 
| #include <limits.h>
| #undef nanouptime
| 
| /* Override any GCC internal prototype to avoid an error.
|    Use char because int might match the return type of a GCC
|    builtin and then its argument prototype would still apply.  */
| #ifdef __cplusplus
| extern "C"
| #endif
| char nanouptime (void);
| /* The GNU C library defines this for functions which it implements
|     to always fail with ENOSYS.  Some functions are actually named
|     something starting with __ and the normal name is an alias.  */
| #if defined __stub_nanouptime || defined __stub___nanouptime
| choke me
| #endif
| 
| int
| main (void)
| {
| return nanouptime ();
|   ;
|   return 0;
| }
configure:9804: result: no
configure:9804: checking for getlogin
configure:9804: /home/clang+llvm-16.0.4-x86_64-linux-gnu-ubuntu-22.04/bin/clang-16 -pthread --target=wasm32-unknown-wasi --sysroot /home/lind-wasm/glibc/sysroot -Wl,--import-memory,--export-memory,--max-memory=67108864,--export=__stack_pointer -g -O0 -o conftest -g -O2   conftest.c  >&5
In file included from conftest.c:84:
In file included from /home/clang+llvm-16.0.4-x86_64-linux-gnu-ubuntu-22.04/lib/clang/16/include/limits.h:21:
In file included from /home/lind-wasm/glibc/sysroot/include/wasm32-wasi/limits.h:195:
In file included from /home/lind-wasm/glibc/sysroot/include/wasm32-wasi/bits/posix1_lim.h:161:
/home/lind-wasm/glibc/sysroot/include/wasm32-wasi/bits/local_lim.h:38:10: fatal error: 'linux/limits.h' file not found
#include <linux/limits.h>
         ^~~~~~~~~~~~~~~~
1 error generated.
configure:9804: $? = 1
configure: failed program was:
| /* confdefs.h */
| #define PACKAGE_NAME "GNU coreutils"
| #define PACKAGE_TARNAME "coreutils"
| #define PACKAGE_VERSION "9.3"
| #define PACKAGE_STRING "GNU coreutils 9.3"
| #define PACKAGE_BUGREPORT "bug-coreutils@gnu.org"
| #define PACKAGE_URL "https://www.gnu.org/software/coreutils/"
| #define PACKAGE "coreutils"
| #define VERSION "9.3"
| #define HAVE_STDIO_H 1
| #define HAVE_STDLIB_H 1
| #define HAVE_STRING_H 1
| #define HAVE_INTTYPES_H 1
| #define HAVE_STDINT_H 1
| #define HAVE_STRINGS_H 1
| #define HAVE_SYS_STAT_H 1
| #define HAVE_SYS_TYPES_H 1
| #define HAVE_UNISTD_H 1
| #define HAVE_WCHAR_H 1
| #define HAVE_FEATURES_H 1
| #define HAVE_ERROR_H 1
| #define HAVE_FNMATCH_H 1
| #define HAVE_STDIO_EXT_H 1
| #define HAVE_SYS_VFS_H 1
| #define HAVE_GETOPT_H 1
| #define HAVE_SYS_CDEFS_H 1
| #define HAVE_TERMIOS_H 1
| #define HAVE_SYS_TIME_H 1
| #define HAVE_GRP_H 1
| #define HAVE_THREADS_H 1
| #define HAVE_ICONV_H 1
| #define HAVE_WCTYPE_H 1
| #define HAVE_LANGINFO_H 1
| #define HAVE_MATH_H 1
| #define HAVE_SYS_MMAN_H 1
| #define HAVE_SYS_STATVFS_H 1
| #define HAVE_SYS_SELECT_H 1
| #define HAVE_PTHREAD_H 1
| #define HAVE_UTMP_H 1
| #define HAVE_UTMPX_H 1
| #define HAVE_MALLOC_H 1
| #define HAVE_STDBOOL_H 1
| #define HAVE_SYS_IOCTL_H 1
| #define HAVE_SYS_RANDOM_H 1
| #define HAVE_SYS_RESOURCE_H 1
| #define HAVE_SYS_UIO_H 1
| #define HAVE_SYS_UTSNAME_H 1
| #define HAVE_SYS_WAIT_H 1
| #define HAVE_UTIME_H 1
| #define HAVE_SEMAPHORE_H 1
| #define HAVE_LINUX_FALLOC_H 1
| #define HAVE_PATHS_H 1
| #define HAVE_SYS_MTIO_H 1
| #define HAVE_SYSLOG_H 1
| #define HAVE_PWD_H 1
| #define STDC_HEADERS 1
| #define _ALL_SOURCE 1
| #define _DARWIN_C_SOURCE 1
| #define _GNU_SOURCE 1
| #define _HPUX_ALT_XOPEN_SOCKET_API 1
| #define _NETBSD_SOURCE 1
| #define _OPENBSD_SOURCE 1
| #define _POSIX_PTHREAD_SEMANTICS 1
| #define __STDC_WANT_IEC_60559_ATTRIBS_EXT__ 1
| #define __STDC_WANT_IEC_60559_BFP_EXT__ 1
| #define __STDC_WANT_IEC_60559_DFP_EXT__ 1
| #define __STDC_WANT_IEC_60559_EXT__ 1
| #define __STDC_WANT_IEC_60559_FUNCS_EXT__ 1
| #define __STDC_WANT_IEC_60559_TYPES_EXT__ 1
| #define __STDC_WANT_LIB_EXT2__ 1
| #define __STDC_WANT_MATH_SPEC_FUNCS__ 1
| #define _TANDEM_SOURCE 1
| #define __EXTENSIONS__ 1
| #define _FILE_OFFSET_BITS 64
| #define _TIME_BITS 64
| /* end confdefs.h.  */
| /* Define getlogin to an innocuous variant, in case <limits.h> declares getlogin.
|    For example, HP-UX 11i <limits.h> declares gettimeofday.  */
| #define getlogin innocuous_getlogin
| 
| /* System header to define __stub macros and hopefully few prototypes,
|    which can conflict with char getlogin (void); below.  */
| 
| #include <limits.h>
| #undef getlogin
| 
| /* Override any GCC internal prototype to avoid an error.
|    Use char because int might match the return type of a GCC
|    builtin and then its argument prototype would still apply.  */
| #ifdef __cplusplus
| extern "C"
| #endif
| char getlogin (void);
| /* The GNU C library defines this for functions which it implements
|     to always fail with ENOSYS.  Some functions are actually named
|     something starting with __ and the normal name is an alias.  */
| #if defined __stub_getlogin || defined __stub___getlogin
| choke me
| #endif
| 
| int
| main (void)
| {
| return getlogin ();
|   ;
|   return 0;
| }
configure:9804: result: no
configure:9804: checking for flockfile
configure:9804: /home/clang+llvm-16.0.4-x86_64-linux-gnu-ubuntu-22.04/bin/clang-16 -pthread --target=wasm32-unknown-wasi --sysroot /home/lind-wasm/glibc/sysroot -Wl,--import-memory,--export-memory,--max-memory=67108864,--export=__stack_pointer -g -O0 -o conftest -g -O2   conftest.c  >&5
In file included from conftest.c:84:
In file included from /home/clang+llvm-16.0.4-x86_64-linux-gnu-ubuntu-22.04/lib/clang/16/include/limits.h:21:
In file included from /home/lind-wasm/glibc/sysroot/include/wasm32-wasi/limits.h:195:
In file included from /home/lind-wasm/glibc/sysroot/include/wasm32-wasi/bits/posix1_lim.h:161:
/home/lind-wasm/glibc/sysroot/include/wasm32-wasi/bits/local_lim.h:38:10: fatal error: 'linux/limits.h' file not found
#include <linux/limits.h>
         ^~~~~~~~~~~~~~~~
1 error generated.
configure:9804: $? = 1
configure: failed program was:
| /* confdefs.h */
| #define PACKAGE_NAME "GNU coreutils"
| #define PACKAGE_TARNAME "coreutils"
| #define PACKAGE_VERSION "9.3"
| #define PACKAGE_STRING "GNU coreutils 9.3"
| #define PACKAGE_BUGREPORT "bug-coreutils@gnu.org"
| #define PACKAGE_URL "https://www.gnu.org/software/coreutils/"
| #define PACKAGE "coreutils"
| #define VERSION "9.3"
| #define HAVE_STDIO_H 1
| #define HAVE_STDLIB_H 1
| #define HAVE_STRING_H 1
| #define HAVE_INTTYPES_H 1
| #define HAVE_STDINT_H 1
| #define HAVE_STRINGS_H 1
| #define HAVE_SYS_STAT_H 1
| #define HAVE_SYS_TYPES_H 1
| #define HAVE_UNISTD_H 1
| #define HAVE_WCHAR_H 1
| #define HAVE_FEATURES_H 1
| #define HAVE_ERROR_H 1
| #define HAVE_FNMATCH_H 1
| #define HAVE_STDIO_EXT_H 1
| #define HAVE_SYS_VFS_H 1
| #define HAVE_GETOPT_H 1
| #define HAVE_SYS_CDEFS_H 1
| #define HAVE_TERMIOS_H 1
| #define HAVE_SYS_TIME_H 1
| #define HAVE_GRP_H 1
| #define HAVE_THREADS_H 1
| #define HAVE_ICONV_H 1
| #define HAVE_WCTYPE_H 1
| #define HAVE_LANGINFO_H 1
| #define HAVE_MATH_H 1
| #define HAVE_SYS_MMAN_H 1
| #define HAVE_SYS_STATVFS_H 1
| #define HAVE_SYS_SELECT_H 1
| #define HAVE_PTHREAD_H 1
| #define HAVE_UTMP_H 1
| #define HAVE_UTMPX_H 1
| #define HAVE_MALLOC_H 1
| #define HAVE_STDBOOL_H 1
| #define HAVE_SYS_IOCTL_H 1
| #define HAVE_SYS_RANDOM_H 1
| #define HAVE_SYS_RESOURCE_H 1
| #define HAVE_SYS_UIO_H 1
| #define HAVE_SYS_UTSNAME_H 1
| #define HAVE_SYS_WAIT_H 1
| #define HAVE_UTIME_H 1
| #define HAVE_SEMAPHORE_H 1
| #define HAVE_LINUX_FALLOC_H 1
| #define HAVE_PATHS_H 1
| #define HAVE_SYS_MTIO_H 1
| #define HAVE_SYSLOG_H 1
| #define HAVE_PWD_H 1
| #define STDC_HEADERS 1
| #define _ALL_SOURCE 1
| #define _DARWIN_C_SOURCE 1
| #define _GNU_SOURCE 1
| #define _HPUX_ALT_XOPEN_SOCKET_API 1
| #define _NETBSD_SOURCE 1
| #define _OPENBSD_SOURCE 1
| #define _POSIX_PTHREAD_SEMANTICS 1
| #define __STDC_WANT_IEC_60559_ATTRIBS_EXT__ 1
| #define __STDC_WANT_IEC_60559_BFP_EXT__ 1
| #define __STDC_WANT_IEC_60559_DFP_EXT__ 1
| #define __STDC_WANT_IEC_60559_EXT__ 1
| #define __STDC_WANT_IEC_60559_FUNCS_EXT__ 1
| #define __STDC_WANT_IEC_60559_TYPES_EXT__ 1
| #define __STDC_WANT_LIB_EXT2__ 1
| #define __STDC_WANT_MATH_SPEC_FUNCS__ 1
| #define _TANDEM_SOURCE 1
| #define __EXTENSIONS__ 1
| #define _FILE_OFFSET_BITS 64
| #define _TIME_BITS 64
| /* end confdefs.h.  */
| /* Define flockfile to an innocuous variant, in case <limits.h> declares flockfile.
|    For example, HP-UX 11i <limits.h> declares gettimeofday.  */
| #define flockfile innocuous_flockfile
| 
| /* System header to define __stub macros and hopefully few prototypes,
|    which can conflict with char flockfile (void); below.  */
| 
| #include <limits.h>
| #undef flockfile
| 
| /* Override any GCC internal prototype to avoid an error.
|    Use char because int might match the return type of a GCC
|    builtin and then its argument prototype would still apply.  */
| #ifdef __cplusplus
| extern "C"
| #endif
| char flockfile (void);
| /* The GNU C library defines this for functions which it implements
|     to always fail with ENOSYS.  Some functions are actually named
|     something starting with __ and the normal name is an alias.  */
| #if defined __stub_flockfile || defined __stub___flockfile
| choke me
| #endif
| 
| int
| main (void)
| {
| return flockfile ();
|   ;
|   return 0;
| }
configure:9804: result: no
configure:9804: checking for funlockfile
configure:9804: /home/clang+llvm-16.0.4-x86_64-linux-gnu-ubuntu-22.04/bin/clang-16 -pthread --target=wasm32-unknown-wasi --sysroot /home/lind-wasm/glibc/sysroot -Wl,--import-memory,--export-memory,--max-memory=67108864,--export=__stack_pointer -g -O0 -o conftest -g -O2   conftest.c  >&5
In file included from conftest.c:84:
In file included from /home/clang+llvm-16.0.4-x86_64-linux-gnu-ubuntu-22.04/lib/clang/16/include/limits.h:21:
In file included from /home/lind-wasm/glibc/sysroot/include/wasm32-wasi/limits.h:195:
In file included from /home/lind-wasm/glibc/sysroot/include/wasm32-wasi/bits/posix1_lim.h:161:
/home/lind-wasm/glibc/sysroot/include/wasm32-wasi/bits/local_lim.h:38:10: fatal error: 'linux/limits.h' file not found
#include <linux/limits.h>
         ^~~~~~~~~~~~~~~~
1 error generated.
configure:9804: $? = 1
configure: failed program was:
| /* confdefs.h */
| #define PACKAGE_NAME "GNU coreutils"
| #define PACKAGE_TARNAME "coreutils"
| #define PACKAGE_VERSION "9.3"
| #define PACKAGE_STRING "GNU coreutils 9.3"
| #define PACKAGE_BUGREPORT "bug-coreutils@gnu.org"
| #define PACKAGE_URL "https://www.gnu.org/software/coreutils/"
| #define PACKAGE "coreutils"
| #define VERSION "9.3"
| #define HAVE_STDIO_H 1
| #define HAVE_STDLIB_H 1
| #define HAVE_STRING_H 1
| #define HAVE_INTTYPES_H 1
| #define HAVE_STDINT_H 1
| #define HAVE_STRINGS_H 1
| #define HAVE_SYS_STAT_H 1
| #define HAVE_SYS_TYPES_H 1
| #define HAVE_UNISTD_H 1
| #define HAVE_WCHAR_H 1
| #define HAVE_FEATURES_H 1
| #define HAVE_ERROR_H 1
| #define HAVE_FNMATCH_H 1
| #define HAVE_STDIO_EXT_H 1
| #define HAVE_SYS_VFS_H 1
| #define HAVE_GETOPT_H 1
| #define HAVE_SYS_CDEFS_H 1
| #define HAVE_TERMIOS_H 1
| #define HAVE_SYS_TIME_H 1
| #define HAVE_GRP_H 1
| #define HAVE_THREADS_H 1
| #define HAVE_ICONV_H 1
| #define HAVE_WCTYPE_H 1
| #define HAVE_LANGINFO_H 1
| #define HAVE_MATH_H 1
| #define HAVE_SYS_MMAN_H 1
| #define HAVE_SYS_STATVFS_H 1
| #define HAVE_SYS_SELECT_H 1
| #define HAVE_PTHREAD_H 1
| #define HAVE_UTMP_H 1
| #define HAVE_UTMPX_H 1
| #define HAVE_MALLOC_H 1
| #define HAVE_STDBOOL_H 1
| #define HAVE_SYS_IOCTL_H 1
| #define HAVE_SYS_RANDOM_H 1
| #define HAVE_SYS_RESOURCE_H 1
| #define HAVE_SYS_UIO_H 1
| #define HAVE_SYS_UTSNAME_H 1
| #define HAVE_SYS_WAIT_H 1
| #define HAVE_UTIME_H 1
| #define HAVE_SEMAPHORE_H 1
| #define HAVE_LINUX_FALLOC_H 1
| #define HAVE_PATHS_H 1
| #define HAVE_SYS_MTIO_H 1
| #define HAVE_SYSLOG_H 1
| #define HAVE_PWD_H 1
| #define STDC_HEADERS 1
| #define _ALL_SOURCE 1
| #define _DARWIN_C_SOURCE 1
| #define _GNU_SOURCE 1
| #define _HPUX_ALT_XOPEN_SOCKET_API 1
| #define _NETBSD_SOURCE 1
| #define _OPENBSD_SOURCE 1
| #define _POSIX_PTHREAD_SEMANTICS 1
| #define __STDC_WANT_IEC_60559_ATTRIBS_EXT__ 1
| #define __STDC_WANT_IEC_60559_BFP_EXT__ 1
| #define __STDC_WANT_IEC_60559_DFP_EXT__ 1
| #define __STDC_WANT_IEC_60559_EXT__ 1
| #define __STDC_WANT_IEC_60559_FUNCS_EXT__ 1
| #define __STDC_WANT_IEC_60559_TYPES_EXT__ 1
| #define __STDC_WANT_LIB_EXT2__ 1
| #define __STDC_WANT_MATH_SPEC_FUNCS__ 1
| #define _TANDEM_SOURCE 1
| #define __EXTENSIONS__ 1
| #define _FILE_OFFSET_BITS 64
| #define _TIME_BITS 64
| /* end confdefs.h.  */
| /* Define funlockfile to an innocuous variant, in case <limits.h> declares funlockfile.
|    For example, HP-UX 11i <limits.h> declares gettimeofday.  */
| #define funlockfile innocuous_funlockfile
| 
| /* System header to define __stub macros and hopefully few prototypes,
|    which can conflict with char funlockfile (void); below.  */
| 
| #include <limits.h>
| #undef funlockfile
| 
| /* Override any GCC internal prototype to avoid an error.
|    Use char because int might match the return type of a GCC
|    builtin and then its argument prototype would still apply.  */
| #ifdef __cplusplus
| extern "C"
| #endif
| char funlockfile (void);
| /* The GNU C library defines this for functions which it implements
|     to always fail with ENOSYS.  Some functions are actually named
|     something starting with __ and the normal name is an alias.  */
| #if defined __stub_funlockfile || defined __stub___funlockfile
| choke me
| #endif
| 
| int
| main (void)
| {
| return funlockfile ();
|   ;
|   return 0;
| }
configure:9804: result: no
configure:9804: checking for getpass
configure:9804: /home/clang+llvm-16.0.4-x86_64-linux-gnu-ubuntu-22.04/bin/clang-16 -pthread --target=wasm32-unknown-wasi --sysroot /home/lind-wasm/glibc/sysroot -Wl,--import-memory,--export-memory,--max-memory=67108864,--export=__stack_pointer -g -O0 -o conftest -g -O2   conftest.c  >&5
In file included from conftest.c:84:
In file included from /home/clang+llvm-16.0.4-x86_64-linux-gnu-ubuntu-22.04/lib/clang/16/include/limits.h:21:
In file included from /home/lind-wasm/glibc/sysroot/include/wasm32-wasi/limits.h:195:
In file included from /home/lind-wasm/glibc/sysroot/include/wasm32-wasi/bits/posix1_lim.h:161:
/home/lind-wasm/glibc/sysroot/include/wasm32-wasi/bits/local_lim.h:38:10: fatal error: 'linux/limits.h' file not found
#include <linux/limits.h>
         ^~~~~~~~~~~~~~~~
1 error generated.
configure:9804: $? = 1
configure: failed program was:
| /* confdefs.h */
| #define PACKAGE_NAME "GNU coreutils"
| #define PACKAGE_TARNAME "coreutils"
| #define PACKAGE_VERSION "9.3"
| #define PACKAGE_STRING "GNU coreutils 9.3"
| #define PACKAGE_BUGREPORT "bug-coreutils@gnu.org"
| #define PACKAGE_URL "https://www.gnu.org/software/coreutils/"
| #define PACKAGE "coreutils"
| #define VERSION "9.3"
| #define HAVE_STDIO_H 1
| #define HAVE_STDLIB_H 1
| #define HAVE_STRING_H 1
| #define HAVE_INTTYPES_H 1
| #define HAVE_STDINT_H 1
| #define HAVE_STRINGS_H 1
| #define HAVE_SYS_STAT_H 1
| #define HAVE_SYS_TYPES_H 1
| #define HAVE_UNISTD_H 1
| #define HAVE_WCHAR_H 1
| #define HAVE_FEATURES_H 1
| #define HAVE_ERROR_H 1
| #define HAVE_FNMATCH_H 1
| #define HAVE_STDIO_EXT_H 1
| #define HAVE_SYS_VFS_H 1
| #define HAVE_GETOPT_H 1
| #define HAVE_SYS_CDEFS_H 1
| #define HAVE_TERMIOS_H 1
| #define HAVE_SYS_TIME_H 1
| #define HAVE_GRP_H 1
| #define HAVE_THREADS_H 1
| #define HAVE_ICONV_H 1
| #define HAVE_WCTYPE_H 1
| #define HAVE_LANGINFO_H 1
| #define HAVE_MATH_H 1
| #define HAVE_SYS_MMAN_H 1
| #define HAVE_SYS_STATVFS_H 1
| #define HAVE_SYS_SELECT_H 1
| #define HAVE_PTHREAD_H 1
| #define HAVE_UTMP_H 1
| #define HAVE_UTMPX_H 1
| #define HAVE_MALLOC_H 1
| #define HAVE_STDBOOL_H 1
| #define HAVE_SYS_IOCTL_H 1
| #define HAVE_SYS_RANDOM_H 1
| #define HAVE_SYS_RESOURCE_H 1
| #define HAVE_SYS_UIO_H 1
| #define HAVE_SYS_UTSNAME_H 1
| #define HAVE_SYS_WAIT_H 1
| #define HAVE_UTIME_H 1
| #define HAVE_SEMAPHORE_H 1
| #define HAVE_LINUX_FALLOC_H 1
| #define HAVE_PATHS_H 1
| #define HAVE_SYS_MTIO_H 1
| #define HAVE_SYSLOG_H 1
| #define HAVE_PWD_H 1
| #define STDC_HEADERS 1
| #define _ALL_SOURCE 1
| #define _DARWIN_C_SOURCE 1
| #define _GNU_SOURCE 1
| #define _HPUX_ALT_XOPEN_SOCKET_API 1
| #define _NETBSD_SOURCE 1
| #define _OPENBSD_SOURCE 1
| #define _POSIX_PTHREAD_SEMANTICS 1
| #define __STDC_WANT_IEC_60559_ATTRIBS_EXT__ 1
| #define __STDC_WANT_IEC_60559_BFP_EXT__ 1
| #define __STDC_WANT_IEC_60559_DFP_EXT__ 1
| #define __STDC_WANT_IEC_60559_EXT__ 1
| #define __STDC_WANT_IEC_60559_FUNCS_EXT__ 1
| #define __STDC_WANT_IEC_60559_TYPES_EXT__ 1
| #define __STDC_WANT_LIB_EXT2__ 1
| #define __STDC_WANT_MATH_SPEC_FUNCS__ 1
| #define _TANDEM_SOURCE 1
| #define __EXTENSIONS__ 1
| #define _FILE_OFFSET_BITS 64
| #define _TIME_BITS 64
| /* end confdefs.h.  */
| /* Define getpass to an innocuous variant, in case <limits.h> declares getpass.
|    For example, HP-UX 11i <limits.h> declares gettimeofday.  */
| #define getpass innocuous_getpass
| 
| /* System header to define __stub macros and hopefully few prototypes,
|    which can conflict with char getpass (void); below.  */
| 
| #include <limits.h>
| #undef getpass
| 
| /* Override any GCC internal prototype to avoid an error.
|    Use char because int might match the return type of a GCC
|    builtin and then its argument prototype would still apply.  */
| #ifdef __cplusplus
| extern "C"
| #endif
| char getpass (void);
| /* The GNU C library defines this for functions which it implements
|     to always fail with ENOSYS.  Some functions are actually named
|     something starting with __ and the normal name is an alias.  */
| #if defined __stub_getpass || defined __stub___getpass
| choke me
| #endif
| 
| int
| main (void)
| {
| return getpass ();
|   ;
|   return 0;
| }
configure:9804: result: no
configure:9804: checking for getexecname
configure:9804: /home/clang+llvm-16.0.4-x86_64-linux-gnu-ubuntu-22.04/bin/clang-16 -pthread --target=wasm32-unknown-wasi --sysroot /home/lind-wasm/glibc/sysroot -Wl,--import-memory,--export-memory,--max-memory=67108864,--export=__stack_pointer -g -O0 -o conftest -g -O2   conftest.c  >&5
In file included from conftest.c:84:
In file included from /home/clang+llvm-16.0.4-x86_64-linux-gnu-ubuntu-22.04/lib/clang/16/include/limits.h:21:
In file included from /home/lind-wasm/glibc/sysroot/include/wasm32-wasi/limits.h:195:
In file included from /home/lind-wasm/glibc/sysroot/include/wasm32-wasi/bits/posix1_lim.h:161:
/home/lind-wasm/glibc/sysroot/include/wasm32-wasi/bits/local_lim.h:38:10: fatal error: 'linux/limits.h' file not found
#include <linux/limits.h>
         ^~~~~~~~~~~~~~~~
1 error generated.
configure:9804: $? = 1
configure: failed program was:
| /* confdefs.h */
| #define PACKAGE_NAME "GNU coreutils"
| #define PACKAGE_TARNAME "coreutils"
| #define PACKAGE_VERSION "9.3"
| #define PACKAGE_STRING "GNU coreutils 9.3"
| #define PACKAGE_BUGREPORT "bug-coreutils@gnu.org"
| #define PACKAGE_URL "https://www.gnu.org/software/coreutils/"
| #define PACKAGE "coreutils"
| #define VERSION "9.3"
| #define HAVE_STDIO_H 1
| #define HAVE_STDLIB_H 1
| #define HAVE_STRING_H 1
| #define HAVE_INTTYPES_H 1
| #define HAVE_STDINT_H 1
| #define HAVE_STRINGS_H 1
| #define HAVE_SYS_STAT_H 1
| #define HAVE_SYS_TYPES_H 1
| #define HAVE_UNISTD_H 1
| #define HAVE_WCHAR_H 1
| #define HAVE_FEATURES_H 1
| #define HAVE_ERROR_H 1
| #define HAVE_FNMATCH_H 1
| #define HAVE_STDIO_EXT_H 1
| #define HAVE_SYS_VFS_H 1
| #define HAVE_GETOPT_H 1
| #define HAVE_SYS_CDEFS_H 1
| #define HAVE_TERMIOS_H 1
| #define HAVE_SYS_TIME_H 1
| #define HAVE_GRP_H 1
| #define HAVE_THREADS_H 1
| #define HAVE_ICONV_H 1
| #define HAVE_WCTYPE_H 1
| #define HAVE_LANGINFO_H 1
| #define HAVE_MATH_H 1
| #define HAVE_SYS_MMAN_H 1
| #define HAVE_SYS_STATVFS_H 1
| #define HAVE_SYS_SELECT_H 1
| #define HAVE_PTHREAD_H 1
| #define HAVE_UTMP_H 1
| #define HAVE_UTMPX_H 1
| #define HAVE_MALLOC_H 1
| #define HAVE_STDBOOL_H 1
| #define HAVE_SYS_IOCTL_H 1
| #define HAVE_SYS_RANDOM_H 1
| #define HAVE_SYS_RESOURCE_H 1
| #define HAVE_SYS_UIO_H 1
| #define HAVE_SYS_UTSNAME_H 1
| #define HAVE_SYS_WAIT_H 1
| #define HAVE_UTIME_H 1
| #define HAVE_SEMAPHORE_H 1
| #define HAVE_LINUX_FALLOC_H 1
| #define HAVE_PATHS_H 1
| #define HAVE_SYS_MTIO_H 1
| #define HAVE_SYSLOG_H 1
| #define HAVE_PWD_H 1
| #define STDC_HEADERS 1
| #define _ALL_SOURCE 1
| #define _DARWIN_C_SOURCE 1
| #define _GNU_SOURCE 1
| #define _HPUX_ALT_XOPEN_SOCKET_API 1
| #define _NETBSD_SOURCE 1
| #define _OPENBSD_SOURCE 1
| #define _POSIX_PTHREAD_SEMANTICS 1
| #define __STDC_WANT_IEC_60559_ATTRIBS_EXT__ 1
| #define __STDC_WANT_IEC_60559_BFP_EXT__ 1
| #define __STDC_WANT_IEC_60559_DFP_EXT__ 1
| #define __STDC_WANT_IEC_60559_EXT__ 1
| #define __STDC_WANT_IEC_60559_FUNCS_EXT__ 1
| #define __STDC_WANT_IEC_60559_TYPES_EXT__ 1
| #define __STDC_WANT_LIB_EXT2__ 1
| #define __STDC_WANT_MATH_SPEC_FUNCS__ 1
| #define _TANDEM_SOURCE 1
| #define __EXTENSIONS__ 1
| #define _FILE_OFFSET_BITS 64
| #define _TIME_BITS 64
| /* end confdefs.h.  */
| /* Define getexecname to an innocuous variant, in case <limits.h> declares getexecname.
|    For example, HP-UX 11i <limits.h> declares gettimeofday.  */
| #define getexecname innocuous_getexecname
| 
| /* System header to define __stub macros and hopefully few prototypes,
|    which can conflict with char getexecname (void); below.  */
| 
| #include <limits.h>
| #undef getexecname
| 
| /* Override any GCC internal prototype to avoid an error.
|    Use char because int might match the return type of a GCC
|    builtin and then its argument prototype would still apply.  */
| #ifdef __cplusplus
| extern "C"
| #endif
| char getexecname (void);
| /* The GNU C library defines this for functions which it implements
|     to always fail with ENOSYS.  Some functions are actually named
|     something starting with __ and the normal name is an alias.  */
| #if defined __stub_getexecname || defined __stub___getexecname
| choke me
| #endif
| 
| int
| main (void)
| {
| return getexecname ();
|   ;
|   return 0;
| }
configure:9804: result: no
configure:9804: checking for timespec_getres
configure:9804: /home/clang+llvm-16.0.4-x86_64-linux-gnu-ubuntu-22.04/bin/clang-16 -pthread --target=wasm32-unknown-wasi --sysroot /home/lind-wasm/glibc/sysroot -Wl,--import-memory,--export-memory,--max-memory=67108864,--export=__stack_pointer -g -O0 -o conftest -g -O2   conftest.c  >&5
In file included from conftest.c:84:
In file included from /home/clang+llvm-16.0.4-x86_64-linux-gnu-ubuntu-22.04/lib/clang/16/include/limits.h:21:
In file included from /home/lind-wasm/glibc/sysroot/include/wasm32-wasi/limits.h:195:
In file included from /home/lind-wasm/glibc/sysroot/include/wasm32-wasi/bits/posix1_lim.h:161:
/home/lind-wasm/glibc/sysroot/include/wasm32-wasi/bits/local_lim.h:38:10: fatal error: 'linux/limits.h' file not found
#include <linux/limits.h>
         ^~~~~~~~~~~~~~~~
1 error generated.
configure:9804: $? = 1
configure: failed program was:
| /* confdefs.h */
| #define PACKAGE_NAME "GNU coreutils"
| #define PACKAGE_TARNAME "coreutils"
| #define PACKAGE_VERSION "9.3"
| #define PACKAGE_STRING "GNU coreutils 9.3"
| #define PACKAGE_BUGREPORT "bug-coreutils@gnu.org"
| #define PACKAGE_URL "https://www.gnu.org/software/coreutils/"
| #define PACKAGE "coreutils"
| #define VERSION "9.3"
| #define HAVE_STDIO_H 1
| #define HAVE_STDLIB_H 1
| #define HAVE_STRING_H 1
| #define HAVE_INTTYPES_H 1
| #define HAVE_STDINT_H 1
| #define HAVE_STRINGS_H 1
| #define HAVE_SYS_STAT_H 1
| #define HAVE_SYS_TYPES_H 1
| #define HAVE_UNISTD_H 1
| #define HAVE_WCHAR_H 1
| #define HAVE_FEATURES_H 1
| #define HAVE_ERROR_H 1
| #define HAVE_FNMATCH_H 1
| #define HAVE_STDIO_EXT_H 1
| #define HAVE_SYS_VFS_H 1
| #define HAVE_GETOPT_H 1
| #define HAVE_SYS_CDEFS_H 1
| #define HAVE_TERMIOS_H 1
| #define HAVE_SYS_TIME_H 1
| #define HAVE_GRP_H 1
| #define HAVE_THREADS_H 1
| #define HAVE_ICONV_H 1
| #define HAVE_WCTYPE_H 1
| #define HAVE_LANGINFO_H 1
| #define HAVE_MATH_H 1
| #define HAVE_SYS_MMAN_H 1
| #define HAVE_SYS_STATVFS_H 1
| #define HAVE_SYS_SELECT_H 1
| #define HAVE_PTHREAD_H 1
| #define HAVE_UTMP_H 1
| #define HAVE_UTMPX_H 1
| #define HAVE_MALLOC_H 1
| #define HAVE_STDBOOL_H 1
| #define HAVE_SYS_IOCTL_H 1
| #define HAVE_SYS_RANDOM_H 1
| #define HAVE_SYS_RESOURCE_H 1
| #define HAVE_SYS_UIO_H 1
| #define HAVE_SYS_UTSNAME_H 1
| #define HAVE_SYS_WAIT_H 1
| #define HAVE_UTIME_H 1
| #define HAVE_SEMAPHORE_H 1
| #define HAVE_LINUX_FALLOC_H 1
| #define HAVE_PATHS_H 1
| #define HAVE_SYS_MTIO_H 1
| #define HAVE_SYSLOG_H 1
| #define HAVE_PWD_H 1
| #define STDC_HEADERS 1
| #define _ALL_SOURCE 1
| #define _DARWIN_C_SOURCE 1
| #define _GNU_SOURCE 1
| #define _HPUX_ALT_XOPEN_SOCKET_API 1
| #define _NETBSD_SOURCE 1
| #define _OPENBSD_SOURCE 1
| #define _POSIX_PTHREAD_SEMANTICS 1
| #define __STDC_WANT_IEC_60559_ATTRIBS_EXT__ 1
| #define __STDC_WANT_IEC_60559_BFP_EXT__ 1
| #define __STDC_WANT_IEC_60559_DFP_EXT__ 1
| #define __STDC_WANT_IEC_60559_EXT__ 1
| #define __STDC_WANT_IEC_60559_FUNCS_EXT__ 1
| #define __STDC_WANT_IEC_60559_TYPES_EXT__ 1
| #define __STDC_WANT_LIB_EXT2__ 1
| #define __STDC_WANT_MATH_SPEC_FUNCS__ 1
| #define _TANDEM_SOURCE 1
| #define __EXTENSIONS__ 1
| #define _FILE_OFFSET_BITS 64
| #define _TIME_BITS 64
| /* end confdefs.h.  */
| /* Define timespec_getres to an innocuous variant, in case <limits.h> declares timespec_getres.
|    For example, HP-UX 11i <limits.h> declares gettimeofday.  */
| #define timespec_getres innocuous_timespec_getres
| 
| /* System header to define __stub macros and hopefully few prototypes,
|    which can conflict with char timespec_getres (void); below.  */
| 
| #include <limits.h>
| #undef timespec_getres
| 
| /* Override any GCC internal prototype to avoid an error.
|    Use char because int might match the return type of a GCC
|    builtin and then its argument prototype would still apply.  */
| #ifdef __cplusplus
| extern "C"
| #endif
| char timespec_getres (void);
| /* The GNU C library defines this for functions which it implements
|     to always fail with ENOSYS.  Some functions are actually named
|     something starting with __ and the normal name is an alias.  */
| #if defined __stub_timespec_getres || defined __stub___timespec_getres
| choke me
| #endif
| 
| int
| main (void)
| {
| return timespec_getres ();
|   ;
|   return 0;
| }
configure:9804: result: no
configure:9804: checking for gettimeofday
configure:9804: /home/clang+llvm-16.0.4-x86_64-linux-gnu-ubuntu-22.04/bin/clang-16 -pthread --target=wasm32-unknown-wasi --sysroot /home/lind-wasm/glibc/sysroot -Wl,--import-memory,--export-memory,--max-memory=67108864,--export=__stack_pointer -g -O0 -o conftest -g -O2   conftest.c  >&5
In file included from conftest.c:84:
In file included from /home/clang+llvm-16.0.4-x86_64-linux-gnu-ubuntu-22.04/lib/clang/16/include/limits.h:21:
In file included from /home/lind-wasm/glibc/sysroot/include/wasm32-wasi/limits.h:195:
In file included from /home/lind-wasm/glibc/sysroot/include/wasm32-wasi/bits/posix1_lim.h:161:
/home/lind-wasm/glibc/sysroot/include/wasm32-wasi/bits/local_lim.h:38:10: fatal error: 'linux/limits.h' file not found
#include <linux/limits.h>
         ^~~~~~~~~~~~~~~~
1 error generated.
configure:9804: $? = 1
configure: failed program was:
| /* confdefs.h */
| #define PACKAGE_NAME "GNU coreutils"
| #define PACKAGE_TARNAME "coreutils"
| #define PACKAGE_VERSION "9.3"
| #define PACKAGE_STRING "GNU coreutils 9.3"
| #define PACKAGE_BUGREPORT "bug-coreutils@gnu.org"
| #define PACKAGE_URL "https://www.gnu.org/software/coreutils/"
| #define PACKAGE "coreutils"
| #define VERSION "9.3"
| #define HAVE_STDIO_H 1
| #define HAVE_STDLIB_H 1
| #define HAVE_STRING_H 1
| #define HAVE_INTTYPES_H 1
| #define HAVE_STDINT_H 1
| #define HAVE_STRINGS_H 1
| #define HAVE_SYS_STAT_H 1
| #define HAVE_SYS_TYPES_H 1
| #define HAVE_UNISTD_H 1
| #define HAVE_WCHAR_H 1
| #define HAVE_FEATURES_H 1
| #define HAVE_ERROR_H 1
| #define HAVE_FNMATCH_H 1
| #define HAVE_STDIO_EXT_H 1
| #define HAVE_SYS_VFS_H 1
| #define HAVE_GETOPT_H 1
| #define HAVE_SYS_CDEFS_H 1
| #define HAVE_TERMIOS_H 1
| #define HAVE_SYS_TIME_H 1
| #define HAVE_GRP_H 1
| #define HAVE_THREADS_H 1
| #define HAVE_ICONV_H 1
| #define HAVE_WCTYPE_H 1
| #define HAVE_LANGINFO_H 1
| #define HAVE_MATH_H 1
| #define HAVE_SYS_MMAN_H 1
| #define HAVE_SYS_STATVFS_H 1
| #define HAVE_SYS_SELECT_H 1
| #define HAVE_PTHREAD_H 1
| #define HAVE_UTMP_H 1
| #define HAVE_UTMPX_H 1
| #define HAVE_MALLOC_H 1
| #define HAVE_STDBOOL_H 1
| #define HAVE_SYS_IOCTL_H 1
| #define HAVE_SYS_RANDOM_H 1
| #define HAVE_SYS_RESOURCE_H 1
| #define HAVE_SYS_UIO_H 1
| #define HAVE_SYS_UTSNAME_H 1
| #define HAVE_SYS_WAIT_H 1
| #define HAVE_UTIME_H 1
| #define HAVE_SEMAPHORE_H 1
| #define HAVE_LINUX_FALLOC_H 1
| #define HAVE_PATHS_H 1
| #define HAVE_SYS_MTIO_H 1
| #define HAVE_SYSLOG_H 1
| #define HAVE_PWD_H 1
| #define STDC_HEADERS 1
| #define _ALL_SOURCE 1
| #define _DARWIN_C_SOURCE 1
| #define _GNU_SOURCE 1
| #define _HPUX_ALT_XOPEN_SOCKET_API 1
| #define _NETBSD_SOURCE 1
| #define _OPENBSD_SOURCE 1
| #define _POSIX_PTHREAD_SEMANTICS 1
| #define __STDC_WANT_IEC_60559_ATTRIBS_EXT__ 1
| #define __STDC_WANT_IEC_60559_BFP_EXT__ 1
| #define __STDC_WANT_IEC_60559_DFP_EXT__ 1
| #define __STDC_WANT_IEC_60559_EXT__ 1
| #define __STDC_WANT_IEC_60559_FUNCS_EXT__ 1
| #define __STDC_WANT_IEC_60559_TYPES_EXT__ 1
| #define __STDC_WANT_LIB_EXT2__ 1
| #define __STDC_WANT_MATH_SPEC_FUNCS__ 1
| #define _TANDEM_SOURCE 1
| #define __EXTENSIONS__ 1
| #define _FILE_OFFSET_BITS 64
| #define _TIME_BITS 64
| /* end confdefs.h.  */
| /* Define gettimeofday to an innocuous variant, in case <limits.h> declares gettimeofday.
|    For example, HP-UX 11i <limits.h> declares gettimeofday.  */
| #define gettimeofday innocuous_gettimeofday
| 
| /* System header to define __stub macros and hopefully few prototypes,
|    which can conflict with char gettimeofday (void); below.  */
| 
| #include <limits.h>
| #undef gettimeofday
| 
| /* Override any GCC internal prototype to avoid an error.
|    Use char because int might match the return type of a GCC
|    builtin and then its argument prototype would still apply.  */
| #ifdef __cplusplus
| extern "C"
| #endif
| char gettimeofday (void);
| /* The GNU C library defines this for functions which it implements
|     to always fail with ENOSYS.  Some functions are actually named
|     something starting with __ and the normal name is an alias.  */
| #if defined __stub_gettimeofday || defined __stub___gettimeofday
| choke me
| #endif
| 
| int
| main (void)
| {
| return gettimeofday ();
|   ;
|   return 0;
| }
configure:9804: result: no
configure:9804: checking for getusershell
configure:9804: /home/clang+llvm-16.0.4-x86_64-linux-gnu-ubuntu-22.04/bin/clang-16 -pthread --target=wasm32-unknown-wasi --sysroot /home/lind-wasm/glibc/sysroot -Wl,--import-memory,--export-memory,--max-memory=67108864,--export=__stack_pointer -g -O0 -o conftest -g -O2   conftest.c  >&5
In file included from conftest.c:84:
In file included from /home/clang+llvm-16.0.4-x86_64-linux-gnu-ubuntu-22.04/lib/clang/16/include/limits.h:21:
In file included from /home/lind-wasm/glibc/sysroot/include/wasm32-wasi/limits.h:195:
In file included from /home/lind-wasm/glibc/sysroot/include/wasm32-wasi/bits/posix1_lim.h:161:
/home/lind-wasm/glibc/sysroot/include/wasm32-wasi/bits/local_lim.h:38:10: fatal error: 'linux/limits.h' file not found
#include <linux/limits.h>
         ^~~~~~~~~~~~~~~~
1 error generated.
configure:9804: $? = 1
configure: failed program was:
| /* confdefs.h */
| #define PACKAGE_NAME "GNU coreutils"
| #define PACKAGE_TARNAME "coreutils"
| #define PACKAGE_VERSION "9.3"
| #define PACKAGE_STRING "GNU coreutils 9.3"
| #define PACKAGE_BUGREPORT "bug-coreutils@gnu.org"
| #define PACKAGE_URL "https://www.gnu.org/software/coreutils/"
| #define PACKAGE "coreutils"
| #define VERSION "9.3"
| #define HAVE_STDIO_H 1
| #define HAVE_STDLIB_H 1
| #define HAVE_STRING_H 1
| #define HAVE_INTTYPES_H 1
| #define HAVE_STDINT_H 1
| #define HAVE_STRINGS_H 1
| #define HAVE_SYS_STAT_H 1
| #define HAVE_SYS_TYPES_H 1
| #define HAVE_UNISTD_H 1
| #define HAVE_WCHAR_H 1
| #define HAVE_FEATURES_H 1
| #define HAVE_ERROR_H 1
| #define HAVE_FNMATCH_H 1
| #define HAVE_STDIO_EXT_H 1
| #define HAVE_SYS_VFS_H 1
| #define HAVE_GETOPT_H 1
| #define HAVE_SYS_CDEFS_H 1
| #define HAVE_TERMIOS_H 1
| #define HAVE_SYS_TIME_H 1
| #define HAVE_GRP_H 1
| #define HAVE_THREADS_H 1
| #define HAVE_ICONV_H 1
| #define HAVE_WCTYPE_H 1
| #define HAVE_LANGINFO_H 1
| #define HAVE_MATH_H 1
| #define HAVE_SYS_MMAN_H 1
| #define HAVE_SYS_STATVFS_H 1
| #define HAVE_SYS_SELECT_H 1
| #define HAVE_PTHREAD_H 1
| #define HAVE_UTMP_H 1
| #define HAVE_UTMPX_H 1
| #define HAVE_MALLOC_H 1
| #define HAVE_STDBOOL_H 1
| #define HAVE_SYS_IOCTL_H 1
| #define HAVE_SYS_RANDOM_H 1
| #define HAVE_SYS_RESOURCE_H 1
| #define HAVE_SYS_UIO_H 1
| #define HAVE_SYS_UTSNAME_H 1
| #define HAVE_SYS_WAIT_H 1
| #define HAVE_UTIME_H 1
| #define HAVE_SEMAPHORE_H 1
| #define HAVE_LINUX_FALLOC_H 1
| #define HAVE_PATHS_H 1
| #define HAVE_SYS_MTIO_H 1
| #define HAVE_SYSLOG_H 1
| #define HAVE_PWD_H 1
| #define STDC_HEADERS 1
| #define _ALL_SOURCE 1
| #define _DARWIN_C_SOURCE 1
| #define _GNU_SOURCE 1
| #define _HPUX_ALT_XOPEN_SOCKET_API 1
| #define _NETBSD_SOURCE 1
| #define _OPENBSD_SOURCE 1
| #define _POSIX_PTHREAD_SEMANTICS 1
| #define __STDC_WANT_IEC_60559_ATTRIBS_EXT__ 1
| #define __STDC_WANT_IEC_60559_BFP_EXT__ 1
| #define __STDC_WANT_IEC_60559_DFP_EXT__ 1
| #define __STDC_WANT_IEC_60559_EXT__ 1
| #define __STDC_WANT_IEC_60559_FUNCS_EXT__ 1
| #define __STDC_WANT_IEC_60559_TYPES_EXT__ 1
| #define __STDC_WANT_LIB_EXT2__ 1
| #define __STDC_WANT_MATH_SPEC_FUNCS__ 1
| #define _TANDEM_SOURCE 1
| #define __EXTENSIONS__ 1
| #define _FILE_OFFSET_BITS 64
| #define _TIME_BITS 64
| /* end confdefs.h.  */
| /* Define getusershell to an innocuous variant, in case <limits.h> declares getusershell.
|    For example, HP-UX 11i <limits.h> declares gettimeofday.  */
| #define getusershell innocuous_getusershell
| 
| /* System header to define __stub macros and hopefully few prototypes,
|    which can conflict with char getusershell (void); below.  */
| 
| #include <limits.h>
| #undef getusershell
| 
| /* Override any GCC internal prototype to avoid an error.
|    Use char because int might match the return type of a GCC
|    builtin and then its argument prototype would still apply.  */
| #ifdef __cplusplus
| extern "C"
| #endif
| char getusershell (void);
| /* The GNU C library defines this for functions which it implements
|     to always fail with ENOSYS.  Some functions are actually named
|     something starting with __ and the normal name is an alias.  */
| #if defined __stub_getusershell || defined __stub___getusershell
| choke me
| #endif
| 
| int
| main (void)
| {
| return getusershell ();
|   ;
|   return 0;
| }
configure:9804: result: no
configure:9804: checking for isblank
configure:9804: /home/clang+llvm-16.0.4-x86_64-linux-gnu-ubuntu-22.04/bin/clang-16 -pthread --target=wasm32-unknown-wasi --sysroot /home/lind-wasm/glibc/sysroot -Wl,--import-memory,--export-memory,--max-memory=67108864,--export=__stack_pointer -g -O0 -o conftest -g -O2   conftest.c  >&5
In file included from conftest.c:84:
In file included from /home/clang+llvm-16.0.4-x86_64-linux-gnu-ubuntu-22.04/lib/clang/16/include/limits.h:21:
In file included from /home/lind-wasm/glibc/sysroot/include/wasm32-wasi/limits.h:195:
In file included from /home/lind-wasm/glibc/sysroot/include/wasm32-wasi/bits/posix1_lim.h:161:
/home/lind-wasm/glibc/sysroot/include/wasm32-wasi/bits/local_lim.h:38:10: fatal error: 'linux/limits.h' file not found
#include <linux/limits.h>
         ^~~~~~~~~~~~~~~~
1 error generated.
configure:9804: $? = 1
configure: failed program was:
| /* confdefs.h */
| #define PACKAGE_NAME "GNU coreutils"
| #define PACKAGE_TARNAME "coreutils"
| #define PACKAGE_VERSION "9.3"
| #define PACKAGE_STRING "GNU coreutils 9.3"
| #define PACKAGE_BUGREPORT "bug-coreutils@gnu.org"
| #define PACKAGE_URL "https://www.gnu.org/software/coreutils/"
| #define PACKAGE "coreutils"
| #define VERSION "9.3"
| #define HAVE_STDIO_H 1
| #define HAVE_STDLIB_H 1
| #define HAVE_STRING_H 1
| #define HAVE_INTTYPES_H 1
| #define HAVE_STDINT_H 1
| #define HAVE_STRINGS_H 1
| #define HAVE_SYS_STAT_H 1
| #define HAVE_SYS_TYPES_H 1
| #define HAVE_UNISTD_H 1
| #define HAVE_WCHAR_H 1
| #define HAVE_FEATURES_H 1
| #define HAVE_ERROR_H 1
| #define HAVE_FNMATCH_H 1
| #define HAVE_STDIO_EXT_H 1
| #define HAVE_SYS_VFS_H 1
| #define HAVE_GETOPT_H 1
| #define HAVE_SYS_CDEFS_H 1
| #define HAVE_TERMIOS_H 1
| #define HAVE_SYS_TIME_H 1
| #define HAVE_GRP_H 1
| #define HAVE_THREADS_H 1
| #define HAVE_ICONV_H 1
| #define HAVE_WCTYPE_H 1
| #define HAVE_LANGINFO_H 1
| #define HAVE_MATH_H 1
| #define HAVE_SYS_MMAN_H 1
| #define HAVE_SYS_STATVFS_H 1
| #define HAVE_SYS_SELECT_H 1
| #define HAVE_PTHREAD_H 1
| #define HAVE_UTMP_H 1
| #define HAVE_UTMPX_H 1
| #define HAVE_MALLOC_H 1
| #define HAVE_STDBOOL_H 1
| #define HAVE_SYS_IOCTL_H 1
| #define HAVE_SYS_RANDOM_H 1
| #define HAVE_SYS_RESOURCE_H 1
| #define HAVE_SYS_UIO_H 1
| #define HAVE_SYS_UTSNAME_H 1
| #define HAVE_SYS_WAIT_H 1
| #define HAVE_UTIME_H 1
| #define HAVE_SEMAPHORE_H 1
| #define HAVE_LINUX_FALLOC_H 1
| #define HAVE_PATHS_H 1
| #define HAVE_SYS_MTIO_H 1
| #define HAVE_SYSLOG_H 1
| #define HAVE_PWD_H 1
| #define STDC_HEADERS 1
| #define _ALL_SOURCE 1
| #define _DARWIN_C_SOURCE 1
| #define _GNU_SOURCE 1
| #define _HPUX_ALT_XOPEN_SOCKET_API 1
| #define _NETBSD_SOURCE 1
| #define _OPENBSD_SOURCE 1
| #define _POSIX_PTHREAD_SEMANTICS 1
| #define __STDC_WANT_IEC_60559_ATTRIBS_EXT__ 1
| #define __STDC_WANT_IEC_60559_BFP_EXT__ 1
| #define __STDC_WANT_IEC_60559_DFP_EXT__ 1
| #define __STDC_WANT_IEC_60559_EXT__ 1
| #define __STDC_WANT_IEC_60559_FUNCS_EXT__ 1
| #define __STDC_WANT_IEC_60559_TYPES_EXT__ 1
| #define __STDC_WANT_LIB_EXT2__ 1
| #define __STDC_WANT_MATH_SPEC_FUNCS__ 1
| #define _TANDEM_SOURCE 1
| #define __EXTENSIONS__ 1
| #define _FILE_OFFSET_BITS 64
| #define _TIME_BITS 64
| /* end confdefs.h.  */
| /* Define isblank to an innocuous variant, in case <limits.h> declares isblank.
|    For example, HP-UX 11i <limits.h> declares gettimeofday.  */
| #define isblank innocuous_isblank
| 
| /* System header to define __stub macros and hopefully few prototypes,
|    which can conflict with char isblank (void); below.  */
| 
| #include <limits.h>
| #undef isblank
| 
| /* Override any GCC internal prototype to avoid an error.
|    Use char because int might match the return type of a GCC
|    builtin and then its argument prototype would still apply.  */
| #ifdef __cplusplus
| extern "C"
| #endif
| char isblank (void);
| /* The GNU C library defines this for functions which it implements
|     to always fail with ENOSYS.  Some functions are actually named
|     something starting with __ and the normal name is an alias.  */
| #if defined __stub_isblank || defined __stub___isblank
| choke me
| #endif
| 
| int
| main (void)
| {
| return isblank ();
|   ;
|   return 0;
| }
configure:9804: result: no
configure:9804: checking for iswcntrl
configure:9804: /home/clang+llvm-16.0.4-x86_64-linux-gnu-ubuntu-22.04/bin/clang-16 -pthread --target=wasm32-unknown-wasi --sysroot /home/lind-wasm/glibc/sysroot -Wl,--import-memory,--export-memory,--max-memory=67108864,--export=__stack_pointer -g -O0 -o conftest -g -O2   conftest.c  >&5
In file included from conftest.c:84:
In file included from /home/clang+llvm-16.0.4-x86_64-linux-gnu-ubuntu-22.04/lib/clang/16/include/limits.h:21:
In file included from /home/lind-wasm/glibc/sysroot/include/wasm32-wasi/limits.h:195:
In file included from /home/lind-wasm/glibc/sysroot/include/wasm32-wasi/bits/posix1_lim.h:161:
/home/lind-wasm/glibc/sysroot/include/wasm32-wasi/bits/local_lim.h:38:10: fatal error: 'linux/limits.h' file not found
#include <linux/limits.h>
         ^~~~~~~~~~~~~~~~
1 error generated.
configure:9804: $? = 1
configure: failed program was:
| /* confdefs.h */
| #define PACKAGE_NAME "GNU coreutils"
| #define PACKAGE_TARNAME "coreutils"
| #define PACKAGE_VERSION "9.3"
| #define PACKAGE_STRING "GNU coreutils 9.3"
| #define PACKAGE_BUGREPORT "bug-coreutils@gnu.org"
| #define PACKAGE_URL "https://www.gnu.org/software/coreutils/"
| #define PACKAGE "coreutils"
| #define VERSION "9.3"
| #define HAVE_STDIO_H 1
| #define HAVE_STDLIB_H 1
| #define HAVE_STRING_H 1
| #define HAVE_INTTYPES_H 1
| #define HAVE_STDINT_H 1
| #define HAVE_STRINGS_H 1
| #define HAVE_SYS_STAT_H 1
| #define HAVE_SYS_TYPES_H 1
| #define HAVE_UNISTD_H 1
| #define HAVE_WCHAR_H 1
| #define HAVE_FEATURES_H 1
| #define HAVE_ERROR_H 1
| #define HAVE_FNMATCH_H 1
| #define HAVE_STDIO_EXT_H 1
| #define HAVE_SYS_VFS_H 1
| #define HAVE_GETOPT_H 1
| #define HAVE_SYS_CDEFS_H 1
| #define HAVE_TERMIOS_H 1
| #define HAVE_SYS_TIME_H 1
| #define HAVE_GRP_H 1
| #define HAVE_THREADS_H 1
| #define HAVE_ICONV_H 1
| #define HAVE_WCTYPE_H 1
| #define HAVE_LANGINFO_H 1
| #define HAVE_MATH_H 1
| #define HAVE_SYS_MMAN_H 1
| #define HAVE_SYS_STATVFS_H 1
| #define HAVE_SYS_SELECT_H 1
| #define HAVE_PTHREAD_H 1
| #define HAVE_UTMP_H 1
| #define HAVE_UTMPX_H 1
| #define HAVE_MALLOC_H 1
| #define HAVE_STDBOOL_H 1
| #define HAVE_SYS_IOCTL_H 1
| #define HAVE_SYS_RANDOM_H 1
| #define HAVE_SYS_RESOURCE_H 1
| #define HAVE_SYS_UIO_H 1
| #define HAVE_SYS_UTSNAME_H 1
| #define HAVE_SYS_WAIT_H 1
| #define HAVE_UTIME_H 1
| #define HAVE_SEMAPHORE_H 1
| #define HAVE_LINUX_FALLOC_H 1
| #define HAVE_PATHS_H 1
| #define HAVE_SYS_MTIO_H 1
| #define HAVE_SYSLOG_H 1
| #define HAVE_PWD_H 1
| #define STDC_HEADERS 1
| #define _ALL_SOURCE 1
| #define _DARWIN_C_SOURCE 1
| #define _GNU_SOURCE 1
| #define _HPUX_ALT_XOPEN_SOCKET_API 1
| #define _NETBSD_SOURCE 1
| #define _OPENBSD_SOURCE 1
| #define _POSIX_PTHREAD_SEMANTICS 1
| #define __STDC_WANT_IEC_60559_ATTRIBS_EXT__ 1
| #define __STDC_WANT_IEC_60559_BFP_EXT__ 1
| #define __STDC_WANT_IEC_60559_DFP_EXT__ 1
| #define __STDC_WANT_IEC_60559_EXT__ 1
| #define __STDC_WANT_IEC_60559_FUNCS_EXT__ 1
| #define __STDC_WANT_IEC_60559_TYPES_EXT__ 1
| #define __STDC_WANT_LIB_EXT2__ 1
| #define __STDC_WANT_MATH_SPEC_FUNCS__ 1
| #define _TANDEM_SOURCE 1
| #define __EXTENSIONS__ 1
| #define _FILE_OFFSET_BITS 64
| #define _TIME_BITS 64
| /* end confdefs.h.  */
| /* Define iswcntrl to an innocuous variant, in case <limits.h> declares iswcntrl.
|    For example, HP-UX 11i <limits.h> declares gettimeofday.  */
| #define iswcntrl innocuous_iswcntrl
| 
| /* System header to define __stub macros and hopefully few prototypes,
|    which can conflict with char iswcntrl (void); below.  */
| 
| #include <limits.h>
| #undef iswcntrl
| 
| /* Override any GCC internal prototype to avoid an error.
|    Use char because int might match the return type of a GCC
|    builtin and then its argument prototype would still apply.  */
| #ifdef __cplusplus
| extern "C"
| #endif
| char iswcntrl (void);
| /* The GNU C library defines this for functions which it implements
|     to always fail with ENOSYS.  Some functions are actually named
|     something starting with __ and the normal name is an alias.  */
| #if defined __stub_iswcntrl || defined __stub___iswcntrl
| choke me
| #endif
| 
| int
| main (void)
| {
| return iswcntrl ();
|   ;
|   return 0;
| }
configure:9804: result: no
configure:9804: checking for link
configure:9804: /home/clang+llvm-16.0.4-x86_64-linux-gnu-ubuntu-22.04/bin/clang-16 -pthread --target=wasm32-unknown-wasi --sysroot /home/lind-wasm/glibc/sysroot -Wl,--import-memory,--export-memory,--max-memory=67108864,--export=__stack_pointer -g -O0 -o conftest -g -O2   conftest.c  >&5
In file included from conftest.c:84:
In file included from /home/clang+llvm-16.0.4-x86_64-linux-gnu-ubuntu-22.04/lib/clang/16/include/limits.h:21:
In file included from /home/lind-wasm/glibc/sysroot/include/wasm32-wasi/limits.h:195:
In file included from /home/lind-wasm/glibc/sysroot/include/wasm32-wasi/bits/posix1_lim.h:161:
/home/lind-wasm/glibc/sysroot/include/wasm32-wasi/bits/local_lim.h:38:10: fatal error: 'linux/limits.h' file not found
#include <linux/limits.h>
         ^~~~~~~~~~~~~~~~
1 error generated.
configure:9804: $? = 1
configure: failed program was:
| /* confdefs.h */
| #define PACKAGE_NAME "GNU coreutils"
| #define PACKAGE_TARNAME "coreutils"
| #define PACKAGE_VERSION "9.3"
| #define PACKAGE_STRING "GNU coreutils 9.3"
| #define PACKAGE_BUGREPORT "bug-coreutils@gnu.org"
| #define PACKAGE_URL "https://www.gnu.org/software/coreutils/"
| #define PACKAGE "coreutils"
| #define VERSION "9.3"
| #define HAVE_STDIO_H 1
| #define HAVE_STDLIB_H 1
| #define HAVE_STRING_H 1
| #define HAVE_INTTYPES_H 1
| #define HAVE_STDINT_H 1
| #define HAVE_STRINGS_H 1
| #define HAVE_SYS_STAT_H 1
| #define HAVE_SYS_TYPES_H 1
| #define HAVE_UNISTD_H 1
| #define HAVE_WCHAR_H 1
| #define HAVE_FEATURES_H 1
| #define HAVE_ERROR_H 1
| #define HAVE_FNMATCH_H 1
| #define HAVE_STDIO_EXT_H 1
| #define HAVE_SYS_VFS_H 1
| #define HAVE_GETOPT_H 1
| #define HAVE_SYS_CDEFS_H 1
| #define HAVE_TERMIOS_H 1
| #define HAVE_SYS_TIME_H 1
| #define HAVE_GRP_H 1
| #define HAVE_THREADS_H 1
| #define HAVE_ICONV_H 1
| #define HAVE_WCTYPE_H 1
| #define HAVE_LANGINFO_H 1
| #define HAVE_MATH_H 1
| #define HAVE_SYS_MMAN_H 1
| #define HAVE_SYS_STATVFS_H 1
| #define HAVE_SYS_SELECT_H 1
| #define HAVE_PTHREAD_H 1
| #define HAVE_UTMP_H 1
| #define HAVE_UTMPX_H 1
| #define HAVE_MALLOC_H 1
| #define HAVE_STDBOOL_H 1
| #define HAVE_SYS_IOCTL_H 1
| #define HAVE_SYS_RANDOM_H 1
| #define HAVE_SYS_RESOURCE_H 1
| #define HAVE_SYS_UIO_H 1
| #define HAVE_SYS_UTSNAME_H 1
| #define HAVE_SYS_WAIT_H 1
| #define HAVE_UTIME_H 1
| #define HAVE_SEMAPHORE_H 1
| #define HAVE_LINUX_FALLOC_H 1
| #define HAVE_PATHS_H 1
| #define HAVE_SYS_MTIO_H 1
| #define HAVE_SYSLOG_H 1
| #define HAVE_PWD_H 1
| #define STDC_HEADERS 1
| #define _ALL_SOURCE 1
| #define _DARWIN_C_SOURCE 1
| #define _GNU_SOURCE 1
| #define _HPUX_ALT_XOPEN_SOCKET_API 1
| #define _NETBSD_SOURCE 1
| #define _OPENBSD_SOURCE 1
| #define _POSIX_PTHREAD_SEMANTICS 1
| #define __STDC_WANT_IEC_60559_ATTRIBS_EXT__ 1
| #define __STDC_WANT_IEC_60559_BFP_EXT__ 1
| #define __STDC_WANT_IEC_60559_DFP_EXT__ 1
| #define __STDC_WANT_IEC_60559_EXT__ 1
| #define __STDC_WANT_IEC_60559_FUNCS_EXT__ 1
| #define __STDC_WANT_IEC_60559_TYPES_EXT__ 1
| #define __STDC_WANT_LIB_EXT2__ 1
| #define __STDC_WANT_MATH_SPEC_FUNCS__ 1
| #define _TANDEM_SOURCE 1
| #define __EXTENSIONS__ 1
| #define _FILE_OFFSET_BITS 64
| #define _TIME_BITS 64
| /* end confdefs.h.  */
| /* Define link to an innocuous variant, in case <limits.h> declares link.
|    For example, HP-UX 11i <limits.h> declares gettimeofday.  */
| #define link innocuous_link
| 
| /* System header to define __stub macros and hopefully few prototypes,
|    which can conflict with char link (void); below.  */
| 
| #include <limits.h>
| #undef link
| 
| /* Override any GCC internal prototype to avoid an error.
|    Use char because int might match the return type of a GCC
|    builtin and then its argument prototype would still apply.  */
| #ifdef __cplusplus
| extern "C"
| #endif
| char link (void);
| /* The GNU C library defines this for functions which it implements
|     to always fail with ENOSYS.  Some functions are actually named
|     something starting with __ and the normal name is an alias.  */
| #if defined __stub_link || defined __stub___link
| choke me
| #endif
| 
| int
| main (void)
| {
| return link ();
|   ;
|   return 0;
| }
configure:9804: result: no
configure:9804: checking for readlink
configure:9804: /home/clang+llvm-16.0.4-x86_64-linux-gnu-ubuntu-22.04/bin/clang-16 -pthread --target=wasm32-unknown-wasi --sysroot /home/lind-wasm/glibc/sysroot -Wl,--import-memory,--export-memory,--max-memory=67108864,--export=__stack_pointer -g -O0 -o conftest -g -O2   conftest.c  >&5
In file included from conftest.c:84:
In file included from /home/clang+llvm-16.0.4-x86_64-linux-gnu-ubuntu-22.04/lib/clang/16/include/limits.h:21:
In file included from /home/lind-wasm/glibc/sysroot/include/wasm32-wasi/limits.h:195:
In file included from /home/lind-wasm/glibc/sysroot/include/wasm32-wasi/bits/posix1_lim.h:161:
/home/lind-wasm/glibc/sysroot/include/wasm32-wasi/bits/local_lim.h:38:10: fatal error: 'linux/limits.h' file not found
#include <linux/limits.h>
         ^~~~~~~~~~~~~~~~
1 error generated.
configure:9804: $? = 1
configure: failed program was:
| /* confdefs.h */
| #define PACKAGE_NAME "GNU coreutils"
| #define PACKAGE_TARNAME "coreutils"
| #define PACKAGE_VERSION "9.3"
| #define PACKAGE_STRING "GNU coreutils 9.3"
| #define PACKAGE_BUGREPORT "bug-coreutils@gnu.org"
| #define PACKAGE_URL "https://www.gnu.org/software/coreutils/"
| #define PACKAGE "coreutils"
| #define VERSION "9.3"
| #define HAVE_STDIO_H 1
| #define HAVE_STDLIB_H 1
| #define HAVE_STRING_H 1
| #define HAVE_INTTYPES_H 1
| #define HAVE_STDINT_H 1
| #define HAVE_STRINGS_H 1
| #define HAVE_SYS_STAT_H 1
| #define HAVE_SYS_TYPES_H 1
| #define HAVE_UNISTD_H 1
| #define HAVE_WCHAR_H 1
| #define HAVE_FEATURES_H 1
| #define HAVE_ERROR_H 1
| #define HAVE_FNMATCH_H 1
| #define HAVE_STDIO_EXT_H 1
| #define HAVE_SYS_VFS_H 1
| #define HAVE_GETOPT_H 1
| #define HAVE_SYS_CDEFS_H 1
| #define HAVE_TERMIOS_H 1
| #define HAVE_SYS_TIME_H 1
| #define HAVE_GRP_H 1
| #define HAVE_THREADS_H 1
| #define HAVE_ICONV_H 1
| #define HAVE_WCTYPE_H 1
| #define HAVE_LANGINFO_H 1
| #define HAVE_MATH_H 1
| #define HAVE_SYS_MMAN_H 1
| #define HAVE_SYS_STATVFS_H 1
| #define HAVE_SYS_SELECT_H 1
| #define HAVE_PTHREAD_H 1
| #define HAVE_UTMP_H 1
| #define HAVE_UTMPX_H 1
| #define HAVE_MALLOC_H 1
| #define HAVE_STDBOOL_H 1
| #define HAVE_SYS_IOCTL_H 1
| #define HAVE_SYS_RANDOM_H 1
| #define HAVE_SYS_RESOURCE_H 1
| #define HAVE_SYS_UIO_H 1
| #define HAVE_SYS_UTSNAME_H 1
| #define HAVE_SYS_WAIT_H 1
| #define HAVE_UTIME_H 1
| #define HAVE_SEMAPHORE_H 1
| #define HAVE_LINUX_FALLOC_H 1
| #define HAVE_PATHS_H 1
| #define HAVE_SYS_MTIO_H 1
| #define HAVE_SYSLOG_H 1
| #define HAVE_PWD_H 1
| #define STDC_HEADERS 1
| #define _ALL_SOURCE 1
| #define _DARWIN_C_SOURCE 1
| #define _GNU_SOURCE 1
| #define _HPUX_ALT_XOPEN_SOCKET_API 1
| #define _NETBSD_SOURCE 1
| #define _OPENBSD_SOURCE 1
| #define _POSIX_PTHREAD_SEMANTICS 1
| #define __STDC_WANT_IEC_60559_ATTRIBS_EXT__ 1
| #define __STDC_WANT_IEC_60559_BFP_EXT__ 1
| #define __STDC_WANT_IEC_60559_DFP_EXT__ 1
| #define __STDC_WANT_IEC_60559_EXT__ 1
| #define __STDC_WANT_IEC_60559_FUNCS_EXT__ 1
| #define __STDC_WANT_IEC_60559_TYPES_EXT__ 1
| #define __STDC_WANT_LIB_EXT2__ 1
| #define __STDC_WANT_MATH_SPEC_FUNCS__ 1
| #define _TANDEM_SOURCE 1
| #define __EXTENSIONS__ 1
| #define _FILE_OFFSET_BITS 64
| #define _TIME_BITS 64
| /* end confdefs.h.  */
| /* Define readlink to an innocuous variant, in case <limits.h> declares readlink.
|    For example, HP-UX 11i <limits.h> declares gettimeofday.  */
| #define readlink innocuous_readlink
| 
| /* System header to define __stub macros and hopefully few prototypes,
|    which can conflict with char readlink (void); below.  */
| 
| #include <limits.h>
| #undef readlink
| 
| /* Override any GCC internal prototype to avoid an error.
|    Use char because int might match the return type of a GCC
|    builtin and then its argument prototype would still apply.  */
| #ifdef __cplusplus
| extern "C"
| #endif
| char readlink (void);
| /* The GNU C library defines this for functions which it implements
|     to always fail with ENOSYS.  Some functions are actually named
|     something starting with __ and the normal name is an alias.  */
| #if defined __stub_readlink || defined __stub___readlink
| choke me
| #endif
| 
| int
| main (void)
| {
| return readlink ();
|   ;
|   return 0;
| }
configure:9804: result: no
configure:9804: checking for mbsinit
configure:9804: /home/clang+llvm-16.0.4-x86_64-linux-gnu-ubuntu-22.04/bin/clang-16 -pthread --target=wasm32-unknown-wasi --sysroot /home/lind-wasm/glibc/sysroot -Wl,--import-memory,--export-memory,--max-memory=67108864,--export=__stack_pointer -g -O0 -o conftest -g -O2   conftest.c  >&5
In file included from conftest.c:84:
In file included from /home/clang+llvm-16.0.4-x86_64-linux-gnu-ubuntu-22.04/lib/clang/16/include/limits.h:21:
In file included from /home/lind-wasm/glibc/sysroot/include/wasm32-wasi/limits.h:195:
In file included from /home/lind-wasm/glibc/sysroot/include/wasm32-wasi/bits/posix1_lim.h:161:
/home/lind-wasm/glibc/sysroot/include/wasm32-wasi/bits/local_lim.h:38:10: fatal error: 'linux/limits.h' file not found
#include <linux/limits.h>
         ^~~~~~~~~~~~~~~~
1 error generated.
configure:9804: $? = 1
configure: failed program was:
| /* confdefs.h */
| #define PACKAGE_NAME "GNU coreutils"
| #define PACKAGE_TARNAME "coreutils"
| #define PACKAGE_VERSION "9.3"
| #define PACKAGE_STRING "GNU coreutils 9.3"
| #define PACKAGE_BUGREPORT "bug-coreutils@gnu.org"
| #define PACKAGE_URL "https://www.gnu.org/software/coreutils/"
| #define PACKAGE "coreutils"
| #define VERSION "9.3"
| #define HAVE_STDIO_H 1
| #define HAVE_STDLIB_H 1
| #define HAVE_STRING_H 1
| #define HAVE_INTTYPES_H 1
| #define HAVE_STDINT_H 1
| #define HAVE_STRINGS_H 1
| #define HAVE_SYS_STAT_H 1
| #define HAVE_SYS_TYPES_H 1
| #define HAVE_UNISTD_H 1
| #define HAVE_WCHAR_H 1
| #define HAVE_FEATURES_H 1
| #define HAVE_ERROR_H 1
| #define HAVE_FNMATCH_H 1
| #define HAVE_STDIO_EXT_H 1
| #define HAVE_SYS_VFS_H 1
| #define HAVE_GETOPT_H 1
| #define HAVE_SYS_CDEFS_H 1
| #define HAVE_TERMIOS_H 1
| #define HAVE_SYS_TIME_H 1
| #define HAVE_GRP_H 1
| #define HAVE_THREADS_H 1
| #define HAVE_ICONV_H 1
| #define HAVE_WCTYPE_H 1
| #define HAVE_LANGINFO_H 1
| #define HAVE_MATH_H 1
| #define HAVE_SYS_MMAN_H 1
| #define HAVE_SYS_STATVFS_H 1
| #define HAVE_SYS_SELECT_H 1
| #define HAVE_PTHREAD_H 1
| #define HAVE_UTMP_H 1
| #define HAVE_UTMPX_H 1
| #define HAVE_MALLOC_H 1
| #define HAVE_STDBOOL_H 1
| #define HAVE_SYS_IOCTL_H 1
| #define HAVE_SYS_RANDOM_H 1
| #define HAVE_SYS_RESOURCE_H 1
| #define HAVE_SYS_UIO_H 1
| #define HAVE_SYS_UTSNAME_H 1
| #define HAVE_SYS_WAIT_H 1
| #define HAVE_UTIME_H 1
| #define HAVE_SEMAPHORE_H 1
| #define HAVE_LINUX_FALLOC_H 1
| #define HAVE_PATHS_H 1
| #define HAVE_SYS_MTIO_H 1
| #define HAVE_SYSLOG_H 1
| #define HAVE_PWD_H 1
| #define STDC_HEADERS 1
| #define _ALL_SOURCE 1
| #define _DARWIN_C_SOURCE 1
| #define _GNU_SOURCE 1
| #define _HPUX_ALT_XOPEN_SOCKET_API 1
| #define _NETBSD_SOURCE 1
| #define _OPENBSD_SOURCE 1
| #define _POSIX_PTHREAD_SEMANTICS 1
| #define __STDC_WANT_IEC_60559_ATTRIBS_EXT__ 1
| #define __STDC_WANT_IEC_60559_BFP_EXT__ 1
| #define __STDC_WANT_IEC_60559_DFP_EXT__ 1
| #define __STDC_WANT_IEC_60559_EXT__ 1
| #define __STDC_WANT_IEC_60559_FUNCS_EXT__ 1
| #define __STDC_WANT_IEC_60559_TYPES_EXT__ 1
| #define __STDC_WANT_LIB_EXT2__ 1
| #define __STDC_WANT_MATH_SPEC_FUNCS__ 1
| #define _TANDEM_SOURCE 1
| #define __EXTENSIONS__ 1
| #define _FILE_OFFSET_BITS 64
| #define _TIME_BITS 64
| /* end confdefs.h.  */
| /* Define mbsinit to an innocuous variant, in case <limits.h> declares mbsinit.
|    For example, HP-UX 11i <limits.h> declares gettimeofday.  */
| #define mbsinit innocuous_mbsinit
| 
| /* System header to define __stub macros and hopefully few prototypes,
|    which can conflict with char mbsinit (void); below.  */
| 
| #include <limits.h>
| #undef mbsinit
| 
| /* Override any GCC internal prototype to avoid an error.
|    Use char because int might match the return type of a GCC
|    builtin and then its argument prototype would still apply.  */
| #ifdef __cplusplus
| extern "C"
| #endif
| char mbsinit (void);
| /* The GNU C library defines this for functions which it implements
|     to always fail with ENOSYS.  Some functions are actually named
|     something starting with __ and the normal name is an alias.  */
| #if defined __stub_mbsinit || defined __stub___mbsinit
| choke me
| #endif
| 
| int
| main (void)
| {
| return mbsinit ();
|   ;
|   return 0;
| }
configure:9804: result: no
configure:9804: checking for mbrlen
configure:9804: /home/clang+llvm-16.0.4-x86_64-linux-gnu-ubuntu-22.04/bin/clang-16 -pthread --target=wasm32-unknown-wasi --sysroot /home/lind-wasm/glibc/sysroot -Wl,--import-memory,--export-memory,--max-memory=67108864,--export=__stack_pointer -g -O0 -o conftest -g -O2   conftest.c  >&5
In file included from conftest.c:84:
In file included from /home/clang+llvm-16.0.4-x86_64-linux-gnu-ubuntu-22.04/lib/clang/16/include/limits.h:21:
In file included from /home/lind-wasm/glibc/sysroot/include/wasm32-wasi/limits.h:195:
In file included from /home/lind-wasm/glibc/sysroot/include/wasm32-wasi/bits/posix1_lim.h:161:
/home/lind-wasm/glibc/sysroot/include/wasm32-wasi/bits/local_lim.h:38:10: fatal error: 'linux/limits.h' file not found
#include <linux/limits.h>
         ^~~~~~~~~~~~~~~~
1 error generated.
configure:9804: $? = 1
configure: failed program was:
| /* confdefs.h */
| #define PACKAGE_NAME "GNU coreutils"
| #define PACKAGE_TARNAME "coreutils"
| #define PACKAGE_VERSION "9.3"
| #define PACKAGE_STRING "GNU coreutils 9.3"
| #define PACKAGE_BUGREPORT "bug-coreutils@gnu.org"
| #define PACKAGE_URL "https://www.gnu.org/software/coreutils/"
| #define PACKAGE "coreutils"
| #define VERSION "9.3"
| #define HAVE_STDIO_H 1
| #define HAVE_STDLIB_H 1
| #define HAVE_STRING_H 1
| #define HAVE_INTTYPES_H 1
| #define HAVE_STDINT_H 1
| #define HAVE_STRINGS_H 1
| #define HAVE_SYS_STAT_H 1
| #define HAVE_SYS_TYPES_H 1
| #define HAVE_UNISTD_H 1
| #define HAVE_WCHAR_H 1
| #define HAVE_FEATURES_H 1
| #define HAVE_ERROR_H 1
| #define HAVE_FNMATCH_H 1
| #define HAVE_STDIO_EXT_H 1
| #define HAVE_SYS_VFS_H 1
| #define HAVE_GETOPT_H 1
| #define HAVE_SYS_CDEFS_H 1
| #define HAVE_TERMIOS_H 1
| #define HAVE_SYS_TIME_H 1
| #define HAVE_GRP_H 1
| #define HAVE_THREADS_H 1
| #define HAVE_ICONV_H 1
| #define HAVE_WCTYPE_H 1
| #define HAVE_LANGINFO_H 1
| #define HAVE_MATH_H 1
| #define HAVE_SYS_MMAN_H 1
| #define HAVE_SYS_STATVFS_H 1
| #define HAVE_SYS_SELECT_H 1
| #define HAVE_PTHREAD_H 1
| #define HAVE_UTMP_H 1
| #define HAVE_UTMPX_H 1
| #define HAVE_MALLOC_H 1
| #define HAVE_STDBOOL_H 1
| #define HAVE_SYS_IOCTL_H 1
| #define HAVE_SYS_RANDOM_H 1
| #define HAVE_SYS_RESOURCE_H 1
| #define HAVE_SYS_UIO_H 1
| #define HAVE_SYS_UTSNAME_H 1
| #define HAVE_SYS_WAIT_H 1
| #define HAVE_UTIME_H 1
| #define HAVE_SEMAPHORE_H 1
| #define HAVE_LINUX_FALLOC_H 1
| #define HAVE_PATHS_H 1
| #define HAVE_SYS_MTIO_H 1
| #define HAVE_SYSLOG_H 1
| #define HAVE_PWD_H 1
| #define STDC_HEADERS 1
| #define _ALL_SOURCE 1
| #define _DARWIN_C_SOURCE 1
| #define _GNU_SOURCE 1
| #define _HPUX_ALT_XOPEN_SOCKET_API 1
| #define _NETBSD_SOURCE 1
| #define _OPENBSD_SOURCE 1
| #define _POSIX_PTHREAD_SEMANTICS 1
| #define __STDC_WANT_IEC_60559_ATTRIBS_EXT__ 1
| #define __STDC_WANT_IEC_60559_BFP_EXT__ 1
| #define __STDC_WANT_IEC_60559_DFP_EXT__ 1
| #define __STDC_WANT_IEC_60559_EXT__ 1
| #define __STDC_WANT_IEC_60559_FUNCS_EXT__ 1
| #define __STDC_WANT_IEC_60559_TYPES_EXT__ 1
| #define __STDC_WANT_LIB_EXT2__ 1
| #define __STDC_WANT_MATH_SPEC_FUNCS__ 1
| #define _TANDEM_SOURCE 1
| #define __EXTENSIONS__ 1
| #define _FILE_OFFSET_BITS 64
| #define _TIME_BITS 64
| /* end confdefs.h.  */
| /* Define mbrlen to an innocuous variant, in case <limits.h> declares mbrlen.
|    For example, HP-UX 11i <limits.h> declares gettimeofday.  */
| #define mbrlen innocuous_mbrlen
| 
| /* System header to define __stub macros and hopefully few prototypes,
|    which can conflict with char mbrlen (void); below.  */
| 
| #include <limits.h>
| #undef mbrlen
| 
| /* Override any GCC internal prototype to avoid an error.
|    Use char because int might match the return type of a GCC
|    builtin and then its argument prototype would still apply.  */
| #ifdef __cplusplus
| extern "C"
| #endif
| char mbrlen (void);
| /* The GNU C library defines this for functions which it implements
|     to always fail with ENOSYS.  Some functions are actually named
|     something starting with __ and the normal name is an alias.  */
| #if defined __stub_mbrlen || defined __stub___mbrlen
| choke me
| #endif
| 
| int
| main (void)
| {
| return mbrlen ();
|   ;
|   return 0;
| }
configure:9804: result: no
configure:9804: checking for mbslen
configure:9804: /home/clang+llvm-16.0.4-x86_64-linux-gnu-ubuntu-22.04/bin/clang-16 -pthread --target=wasm32-unknown-wasi --sysroot /home/lind-wasm/glibc/sysroot -Wl,--import-memory,--export-memory,--max-memory=67108864,--export=__stack_pointer -g -O0 -o conftest -g -O2   conftest.c  >&5
In file included from conftest.c:84:
In file included from /home/clang+llvm-16.0.4-x86_64-linux-gnu-ubuntu-22.04/lib/clang/16/include/limits.h:21:
In file included from /home/lind-wasm/glibc/sysroot/include/wasm32-wasi/limits.h:195:
In file included from /home/lind-wasm/glibc/sysroot/include/wasm32-wasi/bits/posix1_lim.h:161:
/home/lind-wasm/glibc/sysroot/include/wasm32-wasi/bits/local_lim.h:38:10: fatal error: 'linux/limits.h' file not found
#include <linux/limits.h>
         ^~~~~~~~~~~~~~~~
1 error generated.
configure:9804: $? = 1
configure: failed program was:
| /* confdefs.h */
| #define PACKAGE_NAME "GNU coreutils"
| #define PACKAGE_TARNAME "coreutils"
| #define PACKAGE_VERSION "9.3"
| #define PACKAGE_STRING "GNU coreutils 9.3"
| #define PACKAGE_BUGREPORT "bug-coreutils@gnu.org"
| #define PACKAGE_URL "https://www.gnu.org/software/coreutils/"
| #define PACKAGE "coreutils"
| #define VERSION "9.3"
| #define HAVE_STDIO_H 1
| #define HAVE_STDLIB_H 1
| #define HAVE_STRING_H 1
| #define HAVE_INTTYPES_H 1
| #define HAVE_STDINT_H 1
| #define HAVE_STRINGS_H 1
| #define HAVE_SYS_STAT_H 1
| #define HAVE_SYS_TYPES_H 1
| #define HAVE_UNISTD_H 1
| #define HAVE_WCHAR_H 1
| #define HAVE_FEATURES_H 1
| #define HAVE_ERROR_H 1
| #define HAVE_FNMATCH_H 1
| #define HAVE_STDIO_EXT_H 1
| #define HAVE_SYS_VFS_H 1
| #define HAVE_GETOPT_H 1
| #define HAVE_SYS_CDEFS_H 1
| #define HAVE_TERMIOS_H 1
| #define HAVE_SYS_TIME_H 1
| #define HAVE_GRP_H 1
| #define HAVE_THREADS_H 1
| #define HAVE_ICONV_H 1
| #define HAVE_WCTYPE_H 1
| #define HAVE_LANGINFO_H 1
| #define HAVE_MATH_H 1
| #define HAVE_SYS_MMAN_H 1
| #define HAVE_SYS_STATVFS_H 1
| #define HAVE_SYS_SELECT_H 1
| #define HAVE_PTHREAD_H 1
| #define HAVE_UTMP_H 1
| #define HAVE_UTMPX_H 1
| #define HAVE_MALLOC_H 1
| #define HAVE_STDBOOL_H 1
| #define HAVE_SYS_IOCTL_H 1
| #define HAVE_SYS_RANDOM_H 1
| #define HAVE_SYS_RESOURCE_H 1
| #define HAVE_SYS_UIO_H 1
| #define HAVE_SYS_UTSNAME_H 1
| #define HAVE_SYS_WAIT_H 1
| #define HAVE_UTIME_H 1
| #define HAVE_SEMAPHORE_H 1
| #define HAVE_LINUX_FALLOC_H 1
| #define HAVE_PATHS_H 1
| #define HAVE_SYS_MTIO_H 1
| #define HAVE_SYSLOG_H 1
| #define HAVE_PWD_H 1
| #define STDC_HEADERS 1
| #define _ALL_SOURCE 1
| #define _DARWIN_C_SOURCE 1
| #define _GNU_SOURCE 1
| #define _HPUX_ALT_XOPEN_SOCKET_API 1
| #define _NETBSD_SOURCE 1
| #define _OPENBSD_SOURCE 1
| #define _POSIX_PTHREAD_SEMANTICS 1
| #define __STDC_WANT_IEC_60559_ATTRIBS_EXT__ 1
| #define __STDC_WANT_IEC_60559_BFP_EXT__ 1
| #define __STDC_WANT_IEC_60559_DFP_EXT__ 1
| #define __STDC_WANT_IEC_60559_EXT__ 1
| #define __STDC_WANT_IEC_60559_FUNCS_EXT__ 1
| #define __STDC_WANT_IEC_60559_TYPES_EXT__ 1
| #define __STDC_WANT_LIB_EXT2__ 1
| #define __STDC_WANT_MATH_SPEC_FUNCS__ 1
| #define _TANDEM_SOURCE 1
| #define __EXTENSIONS__ 1
| #define _FILE_OFFSET_BITS 64
| #define _TIME_BITS 64
| /* end confdefs.h.  */
| /* Define mbslen to an innocuous variant, in case <limits.h> declares mbslen.
|    For example, HP-UX 11i <limits.h> declares gettimeofday.  */
| #define mbslen innocuous_mbslen
| 
| /* System header to define __stub macros and hopefully few prototypes,
|    which can conflict with char mbslen (void); below.  */
| 
| #include <limits.h>
| #undef mbslen
| 
| /* Override any GCC internal prototype to avoid an error.
|    Use char because int might match the return type of a GCC
|    builtin and then its argument prototype would still apply.  */
| #ifdef __cplusplus
| extern "C"
| #endif
| char mbslen (void);
| /* The GNU C library defines this for functions which it implements
|     to always fail with ENOSYS.  Some functions are actually named
|     something starting with __ and the normal name is an alias.  */
| #if defined __stub_mbslen || defined __stub___mbslen
| choke me
| #endif
| 
| int
| main (void)
| {
| return mbslen ();
|   ;
|   return 0;
| }
configure:9804: result: no
configure:9804: checking for isascii
configure:9804: /home/clang+llvm-16.0.4-x86_64-linux-gnu-ubuntu-22.04/bin/clang-16 -pthread --target=wasm32-unknown-wasi --sysroot /home/lind-wasm/glibc/sysroot -Wl,--import-memory,--export-memory,--max-memory=67108864,--export=__stack_pointer -g -O0 -o conftest -g -O2   conftest.c  >&5
In file included from conftest.c:84:
In file included from /home/clang+llvm-16.0.4-x86_64-linux-gnu-ubuntu-22.04/lib/clang/16/include/limits.h:21:
In file included from /home/lind-wasm/glibc/sysroot/include/wasm32-wasi/limits.h:195:
In file included from /home/lind-wasm/glibc/sysroot/include/wasm32-wasi/bits/posix1_lim.h:161:
/home/lind-wasm/glibc/sysroot/include/wasm32-wasi/bits/local_lim.h:38:10: fatal error: 'linux/limits.h' file not found
#include <linux/limits.h>
         ^~~~~~~~~~~~~~~~
1 error generated.
configure:9804: $? = 1
configure: failed program was:
| /* confdefs.h */
| #define PACKAGE_NAME "GNU coreutils"
| #define PACKAGE_TARNAME "coreutils"
| #define PACKAGE_VERSION "9.3"
| #define PACKAGE_STRING "GNU coreutils 9.3"
| #define PACKAGE_BUGREPORT "bug-coreutils@gnu.org"
| #define PACKAGE_URL "https://www.gnu.org/software/coreutils/"
| #define PACKAGE "coreutils"
| #define VERSION "9.3"
| #define HAVE_STDIO_H 1
| #define HAVE_STDLIB_H 1
| #define HAVE_STRING_H 1
| #define HAVE_INTTYPES_H 1
| #define HAVE_STDINT_H 1
| #define HAVE_STRINGS_H 1
| #define HAVE_SYS_STAT_H 1
| #define HAVE_SYS_TYPES_H 1
| #define HAVE_UNISTD_H 1
| #define HAVE_WCHAR_H 1
| #define HAVE_FEATURES_H 1
| #define HAVE_ERROR_H 1
| #define HAVE_FNMATCH_H 1
| #define HAVE_STDIO_EXT_H 1
| #define HAVE_SYS_VFS_H 1
| #define HAVE_GETOPT_H 1
| #define HAVE_SYS_CDEFS_H 1
| #define HAVE_TERMIOS_H 1
| #define HAVE_SYS_TIME_H 1
| #define HAVE_GRP_H 1
| #define HAVE_THREADS_H 1
| #define HAVE_ICONV_H 1
| #define HAVE_WCTYPE_H 1
| #define HAVE_LANGINFO_H 1
| #define HAVE_MATH_H 1
| #define HAVE_SYS_MMAN_H 1
| #define HAVE_SYS_STATVFS_H 1
| #define HAVE_SYS_SELECT_H 1
| #define HAVE_PTHREAD_H 1
| #define HAVE_UTMP_H 1
| #define HAVE_UTMPX_H 1
| #define HAVE_MALLOC_H 1
| #define HAVE_STDBOOL_H 1
| #define HAVE_SYS_IOCTL_H 1
| #define HAVE_SYS_RANDOM_H 1
| #define HAVE_SYS_RESOURCE_H 1
| #define HAVE_SYS_UIO_H 1
| #define HAVE_SYS_UTSNAME_H 1
| #define HAVE_SYS_WAIT_H 1
| #define HAVE_UTIME_H 1
| #define HAVE_SEMAPHORE_H 1
| #define HAVE_LINUX_FALLOC_H 1
| #define HAVE_PATHS_H 1
| #define HAVE_SYS_MTIO_H 1
| #define HAVE_SYSLOG_H 1
| #define HAVE_PWD_H 1
| #define STDC_HEADERS 1
| #define _ALL_SOURCE 1
| #define _DARWIN_C_SOURCE 1
| #define _GNU_SOURCE 1
| #define _HPUX_ALT_XOPEN_SOCKET_API 1
| #define _NETBSD_SOURCE 1
| #define _OPENBSD_SOURCE 1
| #define _POSIX_PTHREAD_SEMANTICS 1
| #define __STDC_WANT_IEC_60559_ATTRIBS_EXT__ 1
| #define __STDC_WANT_IEC_60559_BFP_EXT__ 1
| #define __STDC_WANT_IEC_60559_DFP_EXT__ 1
| #define __STDC_WANT_IEC_60559_EXT__ 1
| #define __STDC_WANT_IEC_60559_FUNCS_EXT__ 1
| #define __STDC_WANT_IEC_60559_TYPES_EXT__ 1
| #define __STDC_WANT_LIB_EXT2__ 1
| #define __STDC_WANT_MATH_SPEC_FUNCS__ 1
| #define _TANDEM_SOURCE 1
| #define __EXTENSIONS__ 1
| #define _FILE_OFFSET_BITS 64
| #define _TIME_BITS 64
| /* end confdefs.h.  */
| /* Define isascii to an innocuous variant, in case <limits.h> declares isascii.
|    For example, HP-UX 11i <limits.h> declares gettimeofday.  */
| #define isascii innocuous_isascii
| 
| /* System header to define __stub macros and hopefully few prototypes,
|    which can conflict with char isascii (void); below.  */
| 
| #include <limits.h>
| #undef isascii
| 
| /* Override any GCC internal prototype to avoid an error.
|    Use char because int might match the return type of a GCC
|    builtin and then its argument prototype would still apply.  */
| #ifdef __cplusplus
| extern "C"
| #endif
| char isascii (void);
| /* The GNU C library defines this for functions which it implements
|     to always fail with ENOSYS.  Some functions are actually named
|     something starting with __ and the normal name is an alias.  */
| #if defined __stub_isascii || defined __stub___isascii
| choke me
| #endif
| 
| int
| main (void)
| {
| return isascii ();
|   ;
|   return 0;
| }
configure:9804: result: no
configure:9804: checking for mprotect
configure:9804: /home/clang+llvm-16.0.4-x86_64-linux-gnu-ubuntu-22.04/bin/clang-16 -pthread --target=wasm32-unknown-wasi --sysroot /home/lind-wasm/glibc/sysroot -Wl,--import-memory,--export-memory,--max-memory=67108864,--export=__stack_pointer -g -O0 -o conftest -g -O2   conftest.c  >&5
In file included from conftest.c:84:
In file included from /home/clang+llvm-16.0.4-x86_64-linux-gnu-ubuntu-22.04/lib/clang/16/include/limits.h:21:
In file included from /home/lind-wasm/glibc/sysroot/include/wasm32-wasi/limits.h:195:
In file included from /home/lind-wasm/glibc/sysroot/include/wasm32-wasi/bits/posix1_lim.h:161:
/home/lind-wasm/glibc/sysroot/include/wasm32-wasi/bits/local_lim.h:38:10: fatal error: 'linux/limits.h' file not found
#include <linux/limits.h>
         ^~~~~~~~~~~~~~~~
1 error generated.
configure:9804: $? = 1
configure: failed program was:
| /* confdefs.h */
| #define PACKAGE_NAME "GNU coreutils"
| #define PACKAGE_TARNAME "coreutils"
| #define PACKAGE_VERSION "9.3"
| #define PACKAGE_STRING "GNU coreutils 9.3"
| #define PACKAGE_BUGREPORT "bug-coreutils@gnu.org"
| #define PACKAGE_URL "https://www.gnu.org/software/coreutils/"
| #define PACKAGE "coreutils"
| #define VERSION "9.3"
| #define HAVE_STDIO_H 1
| #define HAVE_STDLIB_H 1
| #define HAVE_STRING_H 1
| #define HAVE_INTTYPES_H 1
| #define HAVE_STDINT_H 1
| #define HAVE_STRINGS_H 1
| #define HAVE_SYS_STAT_H 1
| #define HAVE_SYS_TYPES_H 1
| #define HAVE_UNISTD_H 1
| #define HAVE_WCHAR_H 1
| #define HAVE_FEATURES_H 1
| #define HAVE_ERROR_H 1
| #define HAVE_FNMATCH_H 1
| #define HAVE_STDIO_EXT_H 1
| #define HAVE_SYS_VFS_H 1
| #define HAVE_GETOPT_H 1
| #define HAVE_SYS_CDEFS_H 1
| #define HAVE_TERMIOS_H 1
| #define HAVE_SYS_TIME_H 1
| #define HAVE_GRP_H 1
| #define HAVE_THREADS_H 1
| #define HAVE_ICONV_H 1
| #define HAVE_WCTYPE_H 1
| #define HAVE_LANGINFO_H 1
| #define HAVE_MATH_H 1
| #define HAVE_SYS_MMAN_H 1
| #define HAVE_SYS_STATVFS_H 1
| #define HAVE_SYS_SELECT_H 1
| #define HAVE_PTHREAD_H 1
| #define HAVE_UTMP_H 1
| #define HAVE_UTMPX_H 1
| #define HAVE_MALLOC_H 1
| #define HAVE_STDBOOL_H 1
| #define HAVE_SYS_IOCTL_H 1
| #define HAVE_SYS_RANDOM_H 1
| #define HAVE_SYS_RESOURCE_H 1
| #define HAVE_SYS_UIO_H 1
| #define HAVE_SYS_UTSNAME_H 1
| #define HAVE_SYS_WAIT_H 1
| #define HAVE_UTIME_H 1
| #define HAVE_SEMAPHORE_H 1
| #define HAVE_LINUX_FALLOC_H 1
| #define HAVE_PATHS_H 1
| #define HAVE_SYS_MTIO_H 1
| #define HAVE_SYSLOG_H 1
| #define HAVE_PWD_H 1
| #define STDC_HEADERS 1
| #define _ALL_SOURCE 1
| #define _DARWIN_C_SOURCE 1
| #define _GNU_SOURCE 1
| #define _HPUX_ALT_XOPEN_SOCKET_API 1
| #define _NETBSD_SOURCE 1
| #define _OPENBSD_SOURCE 1
| #define _POSIX_PTHREAD_SEMANTICS 1
| #define __STDC_WANT_IEC_60559_ATTRIBS_EXT__ 1
| #define __STDC_WANT_IEC_60559_BFP_EXT__ 1
| #define __STDC_WANT_IEC_60559_DFP_EXT__ 1
| #define __STDC_WANT_IEC_60559_EXT__ 1
| #define __STDC_WANT_IEC_60559_FUNCS_EXT__ 1
| #define __STDC_WANT_IEC_60559_TYPES_EXT__ 1
| #define __STDC_WANT_LIB_EXT2__ 1
| #define __STDC_WANT_MATH_SPEC_FUNCS__ 1
| #define _TANDEM_SOURCE 1
| #define __EXTENSIONS__ 1
| #define _FILE_OFFSET_BITS 64
| #define _TIME_BITS 64
| /* end confdefs.h.  */
| /* Define mprotect to an innocuous variant, in case <limits.h> declares mprotect.
|    For example, HP-UX 11i <limits.h> declares gettimeofday.  */
| #define mprotect innocuous_mprotect
| 
| /* System header to define __stub macros and hopefully few prototypes,
|    which can conflict with char mprotect (void); below.  */
| 
| #include <limits.h>
| #undef mprotect
| 
| /* Override any GCC internal prototype to avoid an error.
|    Use char because int might match the return type of a GCC
|    builtin and then its argument prototype would still apply.  */
| #ifdef __cplusplus
| extern "C"
| #endif
| char mprotect (void);
| /* The GNU C library defines this for functions which it implements
|     to always fail with ENOSYS.  Some functions are actually named
|     something starting with __ and the normal name is an alias.  */
| #if defined __stub_mprotect || defined __stub___mprotect
| choke me
| #endif
| 
| int
| main (void)
| {
| return mprotect ();
|   ;
|   return 0;
| }
configure:9804: result: no
configure:9804: checking for memset_explicit
configure:9804: /home/clang+llvm-16.0.4-x86_64-linux-gnu-ubuntu-22.04/bin/clang-16 -pthread --target=wasm32-unknown-wasi --sysroot /home/lind-wasm/glibc/sysroot -Wl,--import-memory,--export-memory,--max-memory=67108864,--export=__stack_pointer -g -O0 -o conftest -g -O2   conftest.c  >&5
In file included from conftest.c:84:
In file included from /home/clang+llvm-16.0.4-x86_64-linux-gnu-ubuntu-22.04/lib/clang/16/include/limits.h:21:
In file included from /home/lind-wasm/glibc/sysroot/include/wasm32-wasi/limits.h:195:
In file included from /home/lind-wasm/glibc/sysroot/include/wasm32-wasi/bits/posix1_lim.h:161:
/home/lind-wasm/glibc/sysroot/include/wasm32-wasi/bits/local_lim.h:38:10: fatal error: 'linux/limits.h' file not found
#include <linux/limits.h>
         ^~~~~~~~~~~~~~~~
1 error generated.
configure:9804: $? = 1
configure: failed program was:
| /* confdefs.h */
| #define PACKAGE_NAME "GNU coreutils"
| #define PACKAGE_TARNAME "coreutils"
| #define PACKAGE_VERSION "9.3"
| #define PACKAGE_STRING "GNU coreutils 9.3"
| #define PACKAGE_BUGREPORT "bug-coreutils@gnu.org"
| #define PACKAGE_URL "https://www.gnu.org/software/coreutils/"
| #define PACKAGE "coreutils"
| #define VERSION "9.3"
| #define HAVE_STDIO_H 1
| #define HAVE_STDLIB_H 1
| #define HAVE_STRING_H 1
| #define HAVE_INTTYPES_H 1
| #define HAVE_STDINT_H 1
| #define HAVE_STRINGS_H 1
| #define HAVE_SYS_STAT_H 1
| #define HAVE_SYS_TYPES_H 1
| #define HAVE_UNISTD_H 1
| #define HAVE_WCHAR_H 1
| #define HAVE_FEATURES_H 1
| #define HAVE_ERROR_H 1
| #define HAVE_FNMATCH_H 1
| #define HAVE_STDIO_EXT_H 1
| #define HAVE_SYS_VFS_H 1
| #define HAVE_GETOPT_H 1
| #define HAVE_SYS_CDEFS_H 1
| #define HAVE_TERMIOS_H 1
| #define HAVE_SYS_TIME_H 1
| #define HAVE_GRP_H 1
| #define HAVE_THREADS_H 1
| #define HAVE_ICONV_H 1
| #define HAVE_WCTYPE_H 1
| #define HAVE_LANGINFO_H 1
| #define HAVE_MATH_H 1
| #define HAVE_SYS_MMAN_H 1
| #define HAVE_SYS_STATVFS_H 1
| #define HAVE_SYS_SELECT_H 1
| #define HAVE_PTHREAD_H 1
| #define HAVE_UTMP_H 1
| #define HAVE_UTMPX_H 1
| #define HAVE_MALLOC_H 1
| #define HAVE_STDBOOL_H 1
| #define HAVE_SYS_IOCTL_H 1
| #define HAVE_SYS_RANDOM_H 1
| #define HAVE_SYS_RESOURCE_H 1
| #define HAVE_SYS_UIO_H 1
| #define HAVE_SYS_UTSNAME_H 1
| #define HAVE_SYS_WAIT_H 1
| #define HAVE_UTIME_H 1
| #define HAVE_SEMAPHORE_H 1
| #define HAVE_LINUX_FALLOC_H 1
| #define HAVE_PATHS_H 1
| #define HAVE_SYS_MTIO_H 1
| #define HAVE_SYSLOG_H 1
| #define HAVE_PWD_H 1
| #define STDC_HEADERS 1
| #define _ALL_SOURCE 1
| #define _DARWIN_C_SOURCE 1
| #define _GNU_SOURCE 1
| #define _HPUX_ALT_XOPEN_SOCKET_API 1
| #define _NETBSD_SOURCE 1
| #define _OPENBSD_SOURCE 1
| #define _POSIX_PTHREAD_SEMANTICS 1
| #define __STDC_WANT_IEC_60559_ATTRIBS_EXT__ 1
| #define __STDC_WANT_IEC_60559_BFP_EXT__ 1
| #define __STDC_WANT_IEC_60559_DFP_EXT__ 1
| #define __STDC_WANT_IEC_60559_EXT__ 1
| #define __STDC_WANT_IEC_60559_FUNCS_EXT__ 1
| #define __STDC_WANT_IEC_60559_TYPES_EXT__ 1
| #define __STDC_WANT_LIB_EXT2__ 1
| #define __STDC_WANT_MATH_SPEC_FUNCS__ 1
| #define _TANDEM_SOURCE 1
| #define __EXTENSIONS__ 1
| #define _FILE_OFFSET_BITS 64
| #define _TIME_BITS 64
| /* end confdefs.h.  */
| /* Define memset_explicit to an innocuous variant, in case <limits.h> declares memset_explicit.
|    For example, HP-UX 11i <limits.h> declares gettimeofday.  */
| #define memset_explicit innocuous_memset_explicit
| 
| /* System header to define __stub macros and hopefully few prototypes,
|    which can conflict with char memset_explicit (void); below.  */
| 
| #include <limits.h>
| #undef memset_explicit
| 
| /* Override any GCC internal prototype to avoid an error.
|    Use char because int might match the return type of a GCC
|    builtin and then its argument prototype would still apply.  */
| #ifdef __cplusplus
| extern "C"
| #endif
| char memset_explicit (void);
| /* The GNU C library defines this for functions which it implements
|     to always fail with ENOSYS.  Some functions are actually named
|     something starting with __ and the normal name is an alias.  */
| #if defined __stub_memset_explicit || defined __stub___memset_explicit
| choke me
| #endif
| 
| int
| main (void)
| {
| return memset_explicit ();
|   ;
|   return 0;
| }
configure:9804: result: no
configure:9804: checking for memset_s
configure:9804: /home/clang+llvm-16.0.4-x86_64-linux-gnu-ubuntu-22.04/bin/clang-16 -pthread --target=wasm32-unknown-wasi --sysroot /home/lind-wasm/glibc/sysroot -Wl,--import-memory,--export-memory,--max-memory=67108864,--export=__stack_pointer -g -O0 -o conftest -g -O2   conftest.c  >&5
In file included from conftest.c:84:
In file included from /home/clang+llvm-16.0.4-x86_64-linux-gnu-ubuntu-22.04/lib/clang/16/include/limits.h:21:
In file included from /home/lind-wasm/glibc/sysroot/include/wasm32-wasi/limits.h:195:
In file included from /home/lind-wasm/glibc/sysroot/include/wasm32-wasi/bits/posix1_lim.h:161:
/home/lind-wasm/glibc/sysroot/include/wasm32-wasi/bits/local_lim.h:38:10: fatal error: 'linux/limits.h' file not found
#include <linux/limits.h>
         ^~~~~~~~~~~~~~~~
1 error generated.
configure:9804: $? = 1
configure: failed program was:
| /* confdefs.h */
| #define PACKAGE_NAME "GNU coreutils"
| #define PACKAGE_TARNAME "coreutils"
| #define PACKAGE_VERSION "9.3"
| #define PACKAGE_STRING "GNU coreutils 9.3"
| #define PACKAGE_BUGREPORT "bug-coreutils@gnu.org"
| #define PACKAGE_URL "https://www.gnu.org/software/coreutils/"
| #define PACKAGE "coreutils"
| #define VERSION "9.3"
| #define HAVE_STDIO_H 1
| #define HAVE_STDLIB_H 1
| #define HAVE_STRING_H 1
| #define HAVE_INTTYPES_H 1
| #define HAVE_STDINT_H 1
| #define HAVE_STRINGS_H 1
| #define HAVE_SYS_STAT_H 1
| #define HAVE_SYS_TYPES_H 1
| #define HAVE_UNISTD_H 1
| #define HAVE_WCHAR_H 1
| #define HAVE_FEATURES_H 1
| #define HAVE_ERROR_H 1
| #define HAVE_FNMATCH_H 1
| #define HAVE_STDIO_EXT_H 1
| #define HAVE_SYS_VFS_H 1
| #define HAVE_GETOPT_H 1
| #define HAVE_SYS_CDEFS_H 1
| #define HAVE_TERMIOS_H 1
| #define HAVE_SYS_TIME_H 1
| #define HAVE_GRP_H 1
| #define HAVE_THREADS_H 1
| #define HAVE_ICONV_H 1
| #define HAVE_WCTYPE_H 1
| #define HAVE_LANGINFO_H 1
| #define HAVE_MATH_H 1
| #define HAVE_SYS_MMAN_H 1
| #define HAVE_SYS_STATVFS_H 1
| #define HAVE_SYS_SELECT_H 1
| #define HAVE_PTHREAD_H 1
| #define HAVE_UTMP_H 1
| #define HAVE_UTMPX_H 1
| #define HAVE_MALLOC_H 1
| #define HAVE_STDBOOL_H 1
| #define HAVE_SYS_IOCTL_H 1
| #define HAVE_SYS_RANDOM_H 1
| #define HAVE_SYS_RESOURCE_H 1
| #define HAVE_SYS_UIO_H 1
| #define HAVE_SYS_UTSNAME_H 1
| #define HAVE_SYS_WAIT_H 1
| #define HAVE_UTIME_H 1
| #define HAVE_SEMAPHORE_H 1
| #define HAVE_LINUX_FALLOC_H 1
| #define HAVE_PATHS_H 1
| #define HAVE_SYS_MTIO_H 1
| #define HAVE_SYSLOG_H 1
| #define HAVE_PWD_H 1
| #define STDC_HEADERS 1
| #define _ALL_SOURCE 1
| #define _DARWIN_C_SOURCE 1
| #define _GNU_SOURCE 1
| #define _HPUX_ALT_XOPEN_SOCKET_API 1
| #define _NETBSD_SOURCE 1
| #define _OPENBSD_SOURCE 1
| #define _POSIX_PTHREAD_SEMANTICS 1
| #define __STDC_WANT_IEC_60559_ATTRIBS_EXT__ 1
| #define __STDC_WANT_IEC_60559_BFP_EXT__ 1
| #define __STDC_WANT_IEC_60559_DFP_EXT__ 1
| #define __STDC_WANT_IEC_60559_EXT__ 1
| #define __STDC_WANT_IEC_60559_FUNCS_EXT__ 1
| #define __STDC_WANT_IEC_60559_TYPES_EXT__ 1
| #define __STDC_WANT_LIB_EXT2__ 1
| #define __STDC_WANT_MATH_SPEC_FUNCS__ 1
| #define _TANDEM_SOURCE 1
| #define __EXTENSIONS__ 1
| #define _FILE_OFFSET_BITS 64
| #define _TIME_BITS 64
| /* end confdefs.h.  */
| /* Define memset_s to an innocuous variant, in case <limits.h> declares memset_s.
|    For example, HP-UX 11i <limits.h> declares gettimeofday.  */
| #define memset_s innocuous_memset_s
| 
| /* System header to define __stub macros and hopefully few prototypes,
|    which can conflict with char memset_s (void); below.  */
| 
| #include <limits.h>
| #undef memset_s
| 
| /* Override any GCC internal prototype to avoid an error.
|    Use char because int might match the return type of a GCC
|    builtin and then its argument prototype would still apply.  */
| #ifdef __cplusplus
| extern "C"
| #endif
| char memset_s (void);
| /* The GNU C library defines this for functions which it implements
|     to always fail with ENOSYS.  Some functions are actually named
|     something starting with __ and the normal name is an alias.  */
| #if defined __stub_memset_s || defined __stub___memset_s
| choke me
| #endif
| 
| int
| main (void)
| {
| return memset_s ();
|   ;
|   return 0;
| }
configure:9804: result: no
configure:9804: checking for getgrouplist
configure:9804: /home/clang+llvm-16.0.4-x86_64-linux-gnu-ubuntu-22.04/bin/clang-16 -pthread --target=wasm32-unknown-wasi --sysroot /home/lind-wasm/glibc/sysroot -Wl,--import-memory,--export-memory,--max-memory=67108864,--export=__stack_pointer -g -O0 -o conftest -g -O2   conftest.c  >&5
In file included from conftest.c:84:
In file included from /home/clang+llvm-16.0.4-x86_64-linux-gnu-ubuntu-22.04/lib/clang/16/include/limits.h:21:
In file included from /home/lind-wasm/glibc/sysroot/include/wasm32-wasi/limits.h:195:
In file included from /home/lind-wasm/glibc/sysroot/include/wasm32-wasi/bits/posix1_lim.h:161:
/home/lind-wasm/glibc/sysroot/include/wasm32-wasi/bits/local_lim.h:38:10: fatal error: 'linux/limits.h' file not found
#include <linux/limits.h>
         ^~~~~~~~~~~~~~~~
1 error generated.
configure:9804: $? = 1
configure: failed program was:
| /* confdefs.h */
| #define PACKAGE_NAME "GNU coreutils"
| #define PACKAGE_TARNAME "coreutils"
| #define PACKAGE_VERSION "9.3"
| #define PACKAGE_STRING "GNU coreutils 9.3"
| #define PACKAGE_BUGREPORT "bug-coreutils@gnu.org"
| #define PACKAGE_URL "https://www.gnu.org/software/coreutils/"
| #define PACKAGE "coreutils"
| #define VERSION "9.3"
| #define HAVE_STDIO_H 1
| #define HAVE_STDLIB_H 1
| #define HAVE_STRING_H 1
| #define HAVE_INTTYPES_H 1
| #define HAVE_STDINT_H 1
| #define HAVE_STRINGS_H 1
| #define HAVE_SYS_STAT_H 1
| #define HAVE_SYS_TYPES_H 1
| #define HAVE_UNISTD_H 1
| #define HAVE_WCHAR_H 1
| #define HAVE_FEATURES_H 1
| #define HAVE_ERROR_H 1
| #define HAVE_FNMATCH_H 1
| #define HAVE_STDIO_EXT_H 1
| #define HAVE_SYS_VFS_H 1
| #define HAVE_GETOPT_H 1
| #define HAVE_SYS_CDEFS_H 1
| #define HAVE_TERMIOS_H 1
| #define HAVE_SYS_TIME_H 1
| #define HAVE_GRP_H 1
| #define HAVE_THREADS_H 1
| #define HAVE_ICONV_H 1
| #define HAVE_WCTYPE_H 1
| #define HAVE_LANGINFO_H 1
| #define HAVE_MATH_H 1
| #define HAVE_SYS_MMAN_H 1
| #define HAVE_SYS_STATVFS_H 1
| #define HAVE_SYS_SELECT_H 1
| #define HAVE_PTHREAD_H 1
| #define HAVE_UTMP_H 1
| #define HAVE_UTMPX_H 1
| #define HAVE_MALLOC_H 1
| #define HAVE_STDBOOL_H 1
| #define HAVE_SYS_IOCTL_H 1
| #define HAVE_SYS_RANDOM_H 1
| #define HAVE_SYS_RESOURCE_H 1
| #define HAVE_SYS_UIO_H 1
| #define HAVE_SYS_UTSNAME_H 1
| #define HAVE_SYS_WAIT_H 1
| #define HAVE_UTIME_H 1
| #define HAVE_SEMAPHORE_H 1
| #define HAVE_LINUX_FALLOC_H 1
| #define HAVE_PATHS_H 1
| #define HAVE_SYS_MTIO_H 1
| #define HAVE_SYSLOG_H 1
| #define HAVE_PWD_H 1
| #define STDC_HEADERS 1
| #define _ALL_SOURCE 1
| #define _DARWIN_C_SOURCE 1
| #define _GNU_SOURCE 1
| #define _HPUX_ALT_XOPEN_SOCKET_API 1
| #define _NETBSD_SOURCE 1
| #define _OPENBSD_SOURCE 1
| #define _POSIX_PTHREAD_SEMANTICS 1
| #define __STDC_WANT_IEC_60559_ATTRIBS_EXT__ 1
| #define __STDC_WANT_IEC_60559_BFP_EXT__ 1
| #define __STDC_WANT_IEC_60559_DFP_EXT__ 1
| #define __STDC_WANT_IEC_60559_EXT__ 1
| #define __STDC_WANT_IEC_60559_FUNCS_EXT__ 1
| #define __STDC_WANT_IEC_60559_TYPES_EXT__ 1
| #define __STDC_WANT_LIB_EXT2__ 1
| #define __STDC_WANT_MATH_SPEC_FUNCS__ 1
| #define _TANDEM_SOURCE 1
| #define __EXTENSIONS__ 1
| #define _FILE_OFFSET_BITS 64
| #define _TIME_BITS 64
| /* end confdefs.h.  */
| /* Define getgrouplist to an innocuous variant, in case <limits.h> declares getgrouplist.
|    For example, HP-UX 11i <limits.h> declares gettimeofday.  */
| #define getgrouplist innocuous_getgrouplist
| 
| /* System header to define __stub macros and hopefully few prototypes,
|    which can conflict with char getgrouplist (void); below.  */
| 
| #include <limits.h>
| #undef getgrouplist
| 
| /* Override any GCC internal prototype to avoid an error.
|    Use char because int might match the return type of a GCC
|    builtin and then its argument prototype would still apply.  */
| #ifdef __cplusplus
| extern "C"
| #endif
| char getgrouplist (void);
| /* The GNU C library defines this for functions which it implements
|     to always fail with ENOSYS.  Some functions are actually named
|     something starting with __ and the normal name is an alias.  */
| #if defined __stub_getgrouplist || defined __stub___getgrouplist
| choke me
| #endif
| 
| int
| main (void)
| {
| return getgrouplist ();
|   ;
|   return 0;
| }
configure:9804: result: no
configure:9804: checking for mkdirat
configure:9804: /home/clang+llvm-16.0.4-x86_64-linux-gnu-ubuntu-22.04/bin/clang-16 -pthread --target=wasm32-unknown-wasi --sysroot /home/lind-wasm/glibc/sysroot -Wl,--import-memory,--export-memory,--max-memory=67108864,--export=__stack_pointer -g -O0 -o conftest -g -O2   conftest.c  >&5
In file included from conftest.c:84:
In file included from /home/clang+llvm-16.0.4-x86_64-linux-gnu-ubuntu-22.04/lib/clang/16/include/limits.h:21:
In file included from /home/lind-wasm/glibc/sysroot/include/wasm32-wasi/limits.h:195:
In file included from /home/lind-wasm/glibc/sysroot/include/wasm32-wasi/bits/posix1_lim.h:161:
/home/lind-wasm/glibc/sysroot/include/wasm32-wasi/bits/local_lim.h:38:10: fatal error: 'linux/limits.h' file not found
#include <linux/limits.h>
         ^~~~~~~~~~~~~~~~
1 error generated.
configure:9804: $? = 1
configure: failed program was:
| /* confdefs.h */
| #define PACKAGE_NAME "GNU coreutils"
| #define PACKAGE_TARNAME "coreutils"
| #define PACKAGE_VERSION "9.3"
| #define PACKAGE_STRING "GNU coreutils 9.3"
| #define PACKAGE_BUGREPORT "bug-coreutils@gnu.org"
| #define PACKAGE_URL "https://www.gnu.org/software/coreutils/"
| #define PACKAGE "coreutils"
| #define VERSION "9.3"
| #define HAVE_STDIO_H 1
| #define HAVE_STDLIB_H 1
| #define HAVE_STRING_H 1
| #define HAVE_INTTYPES_H 1
| #define HAVE_STDINT_H 1
| #define HAVE_STRINGS_H 1
| #define HAVE_SYS_STAT_H 1
| #define HAVE_SYS_TYPES_H 1
| #define HAVE_UNISTD_H 1
| #define HAVE_WCHAR_H 1
| #define HAVE_FEATURES_H 1
| #define HAVE_ERROR_H 1
| #define HAVE_FNMATCH_H 1
| #define HAVE_STDIO_EXT_H 1
| #define HAVE_SYS_VFS_H 1
| #define HAVE_GETOPT_H 1
| #define HAVE_SYS_CDEFS_H 1
| #define HAVE_TERMIOS_H 1
| #define HAVE_SYS_TIME_H 1
| #define HAVE_GRP_H 1
| #define HAVE_THREADS_H 1
| #define HAVE_ICONV_H 1
| #define HAVE_WCTYPE_H 1
| #define HAVE_LANGINFO_H 1
| #define HAVE_MATH_H 1
| #define HAVE_SYS_MMAN_H 1
| #define HAVE_SYS_STATVFS_H 1
| #define HAVE_SYS_SELECT_H 1
| #define HAVE_PTHREAD_H 1
| #define HAVE_UTMP_H 1
| #define HAVE_UTMPX_H 1
| #define HAVE_MALLOC_H 1
| #define HAVE_STDBOOL_H 1
| #define HAVE_SYS_IOCTL_H 1
| #define HAVE_SYS_RANDOM_H 1
| #define HAVE_SYS_RESOURCE_H 1
| #define HAVE_SYS_UIO_H 1
| #define HAVE_SYS_UTSNAME_H 1
| #define HAVE_SYS_WAIT_H 1
| #define HAVE_UTIME_H 1
| #define HAVE_SEMAPHORE_H 1
| #define HAVE_LINUX_FALLOC_H 1
| #define HAVE_PATHS_H 1
| #define HAVE_SYS_MTIO_H 1
| #define HAVE_SYSLOG_H 1
| #define HAVE_PWD_H 1
| #define STDC_HEADERS 1
| #define _ALL_SOURCE 1
| #define _DARWIN_C_SOURCE 1
| #define _GNU_SOURCE 1
| #define _HPUX_ALT_XOPEN_SOCKET_API 1
| #define _NETBSD_SOURCE 1
| #define _OPENBSD_SOURCE 1
| #define _POSIX_PTHREAD_SEMANTICS 1
| #define __STDC_WANT_IEC_60559_ATTRIBS_EXT__ 1
| #define __STDC_WANT_IEC_60559_BFP_EXT__ 1
| #define __STDC_WANT_IEC_60559_DFP_EXT__ 1
| #define __STDC_WANT_IEC_60559_EXT__ 1
| #define __STDC_WANT_IEC_60559_FUNCS_EXT__ 1
| #define __STDC_WANT_IEC_60559_TYPES_EXT__ 1
| #define __STDC_WANT_LIB_EXT2__ 1
| #define __STDC_WANT_MATH_SPEC_FUNCS__ 1
| #define _TANDEM_SOURCE 1
| #define __EXTENSIONS__ 1
| #define _FILE_OFFSET_BITS 64
| #define _TIME_BITS 64
| /* end confdefs.h.  */
| /* Define mkdirat to an innocuous variant, in case <limits.h> declares mkdirat.
|    For example, HP-UX 11i <limits.h> declares gettimeofday.  */
| #define mkdirat innocuous_mkdirat
| 
| /* System header to define __stub macros and hopefully few prototypes,
|    which can conflict with char mkdirat (void); below.  */
| 
| #include <limits.h>
| #undef mkdirat
| 
| /* Override any GCC internal prototype to avoid an error.
|    Use char because int might match the return type of a GCC
|    builtin and then its argument prototype would still apply.  */
| #ifdef __cplusplus
| extern "C"
| #endif
| char mkdirat (void);
| /* The GNU C library defines this for functions which it implements
|     to always fail with ENOSYS.  Some functions are actually named
|     something starting with __ and the normal name is an alias.  */
| #if defined __stub_mkdirat || defined __stub___mkdirat
| choke me
| #endif
| 
| int
| main (void)
| {
| return mkdirat ();
|   ;
|   return 0;
| }
configure:9804: result: no
configure:9804: checking for mknod
configure:9804: /home/clang+llvm-16.0.4-x86_64-linux-gnu-ubuntu-22.04/bin/clang-16 -pthread --target=wasm32-unknown-wasi --sysroot /home/lind-wasm/glibc/sysroot -Wl,--import-memory,--export-memory,--max-memory=67108864,--export=__stack_pointer -g -O0 -o conftest -g -O2   conftest.c  >&5
In file included from conftest.c:84:
In file included from /home/clang+llvm-16.0.4-x86_64-linux-gnu-ubuntu-22.04/lib/clang/16/include/limits.h:21:
In file included from /home/lind-wasm/glibc/sysroot/include/wasm32-wasi/limits.h:195:
In file included from /home/lind-wasm/glibc/sysroot/include/wasm32-wasi/bits/posix1_lim.h:161:
/home/lind-wasm/glibc/sysroot/include/wasm32-wasi/bits/local_lim.h:38:10: fatal error: 'linux/limits.h' file not found
#include <linux/limits.h>
         ^~~~~~~~~~~~~~~~
1 error generated.
configure:9804: $? = 1
configure: failed program was:
| /* confdefs.h */
| #define PACKAGE_NAME "GNU coreutils"
| #define PACKAGE_TARNAME "coreutils"
| #define PACKAGE_VERSION "9.3"
| #define PACKAGE_STRING "GNU coreutils 9.3"
| #define PACKAGE_BUGREPORT "bug-coreutils@gnu.org"
| #define PACKAGE_URL "https://www.gnu.org/software/coreutils/"
| #define PACKAGE "coreutils"
| #define VERSION "9.3"
| #define HAVE_STDIO_H 1
| #define HAVE_STDLIB_H 1
| #define HAVE_STRING_H 1
| #define HAVE_INTTYPES_H 1
| #define HAVE_STDINT_H 1
| #define HAVE_STRINGS_H 1
| #define HAVE_SYS_STAT_H 1
| #define HAVE_SYS_TYPES_H 1
| #define HAVE_UNISTD_H 1
| #define HAVE_WCHAR_H 1
| #define HAVE_FEATURES_H 1
| #define HAVE_ERROR_H 1
| #define HAVE_FNMATCH_H 1
| #define HAVE_STDIO_EXT_H 1
| #define HAVE_SYS_VFS_H 1
| #define HAVE_GETOPT_H 1
| #define HAVE_SYS_CDEFS_H 1
| #define HAVE_TERMIOS_H 1
| #define HAVE_SYS_TIME_H 1
| #define HAVE_GRP_H 1
| #define HAVE_THREADS_H 1
| #define HAVE_ICONV_H 1
| #define HAVE_WCTYPE_H 1
| #define HAVE_LANGINFO_H 1
| #define HAVE_MATH_H 1
| #define HAVE_SYS_MMAN_H 1
| #define HAVE_SYS_STATVFS_H 1
| #define HAVE_SYS_SELECT_H 1
| #define HAVE_PTHREAD_H 1
| #define HAVE_UTMP_H 1
| #define HAVE_UTMPX_H 1
| #define HAVE_MALLOC_H 1
| #define HAVE_STDBOOL_H 1
| #define HAVE_SYS_IOCTL_H 1
| #define HAVE_SYS_RANDOM_H 1
| #define HAVE_SYS_RESOURCE_H 1
| #define HAVE_SYS_UIO_H 1
| #define HAVE_SYS_UTSNAME_H 1
| #define HAVE_SYS_WAIT_H 1
| #define HAVE_UTIME_H 1
| #define HAVE_SEMAPHORE_H 1
| #define HAVE_LINUX_FALLOC_H 1
| #define HAVE_PATHS_H 1
| #define HAVE_SYS_MTIO_H 1
| #define HAVE_SYSLOG_H 1
| #define HAVE_PWD_H 1
| #define STDC_HEADERS 1
| #define _ALL_SOURCE 1
| #define _DARWIN_C_SOURCE 1
| #define _GNU_SOURCE 1
| #define _HPUX_ALT_XOPEN_SOCKET_API 1
| #define _NETBSD_SOURCE 1
| #define _OPENBSD_SOURCE 1
| #define _POSIX_PTHREAD_SEMANTICS 1
| #define __STDC_WANT_IEC_60559_ATTRIBS_EXT__ 1
| #define __STDC_WANT_IEC_60559_BFP_EXT__ 1
| #define __STDC_WANT_IEC_60559_DFP_EXT__ 1
| #define __STDC_WANT_IEC_60559_EXT__ 1
| #define __STDC_WANT_IEC_60559_FUNCS_EXT__ 1
| #define __STDC_WANT_IEC_60559_TYPES_EXT__ 1
| #define __STDC_WANT_LIB_EXT2__ 1
| #define __STDC_WANT_MATH_SPEC_FUNCS__ 1
| #define _TANDEM_SOURCE 1
| #define __EXTENSIONS__ 1
| #define _FILE_OFFSET_BITS 64
| #define _TIME_BITS 64
| /* end confdefs.h.  */
| /* Define mknod to an innocuous variant, in case <limits.h> declares mknod.
|    For example, HP-UX 11i <limits.h> declares gettimeofday.  */
| #define mknod innocuous_mknod
| 
| /* System header to define __stub macros and hopefully few prototypes,
|    which can conflict with char mknod (void); below.  */
| 
| #include <limits.h>
| #undef mknod
| 
| /* Override any GCC internal prototype to avoid an error.
|    Use char because int might match the return type of a GCC
|    builtin and then its argument prototype would still apply.  */
| #ifdef __cplusplus
| extern "C"
| #endif
| char mknod (void);
| /* The GNU C library defines this for functions which it implements
|     to always fail with ENOSYS.  Some functions are actually named
|     something starting with __ and the normal name is an alias.  */
| #if defined __stub_mknod || defined __stub___mknod
| choke me
| #endif
| 
| int
| main (void)
| {
| return mknod ();
|   ;
|   return 0;
| }
configure:9804: result: no
configure:9804: checking for mkstemp
configure:9804: /home/clang+llvm-16.0.4-x86_64-linux-gnu-ubuntu-22.04/bin/clang-16 -pthread --target=wasm32-unknown-wasi --sysroot /home/lind-wasm/glibc/sysroot -Wl,--import-memory,--export-memory,--max-memory=67108864,--export=__stack_pointer -g -O0 -o conftest -g -O2   conftest.c  >&5
In file included from conftest.c:84:
In file included from /home/clang+llvm-16.0.4-x86_64-linux-gnu-ubuntu-22.04/lib/clang/16/include/limits.h:21:
In file included from /home/lind-wasm/glibc/sysroot/include/wasm32-wasi/limits.h:195:
In file included from /home/lind-wasm/glibc/sysroot/include/wasm32-wasi/bits/posix1_lim.h:161:
/home/lind-wasm/glibc/sysroot/include/wasm32-wasi/bits/local_lim.h:38:10: fatal error: 'linux/limits.h' file not found
#include <linux/limits.h>
         ^~~~~~~~~~~~~~~~
1 error generated.
configure:9804: $? = 1
configure: failed program was:
| /* confdefs.h */
| #define PACKAGE_NAME "GNU coreutils"
| #define PACKAGE_TARNAME "coreutils"
| #define PACKAGE_VERSION "9.3"
| #define PACKAGE_STRING "GNU coreutils 9.3"
| #define PACKAGE_BUGREPORT "bug-coreutils@gnu.org"
| #define PACKAGE_URL "https://www.gnu.org/software/coreutils/"
| #define PACKAGE "coreutils"
| #define VERSION "9.3"
| #define HAVE_STDIO_H 1
| #define HAVE_STDLIB_H 1
| #define HAVE_STRING_H 1
| #define HAVE_INTTYPES_H 1
| #define HAVE_STDINT_H 1
| #define HAVE_STRINGS_H 1
| #define HAVE_SYS_STAT_H 1
| #define HAVE_SYS_TYPES_H 1
| #define HAVE_UNISTD_H 1
| #define HAVE_WCHAR_H 1
| #define HAVE_FEATURES_H 1
| #define HAVE_ERROR_H 1
| #define HAVE_FNMATCH_H 1
| #define HAVE_STDIO_EXT_H 1
| #define HAVE_SYS_VFS_H 1
| #define HAVE_GETOPT_H 1
| #define HAVE_SYS_CDEFS_H 1
| #define HAVE_TERMIOS_H 1
| #define HAVE_SYS_TIME_H 1
| #define HAVE_GRP_H 1
| #define HAVE_THREADS_H 1
| #define HAVE_ICONV_H 1
| #define HAVE_WCTYPE_H 1
| #define HAVE_LANGINFO_H 1
| #define HAVE_MATH_H 1
| #define HAVE_SYS_MMAN_H 1
| #define HAVE_SYS_STATVFS_H 1
| #define HAVE_SYS_SELECT_H 1
| #define HAVE_PTHREAD_H 1
| #define HAVE_UTMP_H 1
| #define HAVE_UTMPX_H 1
| #define HAVE_MALLOC_H 1
| #define HAVE_STDBOOL_H 1
| #define HAVE_SYS_IOCTL_H 1
| #define HAVE_SYS_RANDOM_H 1
| #define HAVE_SYS_RESOURCE_H 1
| #define HAVE_SYS_UIO_H 1
| #define HAVE_SYS_UTSNAME_H 1
| #define HAVE_SYS_WAIT_H 1
| #define HAVE_UTIME_H 1
| #define HAVE_SEMAPHORE_H 1
| #define HAVE_LINUX_FALLOC_H 1
| #define HAVE_PATHS_H 1
| #define HAVE_SYS_MTIO_H 1
| #define HAVE_SYSLOG_H 1
| #define HAVE_PWD_H 1
| #define STDC_HEADERS 1
| #define _ALL_SOURCE 1
| #define _DARWIN_C_SOURCE 1
| #define _GNU_SOURCE 1
| #define _HPUX_ALT_XOPEN_SOCKET_API 1
| #define _NETBSD_SOURCE 1
| #define _OPENBSD_SOURCE 1
| #define _POSIX_PTHREAD_SEMANTICS 1
| #define __STDC_WANT_IEC_60559_ATTRIBS_EXT__ 1
| #define __STDC_WANT_IEC_60559_BFP_EXT__ 1
| #define __STDC_WANT_IEC_60559_DFP_EXT__ 1
| #define __STDC_WANT_IEC_60559_EXT__ 1
| #define __STDC_WANT_IEC_60559_FUNCS_EXT__ 1
| #define __STDC_WANT_IEC_60559_TYPES_EXT__ 1
| #define __STDC_WANT_LIB_EXT2__ 1
| #define __STDC_WANT_MATH_SPEC_FUNCS__ 1
| #define _TANDEM_SOURCE 1
| #define __EXTENSIONS__ 1
| #define _FILE_OFFSET_BITS 64
| #define _TIME_BITS 64
| /* end confdefs.h.  */
| /* Define mkstemp to an innocuous variant, in case <limits.h> declares mkstemp.
|    For example, HP-UX 11i <limits.h> declares gettimeofday.  */
| #define mkstemp innocuous_mkstemp
| 
| /* System header to define __stub macros and hopefully few prototypes,
|    which can conflict with char mkstemp (void); below.  */
| 
| #include <limits.h>
| #undef mkstemp
| 
| /* Override any GCC internal prototype to avoid an error.
|    Use char because int might match the return type of a GCC
|    builtin and then its argument prototype would still apply.  */
| #ifdef __cplusplus
| extern "C"
| #endif
| char mkstemp (void);
| /* The GNU C library defines this for functions which it implements
|     to always fail with ENOSYS.  Some functions are actually named
|     something starting with __ and the normal name is an alias.  */
| #if defined __stub_mkstemp || defined __stub___mkstemp
| choke me
| #endif
| 
| int
| main (void)
| {
| return mkstemp ();
|   ;
|   return 0;
| }
configure:9804: result: no
configure:9804: checking for pipe
configure:9804: /home/clang+llvm-16.0.4-x86_64-linux-gnu-ubuntu-22.04/bin/clang-16 -pthread --target=wasm32-unknown-wasi --sysroot /home/lind-wasm/glibc/sysroot -Wl,--import-memory,--export-memory,--max-memory=67108864,--export=__stack_pointer -g -O0 -o conftest -g -O2   conftest.c  >&5
In file included from conftest.c:84:
In file included from /home/clang+llvm-16.0.4-x86_64-linux-gnu-ubuntu-22.04/lib/clang/16/include/limits.h:21:
In file included from /home/lind-wasm/glibc/sysroot/include/wasm32-wasi/limits.h:195:
In file included from /home/lind-wasm/glibc/sysroot/include/wasm32-wasi/bits/posix1_lim.h:161:
/home/lind-wasm/glibc/sysroot/include/wasm32-wasi/bits/local_lim.h:38:10: fatal error: 'linux/limits.h' file not found
#include <linux/limits.h>
         ^~~~~~~~~~~~~~~~
1 error generated.
configure:9804: $? = 1
configure: failed program was:
| /* confdefs.h */
| #define PACKAGE_NAME "GNU coreutils"
| #define PACKAGE_TARNAME "coreutils"
| #define PACKAGE_VERSION "9.3"
| #define PACKAGE_STRING "GNU coreutils 9.3"
| #define PACKAGE_BUGREPORT "bug-coreutils@gnu.org"
| #define PACKAGE_URL "https://www.gnu.org/software/coreutils/"
| #define PACKAGE "coreutils"
| #define VERSION "9.3"
| #define HAVE_STDIO_H 1
| #define HAVE_STDLIB_H 1
| #define HAVE_STRING_H 1
| #define HAVE_INTTYPES_H 1
| #define HAVE_STDINT_H 1
| #define HAVE_STRINGS_H 1
| #define HAVE_SYS_STAT_H 1
| #define HAVE_SYS_TYPES_H 1
| #define HAVE_UNISTD_H 1
| #define HAVE_WCHAR_H 1
| #define HAVE_FEATURES_H 1
| #define HAVE_ERROR_H 1
| #define HAVE_FNMATCH_H 1
| #define HAVE_STDIO_EXT_H 1
| #define HAVE_SYS_VFS_H 1
| #define HAVE_GETOPT_H 1
| #define HAVE_SYS_CDEFS_H 1
| #define HAVE_TERMIOS_H 1
| #define HAVE_SYS_TIME_H 1
| #define HAVE_GRP_H 1
| #define HAVE_THREADS_H 1
| #define HAVE_ICONV_H 1
| #define HAVE_WCTYPE_H 1
| #define HAVE_LANGINFO_H 1
| #define HAVE_MATH_H 1
| #define HAVE_SYS_MMAN_H 1
| #define HAVE_SYS_STATVFS_H 1
| #define HAVE_SYS_SELECT_H 1
| #define HAVE_PTHREAD_H 1
| #define HAVE_UTMP_H 1
| #define HAVE_UTMPX_H 1
| #define HAVE_MALLOC_H 1
| #define HAVE_STDBOOL_H 1
| #define HAVE_SYS_IOCTL_H 1
| #define HAVE_SYS_RANDOM_H 1
| #define HAVE_SYS_RESOURCE_H 1
| #define HAVE_SYS_UIO_H 1
| #define HAVE_SYS_UTSNAME_H 1
| #define HAVE_SYS_WAIT_H 1
| #define HAVE_UTIME_H 1
| #define HAVE_SEMAPHORE_H 1
| #define HAVE_LINUX_FALLOC_H 1
| #define HAVE_PATHS_H 1
| #define HAVE_SYS_MTIO_H 1
| #define HAVE_SYSLOG_H 1
| #define HAVE_PWD_H 1
| #define STDC_HEADERS 1
| #define _ALL_SOURCE 1
| #define _DARWIN_C_SOURCE 1
| #define _GNU_SOURCE 1
| #define _HPUX_ALT_XOPEN_SOCKET_API 1
| #define _NETBSD_SOURCE 1
| #define _OPENBSD_SOURCE 1
| #define _POSIX_PTHREAD_SEMANTICS 1
| #define __STDC_WANT_IEC_60559_ATTRIBS_EXT__ 1
| #define __STDC_WANT_IEC_60559_BFP_EXT__ 1
| #define __STDC_WANT_IEC_60559_DFP_EXT__ 1
| #define __STDC_WANT_IEC_60559_EXT__ 1
| #define __STDC_WANT_IEC_60559_FUNCS_EXT__ 1
| #define __STDC_WANT_IEC_60559_TYPES_EXT__ 1
| #define __STDC_WANT_LIB_EXT2__ 1
| #define __STDC_WANT_MATH_SPEC_FUNCS__ 1
| #define _TANDEM_SOURCE 1
| #define __EXTENSIONS__ 1
| #define _FILE_OFFSET_BITS 64
| #define _TIME_BITS 64
| /* end confdefs.h.  */
| /* Define pipe to an innocuous variant, in case <limits.h> declares pipe.
|    For example, HP-UX 11i <limits.h> declares gettimeofday.  */
| #define pipe innocuous_pipe
| 
| /* System header to define __stub macros and hopefully few prototypes,
|    which can conflict with char pipe (void); below.  */
| 
| #include <limits.h>
| #undef pipe
| 
| /* Override any GCC internal prototype to avoid an error.
|    Use char because int might match the return type of a GCC
|    builtin and then its argument prototype would still apply.  */
| #ifdef __cplusplus
| extern "C"
| #endif
| char pipe (void);
| /* The GNU C library defines this for functions which it implements
|     to always fail with ENOSYS.  Some functions are actually named
|     something starting with __ and the normal name is an alias.  */
| #if defined __stub_pipe || defined __stub___pipe
| choke me
| #endif
| 
| int
| main (void)
| {
| return pipe ();
|   ;
|   return 0;
| }
configure:9804: result: no
configure:9804: checking for pselect
configure:9804: /home/clang+llvm-16.0.4-x86_64-linux-gnu-ubuntu-22.04/bin/clang-16 -pthread --target=wasm32-unknown-wasi --sysroot /home/lind-wasm/glibc/sysroot -Wl,--import-memory,--export-memory,--max-memory=67108864,--export=__stack_pointer -g -O0 -o conftest -g -O2   conftest.c  >&5
In file included from conftest.c:84:
In file included from /home/clang+llvm-16.0.4-x86_64-linux-gnu-ubuntu-22.04/lib/clang/16/include/limits.h:21:
In file included from /home/lind-wasm/glibc/sysroot/include/wasm32-wasi/limits.h:195:
In file included from /home/lind-wasm/glibc/sysroot/include/wasm32-wasi/bits/posix1_lim.h:161:
/home/lind-wasm/glibc/sysroot/include/wasm32-wasi/bits/local_lim.h:38:10: fatal error: 'linux/limits.h' file not found
#include <linux/limits.h>
         ^~~~~~~~~~~~~~~~
1 error generated.
configure:9804: $? = 1
configure: failed program was:
| /* confdefs.h */
| #define PACKAGE_NAME "GNU coreutils"
| #define PACKAGE_TARNAME "coreutils"
| #define PACKAGE_VERSION "9.3"
| #define PACKAGE_STRING "GNU coreutils 9.3"
| #define PACKAGE_BUGREPORT "bug-coreutils@gnu.org"
| #define PACKAGE_URL "https://www.gnu.org/software/coreutils/"
| #define PACKAGE "coreutils"
| #define VERSION "9.3"
| #define HAVE_STDIO_H 1
| #define HAVE_STDLIB_H 1
| #define HAVE_STRING_H 1
| #define HAVE_INTTYPES_H 1
| #define HAVE_STDINT_H 1
| #define HAVE_STRINGS_H 1
| #define HAVE_SYS_STAT_H 1
| #define HAVE_SYS_TYPES_H 1
| #define HAVE_UNISTD_H 1
| #define HAVE_WCHAR_H 1
| #define HAVE_FEATURES_H 1
| #define HAVE_ERROR_H 1
| #define HAVE_FNMATCH_H 1
| #define HAVE_STDIO_EXT_H 1
| #define HAVE_SYS_VFS_H 1
| #define HAVE_GETOPT_H 1
| #define HAVE_SYS_CDEFS_H 1
| #define HAVE_TERMIOS_H 1
| #define HAVE_SYS_TIME_H 1
| #define HAVE_GRP_H 1
| #define HAVE_THREADS_H 1
| #define HAVE_ICONV_H 1
| #define HAVE_WCTYPE_H 1
| #define HAVE_LANGINFO_H 1
| #define HAVE_MATH_H 1
| #define HAVE_SYS_MMAN_H 1
| #define HAVE_SYS_STATVFS_H 1
| #define HAVE_SYS_SELECT_H 1
| #define HAVE_PTHREAD_H 1
| #define HAVE_UTMP_H 1
| #define HAVE_UTMPX_H 1
| #define HAVE_MALLOC_H 1
| #define HAVE_STDBOOL_H 1
| #define HAVE_SYS_IOCTL_H 1
| #define HAVE_SYS_RANDOM_H 1
| #define HAVE_SYS_RESOURCE_H 1
| #define HAVE_SYS_UIO_H 1
| #define HAVE_SYS_UTSNAME_H 1
| #define HAVE_SYS_WAIT_H 1
| #define HAVE_UTIME_H 1
| #define HAVE_SEMAPHORE_H 1
| #define HAVE_LINUX_FALLOC_H 1
| #define HAVE_PATHS_H 1
| #define HAVE_SYS_MTIO_H 1
| #define HAVE_SYSLOG_H 1
| #define HAVE_PWD_H 1
| #define STDC_HEADERS 1
| #define _ALL_SOURCE 1
| #define _DARWIN_C_SOURCE 1
| #define _GNU_SOURCE 1
| #define _HPUX_ALT_XOPEN_SOCKET_API 1
| #define _NETBSD_SOURCE 1
| #define _OPENBSD_SOURCE 1
| #define _POSIX_PTHREAD_SEMANTICS 1
| #define __STDC_WANT_IEC_60559_ATTRIBS_EXT__ 1
| #define __STDC_WANT_IEC_60559_BFP_EXT__ 1
| #define __STDC_WANT_IEC_60559_DFP_EXT__ 1
| #define __STDC_WANT_IEC_60559_EXT__ 1
| #define __STDC_WANT_IEC_60559_FUNCS_EXT__ 1
| #define __STDC_WANT_IEC_60559_TYPES_EXT__ 1
| #define __STDC_WANT_LIB_EXT2__ 1
| #define __STDC_WANT_MATH_SPEC_FUNCS__ 1
| #define _TANDEM_SOURCE 1
| #define __EXTENSIONS__ 1
| #define _FILE_OFFSET_BITS 64
| #define _TIME_BITS 64
| /* end confdefs.h.  */
| /* Define pselect to an innocuous variant, in case <limits.h> declares pselect.
|    For example, HP-UX 11i <limits.h> declares gettimeofday.  */
| #define pselect innocuous_pselect
| 
| /* System header to define __stub macros and hopefully few prototypes,
|    which can conflict with char pselect (void); below.  */
| 
| #include <limits.h>
| #undef pselect
| 
| /* Override any GCC internal prototype to avoid an error.
|    Use char because int might match the return type of a GCC
|    builtin and then its argument prototype would still apply.  */
| #ifdef __cplusplus
| extern "C"
| #endif
| char pselect (void);
| /* The GNU C library defines this for functions which it implements
|     to always fail with ENOSYS.  Some functions are actually named
|     something starting with __ and the normal name is an alias.  */
| #if defined __stub_pselect || defined __stub___pselect
| choke me
| #endif
| 
| int
| main (void)
| {
| return pselect ();
|   ;
|   return 0;
| }
configure:9804: result: no
configure:9804: checking for pthread_sigmask
configure:9804: /home/clang+llvm-16.0.4-x86_64-linux-gnu-ubuntu-22.04/bin/clang-16 -pthread --target=wasm32-unknown-wasi --sysroot /home/lind-wasm/glibc/sysroot -Wl,--import-memory,--export-memory,--max-memory=67108864,--export=__stack_pointer -g -O0 -o conftest -g -O2   conftest.c  >&5
In file included from conftest.c:84:
In file included from /home/clang+llvm-16.0.4-x86_64-linux-gnu-ubuntu-22.04/lib/clang/16/include/limits.h:21:
In file included from /home/lind-wasm/glibc/sysroot/include/wasm32-wasi/limits.h:195:
In file included from /home/lind-wasm/glibc/sysroot/include/wasm32-wasi/bits/posix1_lim.h:161:
/home/lind-wasm/glibc/sysroot/include/wasm32-wasi/bits/local_lim.h:38:10: fatal error: 'linux/limits.h' file not found
#include <linux/limits.h>
         ^~~~~~~~~~~~~~~~
1 error generated.
configure:9804: $? = 1
configure: failed program was:
| /* confdefs.h */
| #define PACKAGE_NAME "GNU coreutils"
| #define PACKAGE_TARNAME "coreutils"
| #define PACKAGE_VERSION "9.3"
| #define PACKAGE_STRING "GNU coreutils 9.3"
| #define PACKAGE_BUGREPORT "bug-coreutils@gnu.org"
| #define PACKAGE_URL "https://www.gnu.org/software/coreutils/"
| #define PACKAGE "coreutils"
| #define VERSION "9.3"
| #define HAVE_STDIO_H 1
| #define HAVE_STDLIB_H 1
| #define HAVE_STRING_H 1
| #define HAVE_INTTYPES_H 1
| #define HAVE_STDINT_H 1
| #define HAVE_STRINGS_H 1
| #define HAVE_SYS_STAT_H 1
| #define HAVE_SYS_TYPES_H 1
| #define HAVE_UNISTD_H 1
| #define HAVE_WCHAR_H 1
| #define HAVE_FEATURES_H 1
| #define HAVE_ERROR_H 1
| #define HAVE_FNMATCH_H 1
| #define HAVE_STDIO_EXT_H 1
| #define HAVE_SYS_VFS_H 1
| #define HAVE_GETOPT_H 1
| #define HAVE_SYS_CDEFS_H 1
| #define HAVE_TERMIOS_H 1
| #define HAVE_SYS_TIME_H 1
| #define HAVE_GRP_H 1
| #define HAVE_THREADS_H 1
| #define HAVE_ICONV_H 1
| #define HAVE_WCTYPE_H 1
| #define HAVE_LANGINFO_H 1
| #define HAVE_MATH_H 1
| #define HAVE_SYS_MMAN_H 1
| #define HAVE_SYS_STATVFS_H 1
| #define HAVE_SYS_SELECT_H 1
| #define HAVE_PTHREAD_H 1
| #define HAVE_UTMP_H 1
| #define HAVE_UTMPX_H 1
| #define HAVE_MALLOC_H 1
| #define HAVE_STDBOOL_H 1
| #define HAVE_SYS_IOCTL_H 1
| #define HAVE_SYS_RANDOM_H 1
| #define HAVE_SYS_RESOURCE_H 1
| #define HAVE_SYS_UIO_H 1
| #define HAVE_SYS_UTSNAME_H 1
| #define HAVE_SYS_WAIT_H 1
| #define HAVE_UTIME_H 1
| #define HAVE_SEMAPHORE_H 1
| #define HAVE_LINUX_FALLOC_H 1
| #define HAVE_PATHS_H 1
| #define HAVE_SYS_MTIO_H 1
| #define HAVE_SYSLOG_H 1
| #define HAVE_PWD_H 1
| #define STDC_HEADERS 1
| #define _ALL_SOURCE 1
| #define _DARWIN_C_SOURCE 1
| #define _GNU_SOURCE 1
| #define _HPUX_ALT_XOPEN_SOCKET_API 1
| #define _NETBSD_SOURCE 1
| #define _OPENBSD_SOURCE 1
| #define _POSIX_PTHREAD_SEMANTICS 1
| #define __STDC_WANT_IEC_60559_ATTRIBS_EXT__ 1
| #define __STDC_WANT_IEC_60559_BFP_EXT__ 1
| #define __STDC_WANT_IEC_60559_DFP_EXT__ 1
| #define __STDC_WANT_IEC_60559_EXT__ 1
| #define __STDC_WANT_IEC_60559_FUNCS_EXT__ 1
| #define __STDC_WANT_IEC_60559_TYPES_EXT__ 1
| #define __STDC_WANT_LIB_EXT2__ 1
| #define __STDC_WANT_MATH_SPEC_FUNCS__ 1
| #define _TANDEM_SOURCE 1
| #define __EXTENSIONS__ 1
| #define _FILE_OFFSET_BITS 64
| #define _TIME_BITS 64
| /* end confdefs.h.  */
| /* Define pthread_sigmask to an innocuous variant, in case <limits.h> declares pthread_sigmask.
|    For example, HP-UX 11i <limits.h> declares gettimeofday.  */
| #define pthread_sigmask innocuous_pthread_sigmask
| 
| /* System header to define __stub macros and hopefully few prototypes,
|    which can conflict with char pthread_sigmask (void); below.  */
| 
| #include <limits.h>
| #undef pthread_sigmask
| 
| /* Override any GCC internal prototype to avoid an error.
|    Use char because int might match the return type of a GCC
|    builtin and then its argument prototype would still apply.  */
| #ifdef __cplusplus
| extern "C"
| #endif
| char pthread_sigmask (void);
| /* The GNU C library defines this for functions which it implements
|     to always fail with ENOSYS.  Some functions are actually named
|     something starting with __ and the normal name is an alias.  */
| #if defined __stub_pthread_sigmask || defined __stub___pthread_sigmask
| choke me
| #endif
| 
| int
| main (void)
| {
| return pthread_sigmask ();
|   ;
|   return 0;
| }
configure:9804: result: no
configure:9804: checking for utmpname
configure:9804: /home/clang+llvm-16.0.4-x86_64-linux-gnu-ubuntu-22.04/bin/clang-16 -pthread --target=wasm32-unknown-wasi --sysroot /home/lind-wasm/glibc/sysroot -Wl,--import-memory,--export-memory,--max-memory=67108864,--export=__stack_pointer -g -O0 -o conftest -g -O2   conftest.c  >&5
In file included from conftest.c:84:
In file included from /home/clang+llvm-16.0.4-x86_64-linux-gnu-ubuntu-22.04/lib/clang/16/include/limits.h:21:
In file included from /home/lind-wasm/glibc/sysroot/include/wasm32-wasi/limits.h:195:
In file included from /home/lind-wasm/glibc/sysroot/include/wasm32-wasi/bits/posix1_lim.h:161:
/home/lind-wasm/glibc/sysroot/include/wasm32-wasi/bits/local_lim.h:38:10: fatal error: 'linux/limits.h' file not found
#include <linux/limits.h>
         ^~~~~~~~~~~~~~~~
1 error generated.
configure:9804: $? = 1
configure: failed program was:
| /* confdefs.h */
| #define PACKAGE_NAME "GNU coreutils"
| #define PACKAGE_TARNAME "coreutils"
| #define PACKAGE_VERSION "9.3"
| #define PACKAGE_STRING "GNU coreutils 9.3"
| #define PACKAGE_BUGREPORT "bug-coreutils@gnu.org"
| #define PACKAGE_URL "https://www.gnu.org/software/coreutils/"
| #define PACKAGE "coreutils"
| #define VERSION "9.3"
| #define HAVE_STDIO_H 1
| #define HAVE_STDLIB_H 1
| #define HAVE_STRING_H 1
| #define HAVE_INTTYPES_H 1
| #define HAVE_STDINT_H 1
| #define HAVE_STRINGS_H 1
| #define HAVE_SYS_STAT_H 1
| #define HAVE_SYS_TYPES_H 1
| #define HAVE_UNISTD_H 1
| #define HAVE_WCHAR_H 1
| #define HAVE_FEATURES_H 1
| #define HAVE_ERROR_H 1
| #define HAVE_FNMATCH_H 1
| #define HAVE_STDIO_EXT_H 1
| #define HAVE_SYS_VFS_H 1
| #define HAVE_GETOPT_H 1
| #define HAVE_SYS_CDEFS_H 1
| #define HAVE_TERMIOS_H 1
| #define HAVE_SYS_TIME_H 1
| #define HAVE_GRP_H 1
| #define HAVE_THREADS_H 1
| #define HAVE_ICONV_H 1
| #define HAVE_WCTYPE_H 1
| #define HAVE_LANGINFO_H 1
| #define HAVE_MATH_H 1
| #define HAVE_SYS_MMAN_H 1
| #define HAVE_SYS_STATVFS_H 1
| #define HAVE_SYS_SELECT_H 1
| #define HAVE_PTHREAD_H 1
| #define HAVE_UTMP_H 1
| #define HAVE_UTMPX_H 1
| #define HAVE_MALLOC_H 1
| #define HAVE_STDBOOL_H 1
| #define HAVE_SYS_IOCTL_H 1
| #define HAVE_SYS_RANDOM_H 1
| #define HAVE_SYS_RESOURCE_H 1
| #define HAVE_SYS_UIO_H 1
| #define HAVE_SYS_UTSNAME_H 1
| #define HAVE_SYS_WAIT_H 1
| #define HAVE_UTIME_H 1
| #define HAVE_SEMAPHORE_H 1
| #define HAVE_LINUX_FALLOC_H 1
| #define HAVE_PATHS_H 1
| #define HAVE_SYS_MTIO_H 1
| #define HAVE_SYSLOG_H 1
| #define HAVE_PWD_H 1
| #define STDC_HEADERS 1
| #define _ALL_SOURCE 1
| #define _DARWIN_C_SOURCE 1
| #define _GNU_SOURCE 1
| #define _HPUX_ALT_XOPEN_SOCKET_API 1
| #define _NETBSD_SOURCE 1
| #define _OPENBSD_SOURCE 1
| #define _POSIX_PTHREAD_SEMANTICS 1
| #define __STDC_WANT_IEC_60559_ATTRIBS_EXT__ 1
| #define __STDC_WANT_IEC_60559_BFP_EXT__ 1
| #define __STDC_WANT_IEC_60559_DFP_EXT__ 1
| #define __STDC_WANT_IEC_60559_EXT__ 1
| #define __STDC_WANT_IEC_60559_FUNCS_EXT__ 1
| #define __STDC_WANT_IEC_60559_TYPES_EXT__ 1
| #define __STDC_WANT_LIB_EXT2__ 1
| #define __STDC_WANT_MATH_SPEC_FUNCS__ 1
| #define _TANDEM_SOURCE 1
| #define __EXTENSIONS__ 1
| #define _FILE_OFFSET_BITS 64
| #define _TIME_BITS 64
| /* end confdefs.h.  */
| /* Define utmpname to an innocuous variant, in case <limits.h> declares utmpname.
|    For example, HP-UX 11i <limits.h> declares gettimeofday.  */
| #define utmpname innocuous_utmpname
| 
| /* System header to define __stub macros and hopefully few prototypes,
|    which can conflict with char utmpname (void); below.  */
| 
| #include <limits.h>
| #undef utmpname
| 
| /* Override any GCC internal prototype to avoid an error.
|    Use char because int might match the return type of a GCC
|    builtin and then its argument prototype would still apply.  */
| #ifdef __cplusplus
| extern "C"
| #endif
| char utmpname (void);
| /* The GNU C library defines this for functions which it implements
|     to always fail with ENOSYS.  Some functions are actually named
|     something starting with __ and the normal name is an alias.  */
| #if defined __stub_utmpname || defined __stub___utmpname
| choke me
| #endif
| 
| int
| main (void)
| {
| return utmpname ();
|   ;
|   return 0;
| }
configure:9804: result: no
configure:9804: checking for utmpxname
configure:9804: /home/clang+llvm-16.0.4-x86_64-linux-gnu-ubuntu-22.04/bin/clang-16 -pthread --target=wasm32-unknown-wasi --sysroot /home/lind-wasm/glibc/sysroot -Wl,--import-memory,--export-memory,--max-memory=67108864,--export=__stack_pointer -g -O0 -o conftest -g -O2   conftest.c  >&5
In file included from conftest.c:84:
In file included from /home/clang+llvm-16.0.4-x86_64-linux-gnu-ubuntu-22.04/lib/clang/16/include/limits.h:21:
In file included from /home/lind-wasm/glibc/sysroot/include/wasm32-wasi/limits.h:195:
In file included from /home/lind-wasm/glibc/sysroot/include/wasm32-wasi/bits/posix1_lim.h:161:
/home/lind-wasm/glibc/sysroot/include/wasm32-wasi/bits/local_lim.h:38:10: fatal error: 'linux/limits.h' file not found
#include <linux/limits.h>
         ^~~~~~~~~~~~~~~~
1 error generated.
configure:9804: $? = 1
configure: failed program was:
| /* confdefs.h */
| #define PACKAGE_NAME "GNU coreutils"
| #define PACKAGE_TARNAME "coreutils"
| #define PACKAGE_VERSION "9.3"
| #define PACKAGE_STRING "GNU coreutils 9.3"
| #define PACKAGE_BUGREPORT "bug-coreutils@gnu.org"
| #define PACKAGE_URL "https://www.gnu.org/software/coreutils/"
| #define PACKAGE "coreutils"
| #define VERSION "9.3"
| #define HAVE_STDIO_H 1
| #define HAVE_STDLIB_H 1
| #define HAVE_STRING_H 1
| #define HAVE_INTTYPES_H 1
| #define HAVE_STDINT_H 1
| #define HAVE_STRINGS_H 1
| #define HAVE_SYS_STAT_H 1
| #define HAVE_SYS_TYPES_H 1
| #define HAVE_UNISTD_H 1
| #define HAVE_WCHAR_H 1
| #define HAVE_FEATURES_H 1
| #define HAVE_ERROR_H 1
| #define HAVE_FNMATCH_H 1
| #define HAVE_STDIO_EXT_H 1
| #define HAVE_SYS_VFS_H 1
| #define HAVE_GETOPT_H 1
| #define HAVE_SYS_CDEFS_H 1
| #define HAVE_TERMIOS_H 1
| #define HAVE_SYS_TIME_H 1
| #define HAVE_GRP_H 1
| #define HAVE_THREADS_H 1
| #define HAVE_ICONV_H 1
| #define HAVE_WCTYPE_H 1
| #define HAVE_LANGINFO_H 1
| #define HAVE_MATH_H 1
| #define HAVE_SYS_MMAN_H 1
| #define HAVE_SYS_STATVFS_H 1
| #define HAVE_SYS_SELECT_H 1
| #define HAVE_PTHREAD_H 1
| #define HAVE_UTMP_H 1
| #define HAVE_UTMPX_H 1
| #define HAVE_MALLOC_H 1
| #define HAVE_STDBOOL_H 1
| #define HAVE_SYS_IOCTL_H 1
| #define HAVE_SYS_RANDOM_H 1
| #define HAVE_SYS_RESOURCE_H 1
| #define HAVE_SYS_UIO_H 1
| #define HAVE_SYS_UTSNAME_H 1
| #define HAVE_SYS_WAIT_H 1
| #define HAVE_UTIME_H 1
| #define HAVE_SEMAPHORE_H 1
| #define HAVE_LINUX_FALLOC_H 1
| #define HAVE_PATHS_H 1
| #define HAVE_SYS_MTIO_H 1
| #define HAVE_SYSLOG_H 1
| #define HAVE_PWD_H 1
| #define STDC_HEADERS 1
| #define _ALL_SOURCE 1
| #define _DARWIN_C_SOURCE 1
| #define _GNU_SOURCE 1
| #define _HPUX_ALT_XOPEN_SOCKET_API 1
| #define _NETBSD_SOURCE 1
| #define _OPENBSD_SOURCE 1
| #define _POSIX_PTHREAD_SEMANTICS 1
| #define __STDC_WANT_IEC_60559_ATTRIBS_EXT__ 1
| #define __STDC_WANT_IEC_60559_BFP_EXT__ 1
| #define __STDC_WANT_IEC_60559_DFP_EXT__ 1
| #define __STDC_WANT_IEC_60559_EXT__ 1
| #define __STDC_WANT_IEC_60559_FUNCS_EXT__ 1
| #define __STDC_WANT_IEC_60559_TYPES_EXT__ 1
| #define __STDC_WANT_LIB_EXT2__ 1
| #define __STDC_WANT_MATH_SPEC_FUNCS__ 1
| #define _TANDEM_SOURCE 1
| #define __EXTENSIONS__ 1
| #define _FILE_OFFSET_BITS 64
| #define _TIME_BITS 64
| /* end confdefs.h.  */
| /* Define utmpxname to an innocuous variant, in case <limits.h> declares utmpxname.
|    For example, HP-UX 11i <limits.h> declares gettimeofday.  */
| #define utmpxname innocuous_utmpxname
| 
| /* System header to define __stub macros and hopefully few prototypes,
|    which can conflict with char utmpxname (void); below.  */
| 
| #include <limits.h>
| #undef utmpxname
| 
| /* Override any GCC internal prototype to avoid an error.
|    Use char because int might match the return type of a GCC
|    builtin and then its argument prototype would still apply.  */
| #ifdef __cplusplus
| extern "C"
| #endif
| char utmpxname (void);
| /* The GNU C library defines this for functions which it implements
|     to always fail with ENOSYS.  Some functions are actually named
|     something starting with __ and the normal name is an alias.  */
| #if defined __stub_utmpxname || defined __stub___utmpxname
| choke me
| #endif
| 
| int
| main (void)
| {
| return utmpxname ();
|   ;
|   return 0;
| }
configure:9804: result: no
configure:9804: checking for iswctype
configure:9804: /home/clang+llvm-16.0.4-x86_64-linux-gnu-ubuntu-22.04/bin/clang-16 -pthread --target=wasm32-unknown-wasi --sysroot /home/lind-wasm/glibc/sysroot -Wl,--import-memory,--export-memory,--max-memory=67108864,--export=__stack_pointer -g -O0 -o conftest -g -O2   conftest.c  >&5
In file included from conftest.c:84:
In file included from /home/clang+llvm-16.0.4-x86_64-linux-gnu-ubuntu-22.04/lib/clang/16/include/limits.h:21:
In file included from /home/lind-wasm/glibc/sysroot/include/wasm32-wasi/limits.h:195:
In file included from /home/lind-wasm/glibc/sysroot/include/wasm32-wasi/bits/posix1_lim.h:161:
/home/lind-wasm/glibc/sysroot/include/wasm32-wasi/bits/local_lim.h:38:10: fatal error: 'linux/limits.h' file not found
#include <linux/limits.h>
         ^~~~~~~~~~~~~~~~
1 error generated.
configure:9804: $? = 1
configure: failed program was:
| /* confdefs.h */
| #define PACKAGE_NAME "GNU coreutils"
| #define PACKAGE_TARNAME "coreutils"
| #define PACKAGE_VERSION "9.3"
| #define PACKAGE_STRING "GNU coreutils 9.3"
| #define PACKAGE_BUGREPORT "bug-coreutils@gnu.org"
| #define PACKAGE_URL "https://www.gnu.org/software/coreutils/"
| #define PACKAGE "coreutils"
| #define VERSION "9.3"
| #define HAVE_STDIO_H 1
| #define HAVE_STDLIB_H 1
| #define HAVE_STRING_H 1
| #define HAVE_INTTYPES_H 1
| #define HAVE_STDINT_H 1
| #define HAVE_STRINGS_H 1
| #define HAVE_SYS_STAT_H 1
| #define HAVE_SYS_TYPES_H 1
| #define HAVE_UNISTD_H 1
| #define HAVE_WCHAR_H 1
| #define HAVE_FEATURES_H 1
| #define HAVE_ERROR_H 1
| #define HAVE_FNMATCH_H 1
| #define HAVE_STDIO_EXT_H 1
| #define HAVE_SYS_VFS_H 1
| #define HAVE_GETOPT_H 1
| #define HAVE_SYS_CDEFS_H 1
| #define HAVE_TERMIOS_H 1
| #define HAVE_SYS_TIME_H 1
| #define HAVE_GRP_H 1
| #define HAVE_THREADS_H 1
| #define HAVE_ICONV_H 1
| #define HAVE_WCTYPE_H 1
| #define HAVE_LANGINFO_H 1
| #define HAVE_MATH_H 1
| #define HAVE_SYS_MMAN_H 1
| #define HAVE_SYS_STATVFS_H 1
| #define HAVE_SYS_SELECT_H 1
| #define HAVE_PTHREAD_H 1
| #define HAVE_UTMP_H 1
| #define HAVE_UTMPX_H 1
| #define HAVE_MALLOC_H 1
| #define HAVE_STDBOOL_H 1
| #define HAVE_SYS_IOCTL_H 1
| #define HAVE_SYS_RANDOM_H 1
| #define HAVE_SYS_RESOURCE_H 1
| #define HAVE_SYS_UIO_H 1
| #define HAVE_SYS_UTSNAME_H 1
| #define HAVE_SYS_WAIT_H 1
| #define HAVE_UTIME_H 1
| #define HAVE_SEMAPHORE_H 1
| #define HAVE_LINUX_FALLOC_H 1
| #define HAVE_PATHS_H 1
| #define HAVE_SYS_MTIO_H 1
| #define HAVE_SYSLOG_H 1
| #define HAVE_PWD_H 1
| #define STDC_HEADERS 1
| #define _ALL_SOURCE 1
| #define _DARWIN_C_SOURCE 1
| #define _GNU_SOURCE 1
| #define _HPUX_ALT_XOPEN_SOCKET_API 1
| #define _NETBSD_SOURCE 1
| #define _OPENBSD_SOURCE 1
| #define _POSIX_PTHREAD_SEMANTICS 1
| #define __STDC_WANT_IEC_60559_ATTRIBS_EXT__ 1
| #define __STDC_WANT_IEC_60559_BFP_EXT__ 1
| #define __STDC_WANT_IEC_60559_DFP_EXT__ 1
| #define __STDC_WANT_IEC_60559_EXT__ 1
| #define __STDC_WANT_IEC_60559_FUNCS_EXT__ 1
| #define __STDC_WANT_IEC_60559_TYPES_EXT__ 1
| #define __STDC_WANT_LIB_EXT2__ 1
| #define __STDC_WANT_MATH_SPEC_FUNCS__ 1
| #define _TANDEM_SOURCE 1
| #define __EXTENSIONS__ 1
| #define _FILE_OFFSET_BITS 64
| #define _TIME_BITS 64
| /* end confdefs.h.  */
| /* Define iswctype to an innocuous variant, in case <limits.h> declares iswctype.
|    For example, HP-UX 11i <limits.h> declares gettimeofday.  */
| #define iswctype innocuous_iswctype
| 
| /* System header to define __stub macros and hopefully few prototypes,
|    which can conflict with char iswctype (void); below.  */
| 
| #include <limits.h>
| #undef iswctype
| 
| /* Override any GCC internal prototype to avoid an error.
|    Use char because int might match the return type of a GCC
|    builtin and then its argument prototype would still apply.  */
| #ifdef __cplusplus
| extern "C"
| #endif
| char iswctype (void);
| /* The GNU C library defines this for functions which it implements
|     to always fail with ENOSYS.  Some functions are actually named
|     something starting with __ and the normal name is an alias.  */
| #if defined __stub_iswctype || defined __stub___iswctype
| choke me
| #endif
| 
| int
| main (void)
| {
| return iswctype ();
|   ;
|   return 0;
| }
configure:9804: result: no
configure:9804: checking for renameat
configure:9804: /home/clang+llvm-16.0.4-x86_64-linux-gnu-ubuntu-22.04/bin/clang-16 -pthread --target=wasm32-unknown-wasi --sysroot /home/lind-wasm/glibc/sysroot -Wl,--import-memory,--export-memory,--max-memory=67108864,--export=__stack_pointer -g -O0 -o conftest -g -O2   conftest.c  >&5
In file included from conftest.c:84:
In file included from /home/clang+llvm-16.0.4-x86_64-linux-gnu-ubuntu-22.04/lib/clang/16/include/limits.h:21:
In file included from /home/lind-wasm/glibc/sysroot/include/wasm32-wasi/limits.h:195:
In file included from /home/lind-wasm/glibc/sysroot/include/wasm32-wasi/bits/posix1_lim.h:161:
/home/lind-wasm/glibc/sysroot/include/wasm32-wasi/bits/local_lim.h:38:10: fatal error: 'linux/limits.h' file not found
#include <linux/limits.h>
         ^~~~~~~~~~~~~~~~
1 error generated.
configure:9804: $? = 1
configure: failed program was:
| /* confdefs.h */
| #define PACKAGE_NAME "GNU coreutils"
| #define PACKAGE_TARNAME "coreutils"
| #define PACKAGE_VERSION "9.3"
| #define PACKAGE_STRING "GNU coreutils 9.3"
| #define PACKAGE_BUGREPORT "bug-coreutils@gnu.org"
| #define PACKAGE_URL "https://www.gnu.org/software/coreutils/"
| #define PACKAGE "coreutils"
| #define VERSION "9.3"
| #define HAVE_STDIO_H 1
| #define HAVE_STDLIB_H 1
| #define HAVE_STRING_H 1
| #define HAVE_INTTYPES_H 1
| #define HAVE_STDINT_H 1
| #define HAVE_STRINGS_H 1
| #define HAVE_SYS_STAT_H 1
| #define HAVE_SYS_TYPES_H 1
| #define HAVE_UNISTD_H 1
| #define HAVE_WCHAR_H 1
| #define HAVE_FEATURES_H 1
| #define HAVE_ERROR_H 1
| #define HAVE_FNMATCH_H 1
| #define HAVE_STDIO_EXT_H 1
| #define HAVE_SYS_VFS_H 1
| #define HAVE_GETOPT_H 1
| #define HAVE_SYS_CDEFS_H 1
| #define HAVE_TERMIOS_H 1
| #define HAVE_SYS_TIME_H 1
| #define HAVE_GRP_H 1
| #define HAVE_THREADS_H 1
| #define HAVE_ICONV_H 1
| #define HAVE_WCTYPE_H 1
| #define HAVE_LANGINFO_H 1
| #define HAVE_MATH_H 1
| #define HAVE_SYS_MMAN_H 1
| #define HAVE_SYS_STATVFS_H 1
| #define HAVE_SYS_SELECT_H 1
| #define HAVE_PTHREAD_H 1
| #define HAVE_UTMP_H 1
| #define HAVE_UTMPX_H 1
| #define HAVE_MALLOC_H 1
| #define HAVE_STDBOOL_H 1
| #define HAVE_SYS_IOCTL_H 1
| #define HAVE_SYS_RANDOM_H 1
| #define HAVE_SYS_RESOURCE_H 1
| #define HAVE_SYS_UIO_H 1
| #define HAVE_SYS_UTSNAME_H 1
| #define HAVE_SYS_WAIT_H 1
| #define HAVE_UTIME_H 1
| #define HAVE_SEMAPHORE_H 1
| #define HAVE_LINUX_FALLOC_H 1
| #define HAVE_PATHS_H 1
| #define HAVE_SYS_MTIO_H 1
| #define HAVE_SYSLOG_H 1
| #define HAVE_PWD_H 1
| #define STDC_HEADERS 1
| #define _ALL_SOURCE 1
| #define _DARWIN_C_SOURCE 1
| #define _GNU_SOURCE 1
| #define _HPUX_ALT_XOPEN_SOCKET_API 1
| #define _NETBSD_SOURCE 1
| #define _OPENBSD_SOURCE 1
| #define _POSIX_PTHREAD_SEMANTICS 1
| #define __STDC_WANT_IEC_60559_ATTRIBS_EXT__ 1
| #define __STDC_WANT_IEC_60559_BFP_EXT__ 1
| #define __STDC_WANT_IEC_60559_DFP_EXT__ 1
| #define __STDC_WANT_IEC_60559_EXT__ 1
| #define __STDC_WANT_IEC_60559_FUNCS_EXT__ 1
| #define __STDC_WANT_IEC_60559_TYPES_EXT__ 1
| #define __STDC_WANT_LIB_EXT2__ 1
| #define __STDC_WANT_MATH_SPEC_FUNCS__ 1
| #define _TANDEM_SOURCE 1
| #define __EXTENSIONS__ 1
| #define _FILE_OFFSET_BITS 64
| #define _TIME_BITS 64
| /* end confdefs.h.  */
| /* Define renameat to an innocuous variant, in case <limits.h> declares renameat.
|    For example, HP-UX 11i <limits.h> declares gettimeofday.  */
| #define renameat innocuous_renameat
| 
| /* System header to define __stub macros and hopefully few prototypes,
|    which can conflict with char renameat (void); below.  */
| 
| #include <limits.h>
| #undef renameat
| 
| /* Override any GCC internal prototype to avoid an error.
|    Use char because int might match the return type of a GCC
|    builtin and then its argument prototype would still apply.  */
| #ifdef __cplusplus
| extern "C"
| #endif
| char renameat (void);
| /* The GNU C library defines this for functions which it implements
|     to always fail with ENOSYS.  Some functions are actually named
|     something starting with __ and the normal name is an alias.  */
| #if defined __stub_renameat || defined __stub___renameat
| choke me
| #endif
| 
| int
| main (void)
| {
| return renameat ();
|   ;
|   return 0;
| }
configure:9804: result: no
configure:9804: checking for fpathconf
configure:9804: /home/clang+llvm-16.0.4-x86_64-linux-gnu-ubuntu-22.04/bin/clang-16 -pthread --target=wasm32-unknown-wasi --sysroot /home/lind-wasm/glibc/sysroot -Wl,--import-memory,--export-memory,--max-memory=67108864,--export=__stack_pointer -g -O0 -o conftest -g -O2   conftest.c  >&5
In file included from conftest.c:84:
In file included from /home/clang+llvm-16.0.4-x86_64-linux-gnu-ubuntu-22.04/lib/clang/16/include/limits.h:21:
In file included from /home/lind-wasm/glibc/sysroot/include/wasm32-wasi/limits.h:195:
In file included from /home/lind-wasm/glibc/sysroot/include/wasm32-wasi/bits/posix1_lim.h:161:
/home/lind-wasm/glibc/sysroot/include/wasm32-wasi/bits/local_lim.h:38:10: fatal error: 'linux/limits.h' file not found
#include <linux/limits.h>
         ^~~~~~~~~~~~~~~~
1 error generated.
configure:9804: $? = 1
configure: failed program was:
| /* confdefs.h */
| #define PACKAGE_NAME "GNU coreutils"
| #define PACKAGE_TARNAME "coreutils"
| #define PACKAGE_VERSION "9.3"
| #define PACKAGE_STRING "GNU coreutils 9.3"
| #define PACKAGE_BUGREPORT "bug-coreutils@gnu.org"
| #define PACKAGE_URL "https://www.gnu.org/software/coreutils/"
| #define PACKAGE "coreutils"
| #define VERSION "9.3"
| #define HAVE_STDIO_H 1
| #define HAVE_STDLIB_H 1
| #define HAVE_STRING_H 1
| #define HAVE_INTTYPES_H 1
| #define HAVE_STDINT_H 1
| #define HAVE_STRINGS_H 1
| #define HAVE_SYS_STAT_H 1
| #define HAVE_SYS_TYPES_H 1
| #define HAVE_UNISTD_H 1
| #define HAVE_WCHAR_H 1
| #define HAVE_FEATURES_H 1
| #define HAVE_ERROR_H 1
| #define HAVE_FNMATCH_H 1
| #define HAVE_STDIO_EXT_H 1
| #define HAVE_SYS_VFS_H 1
| #define HAVE_GETOPT_H 1
| #define HAVE_SYS_CDEFS_H 1
| #define HAVE_TERMIOS_H 1
| #define HAVE_SYS_TIME_H 1
| #define HAVE_GRP_H 1
| #define HAVE_THREADS_H 1
| #define HAVE_ICONV_H 1
| #define HAVE_WCTYPE_H 1
| #define HAVE_LANGINFO_H 1
| #define HAVE_MATH_H 1
| #define HAVE_SYS_MMAN_H 1
| #define HAVE_SYS_STATVFS_H 1
| #define HAVE_SYS_SELECT_H 1
| #define HAVE_PTHREAD_H 1
| #define HAVE_UTMP_H 1
| #define HAVE_UTMPX_H 1
| #define HAVE_MALLOC_H 1
| #define HAVE_STDBOOL_H 1
| #define HAVE_SYS_IOCTL_H 1
| #define HAVE_SYS_RANDOM_H 1
| #define HAVE_SYS_RESOURCE_H 1
| #define HAVE_SYS_UIO_H 1
| #define HAVE_SYS_UTSNAME_H 1
| #define HAVE_SYS_WAIT_H 1
| #define HAVE_UTIME_H 1
| #define HAVE_SEMAPHORE_H 1
| #define HAVE_LINUX_FALLOC_H 1
| #define HAVE_PATHS_H 1
| #define HAVE_SYS_MTIO_H 1
| #define HAVE_SYSLOG_H 1
| #define HAVE_PWD_H 1
| #define STDC_HEADERS 1
| #define _ALL_SOURCE 1
| #define _DARWIN_C_SOURCE 1
| #define _GNU_SOURCE 1
| #define _HPUX_ALT_XOPEN_SOCKET_API 1
| #define _NETBSD_SOURCE 1
| #define _OPENBSD_SOURCE 1
| #define _POSIX_PTHREAD_SEMANTICS 1
| #define __STDC_WANT_IEC_60559_ATTRIBS_EXT__ 1
| #define __STDC_WANT_IEC_60559_BFP_EXT__ 1
| #define __STDC_WANT_IEC_60559_DFP_EXT__ 1
| #define __STDC_WANT_IEC_60559_EXT__ 1
| #define __STDC_WANT_IEC_60559_FUNCS_EXT__ 1
| #define __STDC_WANT_IEC_60559_TYPES_EXT__ 1
| #define __STDC_WANT_LIB_EXT2__ 1
| #define __STDC_WANT_MATH_SPEC_FUNCS__ 1
| #define _TANDEM_SOURCE 1
| #define __EXTENSIONS__ 1
| #define _FILE_OFFSET_BITS 64
| #define _TIME_BITS 64
| /* end confdefs.h.  */
| /* Define fpathconf to an innocuous variant, in case <limits.h> declares fpathconf.
|    For example, HP-UX 11i <limits.h> declares gettimeofday.  */
| #define fpathconf innocuous_fpathconf
| 
| /* System header to define __stub macros and hopefully few prototypes,
|    which can conflict with char fpathconf (void); below.  */
| 
| #include <limits.h>
| #undef fpathconf
| 
| /* Override any GCC internal prototype to avoid an error.
|    Use char because int might match the return type of a GCC
|    builtin and then its argument prototype would still apply.  */
| #ifdef __cplusplus
| extern "C"
| #endif
| char fpathconf (void);
| /* The GNU C library defines this for functions which it implements
|     to always fail with ENOSYS.  Some functions are actually named
|     something starting with __ and the normal name is an alias.  */
| #if defined __stub_fpathconf || defined __stub___fpathconf
| choke me
| #endif
| 
| int
| main (void)
| {
| return fpathconf ();
|   ;
|   return 0;
| }
configure:9804: result: no
configure:9804: checking for secure_getenv
configure:9804: /home/clang+llvm-16.0.4-x86_64-linux-gnu-ubuntu-22.04/bin/clang-16 -pthread --target=wasm32-unknown-wasi --sysroot /home/lind-wasm/glibc/sysroot -Wl,--import-memory,--export-memory,--max-memory=67108864,--export=__stack_pointer -g -O0 -o conftest -g -O2   conftest.c  >&5
In file included from conftest.c:84:
In file included from /home/clang+llvm-16.0.4-x86_64-linux-gnu-ubuntu-22.04/lib/clang/16/include/limits.h:21:
In file included from /home/lind-wasm/glibc/sysroot/include/wasm32-wasi/limits.h:195:
In file included from /home/lind-wasm/glibc/sysroot/include/wasm32-wasi/bits/posix1_lim.h:161:
/home/lind-wasm/glibc/sysroot/include/wasm32-wasi/bits/local_lim.h:38:10: fatal error: 'linux/limits.h' file not found
#include <linux/limits.h>
         ^~~~~~~~~~~~~~~~
1 error generated.
configure:9804: $? = 1
configure: failed program was:
| /* confdefs.h */
| #define PACKAGE_NAME "GNU coreutils"
| #define PACKAGE_TARNAME "coreutils"
| #define PACKAGE_VERSION "9.3"
| #define PACKAGE_STRING "GNU coreutils 9.3"
| #define PACKAGE_BUGREPORT "bug-coreutils@gnu.org"
| #define PACKAGE_URL "https://www.gnu.org/software/coreutils/"
| #define PACKAGE "coreutils"
| #define VERSION "9.3"
| #define HAVE_STDIO_H 1
| #define HAVE_STDLIB_H 1
| #define HAVE_STRING_H 1
| #define HAVE_INTTYPES_H 1
| #define HAVE_STDINT_H 1
| #define HAVE_STRINGS_H 1
| #define HAVE_SYS_STAT_H 1
| #define HAVE_SYS_TYPES_H 1
| #define HAVE_UNISTD_H 1
| #define HAVE_WCHAR_H 1
| #define HAVE_FEATURES_H 1
| #define HAVE_ERROR_H 1
| #define HAVE_FNMATCH_H 1
| #define HAVE_STDIO_EXT_H 1
| #define HAVE_SYS_VFS_H 1
| #define HAVE_GETOPT_H 1
| #define HAVE_SYS_CDEFS_H 1
| #define HAVE_TERMIOS_H 1
| #define HAVE_SYS_TIME_H 1
| #define HAVE_GRP_H 1
| #define HAVE_THREADS_H 1
| #define HAVE_ICONV_H 1
| #define HAVE_WCTYPE_H 1
| #define HAVE_LANGINFO_H 1
| #define HAVE_MATH_H 1
| #define HAVE_SYS_MMAN_H 1
| #define HAVE_SYS_STATVFS_H 1
| #define HAVE_SYS_SELECT_H 1
| #define HAVE_PTHREAD_H 1
| #define HAVE_UTMP_H 1
| #define HAVE_UTMPX_H 1
| #define HAVE_MALLOC_H 1
| #define HAVE_STDBOOL_H 1
| #define HAVE_SYS_IOCTL_H 1
| #define HAVE_SYS_RANDOM_H 1
| #define HAVE_SYS_RESOURCE_H 1
| #define HAVE_SYS_UIO_H 1
| #define HAVE_SYS_UTSNAME_H 1
| #define HAVE_SYS_WAIT_H 1
| #define HAVE_UTIME_H 1
| #define HAVE_SEMAPHORE_H 1
| #define HAVE_LINUX_FALLOC_H 1
| #define HAVE_PATHS_H 1
| #define HAVE_SYS_MTIO_H 1
| #define HAVE_SYSLOG_H 1
| #define HAVE_PWD_H 1
| #define STDC_HEADERS 1
| #define _ALL_SOURCE 1
| #define _DARWIN_C_SOURCE 1
| #define _GNU_SOURCE 1
| #define _HPUX_ALT_XOPEN_SOCKET_API 1
| #define _NETBSD_SOURCE 1
| #define _OPENBSD_SOURCE 1
| #define _POSIX_PTHREAD_SEMANTICS 1
| #define __STDC_WANT_IEC_60559_ATTRIBS_EXT__ 1
| #define __STDC_WANT_IEC_60559_BFP_EXT__ 1
| #define __STDC_WANT_IEC_60559_DFP_EXT__ 1
| #define __STDC_WANT_IEC_60559_EXT__ 1
| #define __STDC_WANT_IEC_60559_FUNCS_EXT__ 1
| #define __STDC_WANT_IEC_60559_TYPES_EXT__ 1
| #define __STDC_WANT_LIB_EXT2__ 1
| #define __STDC_WANT_MATH_SPEC_FUNCS__ 1
| #define _TANDEM_SOURCE 1
| #define __EXTENSIONS__ 1
| #define _FILE_OFFSET_BITS 64
| #define _TIME_BITS 64
| /* end confdefs.h.  */
| /* Define secure_getenv to an innocuous variant, in case <limits.h> declares secure_getenv.
|    For example, HP-UX 11i <limits.h> declares gettimeofday.  */
| #define secure_getenv innocuous_secure_getenv
| 
| /* System header to define __stub macros and hopefully few prototypes,
|    which can conflict with char secure_getenv (void); below.  */
| 
| #include <limits.h>
| #undef secure_getenv
| 
| /* Override any GCC internal prototype to avoid an error.
|    Use char because int might match the return type of a GCC
|    builtin and then its argument prototype would still apply.  */
| #ifdef __cplusplus
| extern "C"
| #endif
| char secure_getenv (void);
| /* The GNU C library defines this for functions which it implements
|     to always fail with ENOSYS.  Some functions are actually named
|     something starting with __ and the normal name is an alias.  */
| #if defined __stub_secure_getenv || defined __stub___secure_getenv
| choke me
| #endif
| 
| int
| main (void)
| {
| return secure_getenv ();
|   ;
|   return 0;
| }
configure:9804: result: no
configure:9804: checking for getuid
configure:9804: /home/clang+llvm-16.0.4-x86_64-linux-gnu-ubuntu-22.04/bin/clang-16 -pthread --target=wasm32-unknown-wasi --sysroot /home/lind-wasm/glibc/sysroot -Wl,--import-memory,--export-memory,--max-memory=67108864,--export=__stack_pointer -g -O0 -o conftest -g -O2   conftest.c  >&5
In file included from conftest.c:84:
In file included from /home/clang+llvm-16.0.4-x86_64-linux-gnu-ubuntu-22.04/lib/clang/16/include/limits.h:21:
In file included from /home/lind-wasm/glibc/sysroot/include/wasm32-wasi/limits.h:195:
In file included from /home/lind-wasm/glibc/sysroot/include/wasm32-wasi/bits/posix1_lim.h:161:
/home/lind-wasm/glibc/sysroot/include/wasm32-wasi/bits/local_lim.h:38:10: fatal error: 'linux/limits.h' file not found
#include <linux/limits.h>
         ^~~~~~~~~~~~~~~~
1 error generated.
configure:9804: $? = 1
configure: failed program was:
| /* confdefs.h */
| #define PACKAGE_NAME "GNU coreutils"
| #define PACKAGE_TARNAME "coreutils"
| #define PACKAGE_VERSION "9.3"
| #define PACKAGE_STRING "GNU coreutils 9.3"
| #define PACKAGE_BUGREPORT "bug-coreutils@gnu.org"
| #define PACKAGE_URL "https://www.gnu.org/software/coreutils/"
| #define PACKAGE "coreutils"
| #define VERSION "9.3"
| #define HAVE_STDIO_H 1
| #define HAVE_STDLIB_H 1
| #define HAVE_STRING_H 1
| #define HAVE_INTTYPES_H 1
| #define HAVE_STDINT_H 1
| #define HAVE_STRINGS_H 1
| #define HAVE_SYS_STAT_H 1
| #define HAVE_SYS_TYPES_H 1
| #define HAVE_UNISTD_H 1
| #define HAVE_WCHAR_H 1
| #define HAVE_FEATURES_H 1
| #define HAVE_ERROR_H 1
| #define HAVE_FNMATCH_H 1
| #define HAVE_STDIO_EXT_H 1
| #define HAVE_SYS_VFS_H 1
| #define HAVE_GETOPT_H 1
| #define HAVE_SYS_CDEFS_H 1
| #define HAVE_TERMIOS_H 1
| #define HAVE_SYS_TIME_H 1
| #define HAVE_GRP_H 1
| #define HAVE_THREADS_H 1
| #define HAVE_ICONV_H 1
| #define HAVE_WCTYPE_H 1
| #define HAVE_LANGINFO_H 1
| #define HAVE_MATH_H 1
| #define HAVE_SYS_MMAN_H 1
| #define HAVE_SYS_STATVFS_H 1
| #define HAVE_SYS_SELECT_H 1
| #define HAVE_PTHREAD_H 1
| #define HAVE_UTMP_H 1
| #define HAVE_UTMPX_H 1
| #define HAVE_MALLOC_H 1
| #define HAVE_STDBOOL_H 1
| #define HAVE_SYS_IOCTL_H 1
| #define HAVE_SYS_RANDOM_H 1
| #define HAVE_SYS_RESOURCE_H 1
| #define HAVE_SYS_UIO_H 1
| #define HAVE_SYS_UTSNAME_H 1
| #define HAVE_SYS_WAIT_H 1
| #define HAVE_UTIME_H 1
| #define HAVE_SEMAPHORE_H 1
| #define HAVE_LINUX_FALLOC_H 1
| #define HAVE_PATHS_H 1
| #define HAVE_SYS_MTIO_H 1
| #define HAVE_SYSLOG_H 1
| #define HAVE_PWD_H 1
| #define STDC_HEADERS 1
| #define _ALL_SOURCE 1
| #define _DARWIN_C_SOURCE 1
| #define _GNU_SOURCE 1
| #define _HPUX_ALT_XOPEN_SOCKET_API 1
| #define _NETBSD_SOURCE 1
| #define _OPENBSD_SOURCE 1
| #define _POSIX_PTHREAD_SEMANTICS 1
| #define __STDC_WANT_IEC_60559_ATTRIBS_EXT__ 1
| #define __STDC_WANT_IEC_60559_BFP_EXT__ 1
| #define __STDC_WANT_IEC_60559_DFP_EXT__ 1
| #define __STDC_WANT_IEC_60559_EXT__ 1
| #define __STDC_WANT_IEC_60559_FUNCS_EXT__ 1
| #define __STDC_WANT_IEC_60559_TYPES_EXT__ 1
| #define __STDC_WANT_LIB_EXT2__ 1
| #define __STDC_WANT_MATH_SPEC_FUNCS__ 1
| #define _TANDEM_SOURCE 1
| #define __EXTENSIONS__ 1
| #define _FILE_OFFSET_BITS 64
| #define _TIME_BITS 64
| /* end confdefs.h.  */
| /* Define getuid to an innocuous variant, in case <limits.h> declares getuid.
|    For example, HP-UX 11i <limits.h> declares gettimeofday.  */
| #define getuid innocuous_getuid
| 
| /* System header to define __stub macros and hopefully few prototypes,
|    which can conflict with char getuid (void); below.  */
| 
| #include <limits.h>
| #undef getuid
| 
| /* Override any GCC internal prototype to avoid an error.
|    Use char because int might match the return type of a GCC
|    builtin and then its argument prototype would still apply.  */
| #ifdef __cplusplus
| extern "C"
| #endif
| char getuid (void);
| /* The GNU C library defines this for functions which it implements
|     to always fail with ENOSYS.  Some functions are actually named
|     something starting with __ and the normal name is an alias.  */
| #if defined __stub_getuid || defined __stub___getuid
| choke me
| #endif
| 
| int
| main (void)
| {
| return getuid ();
|   ;
|   return 0;
| }
configure:9804: result: no
configure:9804: checking for geteuid
configure:9804: /home/clang+llvm-16.0.4-x86_64-linux-gnu-ubuntu-22.04/bin/clang-16 -pthread --target=wasm32-unknown-wasi --sysroot /home/lind-wasm/glibc/sysroot -Wl,--import-memory,--export-memory,--max-memory=67108864,--export=__stack_pointer -g -O0 -o conftest -g -O2   conftest.c  >&5
In file included from conftest.c:84:
In file included from /home/clang+llvm-16.0.4-x86_64-linux-gnu-ubuntu-22.04/lib/clang/16/include/limits.h:21:
In file included from /home/lind-wasm/glibc/sysroot/include/wasm32-wasi/limits.h:195:
In file included from /home/lind-wasm/glibc/sysroot/include/wasm32-wasi/bits/posix1_lim.h:161:
/home/lind-wasm/glibc/sysroot/include/wasm32-wasi/bits/local_lim.h:38:10: fatal error: 'linux/limits.h' file not found
#include <linux/limits.h>
         ^~~~~~~~~~~~~~~~
1 error generated.
configure:9804: $? = 1
configure: failed program was:
| /* confdefs.h */
| #define PACKAGE_NAME "GNU coreutils"
| #define PACKAGE_TARNAME "coreutils"
| #define PACKAGE_VERSION "9.3"
| #define PACKAGE_STRING "GNU coreutils 9.3"
| #define PACKAGE_BUGREPORT "bug-coreutils@gnu.org"
| #define PACKAGE_URL "https://www.gnu.org/software/coreutils/"
| #define PACKAGE "coreutils"
| #define VERSION "9.3"
| #define HAVE_STDIO_H 1
| #define HAVE_STDLIB_H 1
| #define HAVE_STRING_H 1
| #define HAVE_INTTYPES_H 1
| #define HAVE_STDINT_H 1
| #define HAVE_STRINGS_H 1
| #define HAVE_SYS_STAT_H 1
| #define HAVE_SYS_TYPES_H 1
| #define HAVE_UNISTD_H 1
| #define HAVE_WCHAR_H 1
| #define HAVE_FEATURES_H 1
| #define HAVE_ERROR_H 1
| #define HAVE_FNMATCH_H 1
| #define HAVE_STDIO_EXT_H 1
| #define HAVE_SYS_VFS_H 1
| #define HAVE_GETOPT_H 1
| #define HAVE_SYS_CDEFS_H 1
| #define HAVE_TERMIOS_H 1
| #define HAVE_SYS_TIME_H 1
| #define HAVE_GRP_H 1
| #define HAVE_THREADS_H 1
| #define HAVE_ICONV_H 1
| #define HAVE_WCTYPE_H 1
| #define HAVE_LANGINFO_H 1
| #define HAVE_MATH_H 1
| #define HAVE_SYS_MMAN_H 1
| #define HAVE_SYS_STATVFS_H 1
| #define HAVE_SYS_SELECT_H 1
| #define HAVE_PTHREAD_H 1
| #define HAVE_UTMP_H 1
| #define HAVE_UTMPX_H 1
| #define HAVE_MALLOC_H 1
| #define HAVE_STDBOOL_H 1
| #define HAVE_SYS_IOCTL_H 1
| #define HAVE_SYS_RANDOM_H 1
| #define HAVE_SYS_RESOURCE_H 1
| #define HAVE_SYS_UIO_H 1
| #define HAVE_SYS_UTSNAME_H 1
| #define HAVE_SYS_WAIT_H 1
| #define HAVE_UTIME_H 1
| #define HAVE_SEMAPHORE_H 1
| #define HAVE_LINUX_FALLOC_H 1
| #define HAVE_PATHS_H 1
| #define HAVE_SYS_MTIO_H 1
| #define HAVE_SYSLOG_H 1
| #define HAVE_PWD_H 1
| #define STDC_HEADERS 1
| #define _ALL_SOURCE 1
| #define _DARWIN_C_SOURCE 1
| #define _GNU_SOURCE 1
| #define _HPUX_ALT_XOPEN_SOCKET_API 1
| #define _NETBSD_SOURCE 1
| #define _OPENBSD_SOURCE 1
| #define _POSIX_PTHREAD_SEMANTICS 1
| #define __STDC_WANT_IEC_60559_ATTRIBS_EXT__ 1
| #define __STDC_WANT_IEC_60559_BFP_EXT__ 1
| #define __STDC_WANT_IEC_60559_DFP_EXT__ 1
| #define __STDC_WANT_IEC_60559_EXT__ 1
| #define __STDC_WANT_IEC_60559_FUNCS_EXT__ 1
| #define __STDC_WANT_IEC_60559_TYPES_EXT__ 1
| #define __STDC_WANT_LIB_EXT2__ 1
| #define __STDC_WANT_MATH_SPEC_FUNCS__ 1
| #define _TANDEM_SOURCE 1
| #define __EXTENSIONS__ 1
| #define _FILE_OFFSET_BITS 64
| #define _TIME_BITS 64
| /* end confdefs.h.  */
| /* Define geteuid to an innocuous variant, in case <limits.h> declares geteuid.
|    For example, HP-UX 11i <limits.h> declares gettimeofday.  */
| #define geteuid innocuous_geteuid
| 
| /* System header to define __stub macros and hopefully few prototypes,
|    which can conflict with char geteuid (void); below.  */
| 
| #include <limits.h>
| #undef geteuid
| 
| /* Override any GCC internal prototype to avoid an error.
|    Use char because int might match the return type of a GCC
|    builtin and then its argument prototype would still apply.  */
| #ifdef __cplusplus
| extern "C"
| #endif
| char geteuid (void);
| /* The GNU C library defines this for functions which it implements
|     to always fail with ENOSYS.  Some functions are actually named
|     something starting with __ and the normal name is an alias.  */
| #if defined __stub_geteuid || defined __stub___geteuid
| choke me
| #endif
| 
| int
| main (void)
| {
| return geteuid ();
|   ;
|   return 0;
| }
configure:9804: result: no
configure:9804: checking for getgid
configure:9804: /home/clang+llvm-16.0.4-x86_64-linux-gnu-ubuntu-22.04/bin/clang-16 -pthread --target=wasm32-unknown-wasi --sysroot /home/lind-wasm/glibc/sysroot -Wl,--import-memory,--export-memory,--max-memory=67108864,--export=__stack_pointer -g -O0 -o conftest -g -O2   conftest.c  >&5
In file included from conftest.c:84:
In file included from /home/clang+llvm-16.0.4-x86_64-linux-gnu-ubuntu-22.04/lib/clang/16/include/limits.h:21:
In file included from /home/lind-wasm/glibc/sysroot/include/wasm32-wasi/limits.h:195:
In file included from /home/lind-wasm/glibc/sysroot/include/wasm32-wasi/bits/posix1_lim.h:161:
/home/lind-wasm/glibc/sysroot/include/wasm32-wasi/bits/local_lim.h:38:10: fatal error: 'linux/limits.h' file not found
#include <linux/limits.h>
         ^~~~~~~~~~~~~~~~
1 error generated.
configure:9804: $? = 1
configure: failed program was:
| /* confdefs.h */
| #define PACKAGE_NAME "GNU coreutils"
| #define PACKAGE_TARNAME "coreutils"
| #define PACKAGE_VERSION "9.3"
| #define PACKAGE_STRING "GNU coreutils 9.3"
| #define PACKAGE_BUGREPORT "bug-coreutils@gnu.org"
| #define PACKAGE_URL "https://www.gnu.org/software/coreutils/"
| #define PACKAGE "coreutils"
| #define VERSION "9.3"
| #define HAVE_STDIO_H 1
| #define HAVE_STDLIB_H 1
| #define HAVE_STRING_H 1
| #define HAVE_INTTYPES_H 1
| #define HAVE_STDINT_H 1
| #define HAVE_STRINGS_H 1
| #define HAVE_SYS_STAT_H 1
| #define HAVE_SYS_TYPES_H 1
| #define HAVE_UNISTD_H 1
| #define HAVE_WCHAR_H 1
| #define HAVE_FEATURES_H 1
| #define HAVE_ERROR_H 1
| #define HAVE_FNMATCH_H 1
| #define HAVE_STDIO_EXT_H 1
| #define HAVE_SYS_VFS_H 1
| #define HAVE_GETOPT_H 1
| #define HAVE_SYS_CDEFS_H 1
| #define HAVE_TERMIOS_H 1
| #define HAVE_SYS_TIME_H 1
| #define HAVE_GRP_H 1
| #define HAVE_THREADS_H 1
| #define HAVE_ICONV_H 1
| #define HAVE_WCTYPE_H 1
| #define HAVE_LANGINFO_H 1
| #define HAVE_MATH_H 1
| #define HAVE_SYS_MMAN_H 1
| #define HAVE_SYS_STATVFS_H 1
| #define HAVE_SYS_SELECT_H 1
| #define HAVE_PTHREAD_H 1
| #define HAVE_UTMP_H 1
| #define HAVE_UTMPX_H 1
| #define HAVE_MALLOC_H 1
| #define HAVE_STDBOOL_H 1
| #define HAVE_SYS_IOCTL_H 1
| #define HAVE_SYS_RANDOM_H 1
| #define HAVE_SYS_RESOURCE_H 1
| #define HAVE_SYS_UIO_H 1
| #define HAVE_SYS_UTSNAME_H 1
| #define HAVE_SYS_WAIT_H 1
| #define HAVE_UTIME_H 1
| #define HAVE_SEMAPHORE_H 1
| #define HAVE_LINUX_FALLOC_H 1
| #define HAVE_PATHS_H 1
| #define HAVE_SYS_MTIO_H 1
| #define HAVE_SYSLOG_H 1
| #define HAVE_PWD_H 1
| #define STDC_HEADERS 1
| #define _ALL_SOURCE 1
| #define _DARWIN_C_SOURCE 1
| #define _GNU_SOURCE 1
| #define _HPUX_ALT_XOPEN_SOCKET_API 1
| #define _NETBSD_SOURCE 1
| #define _OPENBSD_SOURCE 1
| #define _POSIX_PTHREAD_SEMANTICS 1
| #define __STDC_WANT_IEC_60559_ATTRIBS_EXT__ 1
| #define __STDC_WANT_IEC_60559_BFP_EXT__ 1
| #define __STDC_WANT_IEC_60559_DFP_EXT__ 1
| #define __STDC_WANT_IEC_60559_EXT__ 1
| #define __STDC_WANT_IEC_60559_FUNCS_EXT__ 1
| #define __STDC_WANT_IEC_60559_TYPES_EXT__ 1
| #define __STDC_WANT_LIB_EXT2__ 1
| #define __STDC_WANT_MATH_SPEC_FUNCS__ 1
| #define _TANDEM_SOURCE 1
| #define __EXTENSIONS__ 1
| #define _FILE_OFFSET_BITS 64
| #define _TIME_BITS 64
| /* end confdefs.h.  */
| /* Define getgid to an innocuous variant, in case <limits.h> declares getgid.
|    For example, HP-UX 11i <limits.h> declares gettimeofday.  */
| #define getgid innocuous_getgid
| 
| /* System header to define __stub macros and hopefully few prototypes,
|    which can conflict with char getgid (void); below.  */
| 
| #include <limits.h>
| #undef getgid
| 
| /* Override any GCC internal prototype to avoid an error.
|    Use char because int might match the return type of a GCC
|    builtin and then its argument prototype would still apply.  */
| #ifdef __cplusplus
| extern "C"
| #endif
| char getgid (void);
| /* The GNU C library defines this for functions which it implements
|     to always fail with ENOSYS.  Some functions are actually named
|     something starting with __ and the normal name is an alias.  */
| #if defined __stub_getgid || defined __stub___getgid
| choke me
| #endif
| 
| int
| main (void)
| {
| return getgid ();
|   ;
|   return 0;
| }
configure:9804: result: no
configure:9804: checking for getegid
configure:9804: /home/clang+llvm-16.0.4-x86_64-linux-gnu-ubuntu-22.04/bin/clang-16 -pthread --target=wasm32-unknown-wasi --sysroot /home/lind-wasm/glibc/sysroot -Wl,--import-memory,--export-memory,--max-memory=67108864,--export=__stack_pointer -g -O0 -o conftest -g -O2   conftest.c  >&5
In file included from conftest.c:84:
In file included from /home/clang+llvm-16.0.4-x86_64-linux-gnu-ubuntu-22.04/lib/clang/16/include/limits.h:21:
In file included from /home/lind-wasm/glibc/sysroot/include/wasm32-wasi/limits.h:195:
In file included from /home/lind-wasm/glibc/sysroot/include/wasm32-wasi/bits/posix1_lim.h:161:
/home/lind-wasm/glibc/sysroot/include/wasm32-wasi/bits/local_lim.h:38:10: fatal error: 'linux/limits.h' file not found
#include <linux/limits.h>
         ^~~~~~~~~~~~~~~~
1 error generated.
configure:9804: $? = 1
configure: failed program was:
| /* confdefs.h */
| #define PACKAGE_NAME "GNU coreutils"
| #define PACKAGE_TARNAME "coreutils"
| #define PACKAGE_VERSION "9.3"
| #define PACKAGE_STRING "GNU coreutils 9.3"
| #define PACKAGE_BUGREPORT "bug-coreutils@gnu.org"
| #define PACKAGE_URL "https://www.gnu.org/software/coreutils/"
| #define PACKAGE "coreutils"
| #define VERSION "9.3"
| #define HAVE_STDIO_H 1
| #define HAVE_STDLIB_H 1
| #define HAVE_STRING_H 1
| #define HAVE_INTTYPES_H 1
| #define HAVE_STDINT_H 1
| #define HAVE_STRINGS_H 1
| #define HAVE_SYS_STAT_H 1
| #define HAVE_SYS_TYPES_H 1
| #define HAVE_UNISTD_H 1
| #define HAVE_WCHAR_H 1
| #define HAVE_FEATURES_H 1
| #define HAVE_ERROR_H 1
| #define HAVE_FNMATCH_H 1
| #define HAVE_STDIO_EXT_H 1
| #define HAVE_SYS_VFS_H 1
| #define HAVE_GETOPT_H 1
| #define HAVE_SYS_CDEFS_H 1
| #define HAVE_TERMIOS_H 1
| #define HAVE_SYS_TIME_H 1
| #define HAVE_GRP_H 1
| #define HAVE_THREADS_H 1
| #define HAVE_ICONV_H 1
| #define HAVE_WCTYPE_H 1
| #define HAVE_LANGINFO_H 1
| #define HAVE_MATH_H 1
| #define HAVE_SYS_MMAN_H 1
| #define HAVE_SYS_STATVFS_H 1
| #define HAVE_SYS_SELECT_H 1
| #define HAVE_PTHREAD_H 1
| #define HAVE_UTMP_H 1
| #define HAVE_UTMPX_H 1
| #define HAVE_MALLOC_H 1
| #define HAVE_STDBOOL_H 1
| #define HAVE_SYS_IOCTL_H 1
| #define HAVE_SYS_RANDOM_H 1
| #define HAVE_SYS_RESOURCE_H 1
| #define HAVE_SYS_UIO_H 1
| #define HAVE_SYS_UTSNAME_H 1
| #define HAVE_SYS_WAIT_H 1
| #define HAVE_UTIME_H 1
| #define HAVE_SEMAPHORE_H 1
| #define HAVE_LINUX_FALLOC_H 1
| #define HAVE_PATHS_H 1
| #define HAVE_SYS_MTIO_H 1
| #define HAVE_SYSLOG_H 1
| #define HAVE_PWD_H 1
| #define STDC_HEADERS 1
| #define _ALL_SOURCE 1
| #define _DARWIN_C_SOURCE 1
| #define _GNU_SOURCE 1
| #define _HPUX_ALT_XOPEN_SOCKET_API 1
| #define _NETBSD_SOURCE 1
| #define _OPENBSD_SOURCE 1
| #define _POSIX_PTHREAD_SEMANTICS 1
| #define __STDC_WANT_IEC_60559_ATTRIBS_EXT__ 1
| #define __STDC_WANT_IEC_60559_BFP_EXT__ 1
| #define __STDC_WANT_IEC_60559_DFP_EXT__ 1
| #define __STDC_WANT_IEC_60559_EXT__ 1
| #define __STDC_WANT_IEC_60559_FUNCS_EXT__ 1
| #define __STDC_WANT_IEC_60559_TYPES_EXT__ 1
| #define __STDC_WANT_LIB_EXT2__ 1
| #define __STDC_WANT_MATH_SPEC_FUNCS__ 1
| #define _TANDEM_SOURCE 1
| #define __EXTENSIONS__ 1
| #define _FILE_OFFSET_BITS 64
| #define _TIME_BITS 64
| /* end confdefs.h.  */
| /* Define getegid to an innocuous variant, in case <limits.h> declares getegid.
|    For example, HP-UX 11i <limits.h> declares gettimeofday.  */
| #define getegid innocuous_getegid
| 
| /* System header to define __stub macros and hopefully few prototypes,
|    which can conflict with char getegid (void); below.  */
| 
| #include <limits.h>
| #undef getegid
| 
| /* Override any GCC internal prototype to avoid an error.
|    Use char because int might match the return type of a GCC
|    builtin and then its argument prototype would still apply.  */
| #ifdef __cplusplus
| extern "C"
| #endif
| char getegid (void);
| /* The GNU C library defines this for functions which it implements
|     to always fail with ENOSYS.  Some functions are actually named
|     something starting with __ and the normal name is an alias.  */
| #if defined __stub_getegid || defined __stub___getegid
| choke me
| #endif
| 
| int
| main (void)
| {
| return getegid ();
|   ;
|   return 0;
| }
configure:9804: result: no
configure:9804: checking for setenv
configure:9804: /home/clang+llvm-16.0.4-x86_64-linux-gnu-ubuntu-22.04/bin/clang-16 -pthread --target=wasm32-unknown-wasi --sysroot /home/lind-wasm/glibc/sysroot -Wl,--import-memory,--export-memory,--max-memory=67108864,--export=__stack_pointer -g -O0 -o conftest -g -O2   conftest.c  >&5
In file included from conftest.c:84:
In file included from /home/clang+llvm-16.0.4-x86_64-linux-gnu-ubuntu-22.04/lib/clang/16/include/limits.h:21:
In file included from /home/lind-wasm/glibc/sysroot/include/wasm32-wasi/limits.h:195:
In file included from /home/lind-wasm/glibc/sysroot/include/wasm32-wasi/bits/posix1_lim.h:161:
/home/lind-wasm/glibc/sysroot/include/wasm32-wasi/bits/local_lim.h:38:10: fatal error: 'linux/limits.h' file not found
#include <linux/limits.h>
         ^~~~~~~~~~~~~~~~
1 error generated.
configure:9804: $? = 1
configure: failed program was:
| /* confdefs.h */
| #define PACKAGE_NAME "GNU coreutils"
| #define PACKAGE_TARNAME "coreutils"
| #define PACKAGE_VERSION "9.3"
| #define PACKAGE_STRING "GNU coreutils 9.3"
| #define PACKAGE_BUGREPORT "bug-coreutils@gnu.org"
| #define PACKAGE_URL "https://www.gnu.org/software/coreutils/"
| #define PACKAGE "coreutils"
| #define VERSION "9.3"
| #define HAVE_STDIO_H 1
| #define HAVE_STDLIB_H 1
| #define HAVE_STRING_H 1
| #define HAVE_INTTYPES_H 1
| #define HAVE_STDINT_H 1
| #define HAVE_STRINGS_H 1
| #define HAVE_SYS_STAT_H 1
| #define HAVE_SYS_TYPES_H 1
| #define HAVE_UNISTD_H 1
| #define HAVE_WCHAR_H 1
| #define HAVE_FEATURES_H 1
| #define HAVE_ERROR_H 1
| #define HAVE_FNMATCH_H 1
| #define HAVE_STDIO_EXT_H 1
| #define HAVE_SYS_VFS_H 1
| #define HAVE_GETOPT_H 1
| #define HAVE_SYS_CDEFS_H 1
| #define HAVE_TERMIOS_H 1
| #define HAVE_SYS_TIME_H 1
| #define HAVE_GRP_H 1
| #define HAVE_THREADS_H 1
| #define HAVE_ICONV_H 1
| #define HAVE_WCTYPE_H 1
| #define HAVE_LANGINFO_H 1
| #define HAVE_MATH_H 1
| #define HAVE_SYS_MMAN_H 1
| #define HAVE_SYS_STATVFS_H 1
| #define HAVE_SYS_SELECT_H 1
| #define HAVE_PTHREAD_H 1
| #define HAVE_UTMP_H 1
| #define HAVE_UTMPX_H 1
| #define HAVE_MALLOC_H 1
| #define HAVE_STDBOOL_H 1
| #define HAVE_SYS_IOCTL_H 1
| #define HAVE_SYS_RANDOM_H 1
| #define HAVE_SYS_RESOURCE_H 1
| #define HAVE_SYS_UIO_H 1
| #define HAVE_SYS_UTSNAME_H 1
| #define HAVE_SYS_WAIT_H 1
| #define HAVE_UTIME_H 1
| #define HAVE_SEMAPHORE_H 1
| #define HAVE_LINUX_FALLOC_H 1
| #define HAVE_PATHS_H 1
| #define HAVE_SYS_MTIO_H 1
| #define HAVE_SYSLOG_H 1
| #define HAVE_PWD_H 1
| #define STDC_HEADERS 1
| #define _ALL_SOURCE 1
| #define _DARWIN_C_SOURCE 1
| #define _GNU_SOURCE 1
| #define _HPUX_ALT_XOPEN_SOCKET_API 1
| #define _NETBSD_SOURCE 1
| #define _OPENBSD_SOURCE 1
| #define _POSIX_PTHREAD_SEMANTICS 1
| #define __STDC_WANT_IEC_60559_ATTRIBS_EXT__ 1
| #define __STDC_WANT_IEC_60559_BFP_EXT__ 1
| #define __STDC_WANT_IEC_60559_DFP_EXT__ 1
| #define __STDC_WANT_IEC_60559_EXT__ 1
| #define __STDC_WANT_IEC_60559_FUNCS_EXT__ 1
| #define __STDC_WANT_IEC_60559_TYPES_EXT__ 1
| #define __STDC_WANT_LIB_EXT2__ 1
| #define __STDC_WANT_MATH_SPEC_FUNCS__ 1
| #define _TANDEM_SOURCE 1
| #define __EXTENSIONS__ 1
| #define _FILE_OFFSET_BITS 64
| #define _TIME_BITS 64
| /* end confdefs.h.  */
| /* Define setenv to an innocuous variant, in case <limits.h> declares setenv.
|    For example, HP-UX 11i <limits.h> declares gettimeofday.  */
| #define setenv innocuous_setenv
| 
| /* System header to define __stub macros and hopefully few prototypes,
|    which can conflict with char setenv (void); below.  */
| 
| #include <limits.h>
| #undef setenv
| 
| /* Override any GCC internal prototype to avoid an error.
|    Use char because int might match the return type of a GCC
|    builtin and then its argument prototype would still apply.  */
| #ifdef __cplusplus
| extern "C"
| #endif
| char setenv (void);
| /* The GNU C library defines this for functions which it implements
|     to always fail with ENOSYS.  Some functions are actually named
|     something starting with __ and the normal name is an alias.  */
| #if defined __stub_setenv || defined __stub___setenv
| choke me
| #endif
| 
| int
| main (void)
| {
| return setenv ();
|   ;
|   return 0;
| }
configure:9804: result: no
configure:9804: checking for settimeofday
configure:9804: /home/clang+llvm-16.0.4-x86_64-linux-gnu-ubuntu-22.04/bin/clang-16 -pthread --target=wasm32-unknown-wasi --sysroot /home/lind-wasm/glibc/sysroot -Wl,--import-memory,--export-memory,--max-memory=67108864,--export=__stack_pointer -g -O0 -o conftest -g -O2   conftest.c  >&5
In file included from conftest.c:84:
In file included from /home/clang+llvm-16.0.4-x86_64-linux-gnu-ubuntu-22.04/lib/clang/16/include/limits.h:21:
In file included from /home/lind-wasm/glibc/sysroot/include/wasm32-wasi/limits.h:195:
In file included from /home/lind-wasm/glibc/sysroot/include/wasm32-wasi/bits/posix1_lim.h:161:
/home/lind-wasm/glibc/sysroot/include/wasm32-wasi/bits/local_lim.h:38:10: fatal error: 'linux/limits.h' file not found
#include <linux/limits.h>
         ^~~~~~~~~~~~~~~~
1 error generated.
configure:9804: $? = 1
configure: failed program was:
| /* confdefs.h */
| #define PACKAGE_NAME "GNU coreutils"
| #define PACKAGE_TARNAME "coreutils"
| #define PACKAGE_VERSION "9.3"
| #define PACKAGE_STRING "GNU coreutils 9.3"
| #define PACKAGE_BUGREPORT "bug-coreutils@gnu.org"
| #define PACKAGE_URL "https://www.gnu.org/software/coreutils/"
| #define PACKAGE "coreutils"
| #define VERSION "9.3"
| #define HAVE_STDIO_H 1
| #define HAVE_STDLIB_H 1
| #define HAVE_STRING_H 1
| #define HAVE_INTTYPES_H 1
| #define HAVE_STDINT_H 1
| #define HAVE_STRINGS_H 1
| #define HAVE_SYS_STAT_H 1
| #define HAVE_SYS_TYPES_H 1
| #define HAVE_UNISTD_H 1
| #define HAVE_WCHAR_H 1
| #define HAVE_FEATURES_H 1
| #define HAVE_ERROR_H 1
| #define HAVE_FNMATCH_H 1
| #define HAVE_STDIO_EXT_H 1
| #define HAVE_SYS_VFS_H 1
| #define HAVE_GETOPT_H 1
| #define HAVE_SYS_CDEFS_H 1
| #define HAVE_TERMIOS_H 1
| #define HAVE_SYS_TIME_H 1
| #define HAVE_GRP_H 1
| #define HAVE_THREADS_H 1
| #define HAVE_ICONV_H 1
| #define HAVE_WCTYPE_H 1
| #define HAVE_LANGINFO_H 1
| #define HAVE_MATH_H 1
| #define HAVE_SYS_MMAN_H 1
| #define HAVE_SYS_STATVFS_H 1
| #define HAVE_SYS_SELECT_H 1
| #define HAVE_PTHREAD_H 1
| #define HAVE_UTMP_H 1
| #define HAVE_UTMPX_H 1
| #define HAVE_MALLOC_H 1
| #define HAVE_STDBOOL_H 1
| #define HAVE_SYS_IOCTL_H 1
| #define HAVE_SYS_RANDOM_H 1
| #define HAVE_SYS_RESOURCE_H 1
| #define HAVE_SYS_UIO_H 1
| #define HAVE_SYS_UTSNAME_H 1
| #define HAVE_SYS_WAIT_H 1
| #define HAVE_UTIME_H 1
| #define HAVE_SEMAPHORE_H 1
| #define HAVE_LINUX_FALLOC_H 1
| #define HAVE_PATHS_H 1
| #define HAVE_SYS_MTIO_H 1
| #define HAVE_SYSLOG_H 1
| #define HAVE_PWD_H 1
| #define STDC_HEADERS 1
| #define _ALL_SOURCE 1
| #define _DARWIN_C_SOURCE 1
| #define _GNU_SOURCE 1
| #define _HPUX_ALT_XOPEN_SOCKET_API 1
| #define _NETBSD_SOURCE 1
| #define _OPENBSD_SOURCE 1
| #define _POSIX_PTHREAD_SEMANTICS 1
| #define __STDC_WANT_IEC_60559_ATTRIBS_EXT__ 1
| #define __STDC_WANT_IEC_60559_BFP_EXT__ 1
| #define __STDC_WANT_IEC_60559_DFP_EXT__ 1
| #define __STDC_WANT_IEC_60559_EXT__ 1
| #define __STDC_WANT_IEC_60559_FUNCS_EXT__ 1
| #define __STDC_WANT_IEC_60559_TYPES_EXT__ 1
| #define __STDC_WANT_LIB_EXT2__ 1
| #define __STDC_WANT_MATH_SPEC_FUNCS__ 1
| #define _TANDEM_SOURCE 1
| #define __EXTENSIONS__ 1
| #define _FILE_OFFSET_BITS 64
| #define _TIME_BITS 64
| /* end confdefs.h.  */
| /* Define settimeofday to an innocuous variant, in case <limits.h> declares settimeofday.
|    For example, HP-UX 11i <limits.h> declares gettimeofday.  */
| #define settimeofday innocuous_settimeofday
| 
| /* System header to define __stub macros and hopefully few prototypes,
|    which can conflict with char settimeofday (void); below.  */
| 
| #include <limits.h>
| #undef settimeofday
| 
| /* Override any GCC internal prototype to avoid an error.
|    Use char because int might match the return type of a GCC
|    builtin and then its argument prototype would still apply.  */
| #ifdef __cplusplus
| extern "C"
| #endif
| char settimeofday (void);
| /* The GNU C library defines this for functions which it implements
|     to always fail with ENOSYS.  Some functions are actually named
|     something starting with __ and the normal name is an alias.  */
| #if defined __stub_settimeofday || defined __stub___settimeofday
| choke me
| #endif
| 
| int
| main (void)
| {
| return settimeofday ();
|   ;
|   return 0;
| }
configure:9804: result: no
configure:9804: checking for stime
configure:9804: /home/clang+llvm-16.0.4-x86_64-linux-gnu-ubuntu-22.04/bin/clang-16 -pthread --target=wasm32-unknown-wasi --sysroot /home/lind-wasm/glibc/sysroot -Wl,--import-memory,--export-memory,--max-memory=67108864,--export=__stack_pointer -g -O0 -o conftest -g -O2   conftest.c  >&5
In file included from conftest.c:84:
In file included from /home/clang+llvm-16.0.4-x86_64-linux-gnu-ubuntu-22.04/lib/clang/16/include/limits.h:21:
In file included from /home/lind-wasm/glibc/sysroot/include/wasm32-wasi/limits.h:195:
In file included from /home/lind-wasm/glibc/sysroot/include/wasm32-wasi/bits/posix1_lim.h:161:
/home/lind-wasm/glibc/sysroot/include/wasm32-wasi/bits/local_lim.h:38:10: fatal error: 'linux/limits.h' file not found
#include <linux/limits.h>
         ^~~~~~~~~~~~~~~~
1 error generated.
configure:9804: $? = 1
configure: failed program was:
| /* confdefs.h */
| #define PACKAGE_NAME "GNU coreutils"
| #define PACKAGE_TARNAME "coreutils"
| #define PACKAGE_VERSION "9.3"
| #define PACKAGE_STRING "GNU coreutils 9.3"
| #define PACKAGE_BUGREPORT "bug-coreutils@gnu.org"
| #define PACKAGE_URL "https://www.gnu.org/software/coreutils/"
| #define PACKAGE "coreutils"
| #define VERSION "9.3"
| #define HAVE_STDIO_H 1
| #define HAVE_STDLIB_H 1
| #define HAVE_STRING_H 1
| #define HAVE_INTTYPES_H 1
| #define HAVE_STDINT_H 1
| #define HAVE_STRINGS_H 1
| #define HAVE_SYS_STAT_H 1
| #define HAVE_SYS_TYPES_H 1
| #define HAVE_UNISTD_H 1
| #define HAVE_WCHAR_H 1
| #define HAVE_FEATURES_H 1
| #define HAVE_ERROR_H 1
| #define HAVE_FNMATCH_H 1
| #define HAVE_STDIO_EXT_H 1
| #define HAVE_SYS_VFS_H 1
| #define HAVE_GETOPT_H 1
| #define HAVE_SYS_CDEFS_H 1
| #define HAVE_TERMIOS_H 1
| #define HAVE_SYS_TIME_H 1
| #define HAVE_GRP_H 1
| #define HAVE_THREADS_H 1
| #define HAVE_ICONV_H 1
| #define HAVE_WCTYPE_H 1
| #define HAVE_LANGINFO_H 1
| #define HAVE_MATH_H 1
| #define HAVE_SYS_MMAN_H 1
| #define HAVE_SYS_STATVFS_H 1
| #define HAVE_SYS_SELECT_H 1
| #define HAVE_PTHREAD_H 1
| #define HAVE_UTMP_H 1
| #define HAVE_UTMPX_H 1
| #define HAVE_MALLOC_H 1
| #define HAVE_STDBOOL_H 1
| #define HAVE_SYS_IOCTL_H 1
| #define HAVE_SYS_RANDOM_H 1
| #define HAVE_SYS_RESOURCE_H 1
| #define HAVE_SYS_UIO_H 1
| #define HAVE_SYS_UTSNAME_H 1
| #define HAVE_SYS_WAIT_H 1
| #define HAVE_UTIME_H 1
| #define HAVE_SEMAPHORE_H 1
| #define HAVE_LINUX_FALLOC_H 1
| #define HAVE_PATHS_H 1
| #define HAVE_SYS_MTIO_H 1
| #define HAVE_SYSLOG_H 1
| #define HAVE_PWD_H 1
| #define STDC_HEADERS 1
| #define _ALL_SOURCE 1
| #define _DARWIN_C_SOURCE 1
| #define _GNU_SOURCE 1
| #define _HPUX_ALT_XOPEN_SOCKET_API 1
| #define _NETBSD_SOURCE 1
| #define _OPENBSD_SOURCE 1
| #define _POSIX_PTHREAD_SEMANTICS 1
| #define __STDC_WANT_IEC_60559_ATTRIBS_EXT__ 1
| #define __STDC_WANT_IEC_60559_BFP_EXT__ 1
| #define __STDC_WANT_IEC_60559_DFP_EXT__ 1
| #define __STDC_WANT_IEC_60559_EXT__ 1
| #define __STDC_WANT_IEC_60559_FUNCS_EXT__ 1
| #define __STDC_WANT_IEC_60559_TYPES_EXT__ 1
| #define __STDC_WANT_LIB_EXT2__ 1
| #define __STDC_WANT_MATH_SPEC_FUNCS__ 1
| #define _TANDEM_SOURCE 1
| #define __EXTENSIONS__ 1
| #define _FILE_OFFSET_BITS 64
| #define _TIME_BITS 64
| /* end confdefs.h.  */
| /* Define stime to an innocuous variant, in case <limits.h> declares stime.
|    For example, HP-UX 11i <limits.h> declares gettimeofday.  */
| #define stime innocuous_stime
| 
| /* System header to define __stub macros and hopefully few prototypes,
|    which can conflict with char stime (void); below.  */
| 
| #include <limits.h>
| #undef stime
| 
| /* Override any GCC internal prototype to avoid an error.
|    Use char because int might match the return type of a GCC
|    builtin and then its argument prototype would still apply.  */
| #ifdef __cplusplus
| extern "C"
| #endif
| char stime (void);
| /* The GNU C library defines this for functions which it implements
|     to always fail with ENOSYS.  Some functions are actually named
|     something starting with __ and the normal name is an alias.  */
| #if defined __stub_stime || defined __stub___stime
| choke me
| #endif
| 
| int
| main (void)
| {
| return stime ();
|   ;
|   return 0;
| }
configure:9804: result: no
configure:9804: checking for sigaction
configure:9804: /home/clang+llvm-16.0.4-x86_64-linux-gnu-ubuntu-22.04/bin/clang-16 -pthread --target=wasm32-unknown-wasi --sysroot /home/lind-wasm/glibc/sysroot -Wl,--import-memory,--export-memory,--max-memory=67108864,--export=__stack_pointer -g -O0 -o conftest -g -O2   conftest.c  >&5
In file included from conftest.c:84:
In file included from /home/clang+llvm-16.0.4-x86_64-linux-gnu-ubuntu-22.04/lib/clang/16/include/limits.h:21:
In file included from /home/lind-wasm/glibc/sysroot/include/wasm32-wasi/limits.h:195:
In file included from /home/lind-wasm/glibc/sysroot/include/wasm32-wasi/bits/posix1_lim.h:161:
/home/lind-wasm/glibc/sysroot/include/wasm32-wasi/bits/local_lim.h:38:10: fatal error: 'linux/limits.h' file not found
#include <linux/limits.h>
         ^~~~~~~~~~~~~~~~
1 error generated.
configure:9804: $? = 1
configure: failed program was:
| /* confdefs.h */
| #define PACKAGE_NAME "GNU coreutils"
| #define PACKAGE_TARNAME "coreutils"
| #define PACKAGE_VERSION "9.3"
| #define PACKAGE_STRING "GNU coreutils 9.3"
| #define PACKAGE_BUGREPORT "bug-coreutils@gnu.org"
| #define PACKAGE_URL "https://www.gnu.org/software/coreutils/"
| #define PACKAGE "coreutils"
| #define VERSION "9.3"
| #define HAVE_STDIO_H 1
| #define HAVE_STDLIB_H 1
| #define HAVE_STRING_H 1
| #define HAVE_INTTYPES_H 1
| #define HAVE_STDINT_H 1
| #define HAVE_STRINGS_H 1
| #define HAVE_SYS_STAT_H 1
| #define HAVE_SYS_TYPES_H 1
| #define HAVE_UNISTD_H 1
| #define HAVE_WCHAR_H 1
| #define HAVE_FEATURES_H 1
| #define HAVE_ERROR_H 1
| #define HAVE_FNMATCH_H 1
| #define HAVE_STDIO_EXT_H 1
| #define HAVE_SYS_VFS_H 1
| #define HAVE_GETOPT_H 1
| #define HAVE_SYS_CDEFS_H 1
| #define HAVE_TERMIOS_H 1
| #define HAVE_SYS_TIME_H 1
| #define HAVE_GRP_H 1
| #define HAVE_THREADS_H 1
| #define HAVE_ICONV_H 1
| #define HAVE_WCTYPE_H 1
| #define HAVE_LANGINFO_H 1
| #define HAVE_MATH_H 1
| #define HAVE_SYS_MMAN_H 1
| #define HAVE_SYS_STATVFS_H 1
| #define HAVE_SYS_SELECT_H 1
| #define HAVE_PTHREAD_H 1
| #define HAVE_UTMP_H 1
| #define HAVE_UTMPX_H 1
| #define HAVE_MALLOC_H 1
| #define HAVE_STDBOOL_H 1
| #define HAVE_SYS_IOCTL_H 1
| #define HAVE_SYS_RANDOM_H 1
| #define HAVE_SYS_RESOURCE_H 1
| #define HAVE_SYS_UIO_H 1
| #define HAVE_SYS_UTSNAME_H 1
| #define HAVE_SYS_WAIT_H 1
| #define HAVE_UTIME_H 1
| #define HAVE_SEMAPHORE_H 1
| #define HAVE_LINUX_FALLOC_H 1
| #define HAVE_PATHS_H 1
| #define HAVE_SYS_MTIO_H 1
| #define HAVE_SYSLOG_H 1
| #define HAVE_PWD_H 1
| #define STDC_HEADERS 1
| #define _ALL_SOURCE 1
| #define _DARWIN_C_SOURCE 1
| #define _GNU_SOURCE 1
| #define _HPUX_ALT_XOPEN_SOCKET_API 1
| #define _NETBSD_SOURCE 1
| #define _OPENBSD_SOURCE 1
| #define _POSIX_PTHREAD_SEMANTICS 1
| #define __STDC_WANT_IEC_60559_ATTRIBS_EXT__ 1
| #define __STDC_WANT_IEC_60559_BFP_EXT__ 1
| #define __STDC_WANT_IEC_60559_DFP_EXT__ 1
| #define __STDC_WANT_IEC_60559_EXT__ 1
| #define __STDC_WANT_IEC_60559_FUNCS_EXT__ 1
| #define __STDC_WANT_IEC_60559_TYPES_EXT__ 1
| #define __STDC_WANT_LIB_EXT2__ 1
| #define __STDC_WANT_MATH_SPEC_FUNCS__ 1
| #define _TANDEM_SOURCE 1
| #define __EXTENSIONS__ 1
| #define _FILE_OFFSET_BITS 64
| #define _TIME_BITS 64
| /* end confdefs.h.  */
| /* Define sigaction to an innocuous variant, in case <limits.h> declares sigaction.
|    For example, HP-UX 11i <limits.h> declares gettimeofday.  */
| #define sigaction innocuous_sigaction
| 
| /* System header to define __stub macros and hopefully few prototypes,
|    which can conflict with char sigaction (void); below.  */
| 
| #include <limits.h>
| #undef sigaction
| 
| /* Override any GCC internal prototype to avoid an error.
|    Use char because int might match the return type of a GCC
|    builtin and then its argument prototype would still apply.  */
| #ifdef __cplusplus
| extern "C"
| #endif
| char sigaction (void);
| /* The GNU C library defines this for functions which it implements
|     to always fail with ENOSYS.  Some functions are actually named
|     something starting with __ and the normal name is an alias.  */
| #if defined __stub_sigaction || defined __stub___sigaction
| choke me
| #endif
| 
| int
| main (void)
| {
| return sigaction ();
|   ;
|   return 0;
| }
configure:9804: result: no
configure:9804: checking for sigaltstack
configure:9804: /home/clang+llvm-16.0.4-x86_64-linux-gnu-ubuntu-22.04/bin/clang-16 -pthread --target=wasm32-unknown-wasi --sysroot /home/lind-wasm/glibc/sysroot -Wl,--import-memory,--export-memory,--max-memory=67108864,--export=__stack_pointer -g -O0 -o conftest -g -O2   conftest.c  >&5
In file included from conftest.c:84:
In file included from /home/clang+llvm-16.0.4-x86_64-linux-gnu-ubuntu-22.04/lib/clang/16/include/limits.h:21:
In file included from /home/lind-wasm/glibc/sysroot/include/wasm32-wasi/limits.h:195:
In file included from /home/lind-wasm/glibc/sysroot/include/wasm32-wasi/bits/posix1_lim.h:161:
/home/lind-wasm/glibc/sysroot/include/wasm32-wasi/bits/local_lim.h:38:10: fatal error: 'linux/limits.h' file not found
#include <linux/limits.h>
         ^~~~~~~~~~~~~~~~
1 error generated.
configure:9804: $? = 1
configure: failed program was:
| /* confdefs.h */
| #define PACKAGE_NAME "GNU coreutils"
| #define PACKAGE_TARNAME "coreutils"
| #define PACKAGE_VERSION "9.3"
| #define PACKAGE_STRING "GNU coreutils 9.3"
| #define PACKAGE_BUGREPORT "bug-coreutils@gnu.org"
| #define PACKAGE_URL "https://www.gnu.org/software/coreutils/"
| #define PACKAGE "coreutils"
| #define VERSION "9.3"
| #define HAVE_STDIO_H 1
| #define HAVE_STDLIB_H 1
| #define HAVE_STRING_H 1
| #define HAVE_INTTYPES_H 1
| #define HAVE_STDINT_H 1
| #define HAVE_STRINGS_H 1
| #define HAVE_SYS_STAT_H 1
| #define HAVE_SYS_TYPES_H 1
| #define HAVE_UNISTD_H 1
| #define HAVE_WCHAR_H 1
| #define HAVE_FEATURES_H 1
| #define HAVE_ERROR_H 1
| #define HAVE_FNMATCH_H 1
| #define HAVE_STDIO_EXT_H 1
| #define HAVE_SYS_VFS_H 1
| #define HAVE_GETOPT_H 1
| #define HAVE_SYS_CDEFS_H 1
| #define HAVE_TERMIOS_H 1
| #define HAVE_SYS_TIME_H 1
| #define HAVE_GRP_H 1
| #define HAVE_THREADS_H 1
| #define HAVE_ICONV_H 1
| #define HAVE_WCTYPE_H 1
| #define HAVE_LANGINFO_H 1
| #define HAVE_MATH_H 1
| #define HAVE_SYS_MMAN_H 1
| #define HAVE_SYS_STATVFS_H 1
| #define HAVE_SYS_SELECT_H 1
| #define HAVE_PTHREAD_H 1
| #define HAVE_UTMP_H 1
| #define HAVE_UTMPX_H 1
| #define HAVE_MALLOC_H 1
| #define HAVE_STDBOOL_H 1
| #define HAVE_SYS_IOCTL_H 1
| #define HAVE_SYS_RANDOM_H 1
| #define HAVE_SYS_RESOURCE_H 1
| #define HAVE_SYS_UIO_H 1
| #define HAVE_SYS_UTSNAME_H 1
| #define HAVE_SYS_WAIT_H 1
| #define HAVE_UTIME_H 1
| #define HAVE_SEMAPHORE_H 1
| #define HAVE_LINUX_FALLOC_H 1
| #define HAVE_PATHS_H 1
| #define HAVE_SYS_MTIO_H 1
| #define HAVE_SYSLOG_H 1
| #define HAVE_PWD_H 1
| #define STDC_HEADERS 1
| #define _ALL_SOURCE 1
| #define _DARWIN_C_SOURCE 1
| #define _GNU_SOURCE 1
| #define _HPUX_ALT_XOPEN_SOCKET_API 1
| #define _NETBSD_SOURCE 1
| #define _OPENBSD_SOURCE 1
| #define _POSIX_PTHREAD_SEMANTICS 1
| #define __STDC_WANT_IEC_60559_ATTRIBS_EXT__ 1
| #define __STDC_WANT_IEC_60559_BFP_EXT__ 1
| #define __STDC_WANT_IEC_60559_DFP_EXT__ 1
| #define __STDC_WANT_IEC_60559_EXT__ 1
| #define __STDC_WANT_IEC_60559_FUNCS_EXT__ 1
| #define __STDC_WANT_IEC_60559_TYPES_EXT__ 1
| #define __STDC_WANT_LIB_EXT2__ 1
| #define __STDC_WANT_MATH_SPEC_FUNCS__ 1
| #define _TANDEM_SOURCE 1
| #define __EXTENSIONS__ 1
| #define _FILE_OFFSET_BITS 64
| #define _TIME_BITS 64
| /* end confdefs.h.  */
| /* Define sigaltstack to an innocuous variant, in case <limits.h> declares sigaltstack.
|    For example, HP-UX 11i <limits.h> declares gettimeofday.  */
| #define sigaltstack innocuous_sigaltstack
| 
| /* System header to define __stub macros and hopefully few prototypes,
|    which can conflict with char sigaltstack (void); below.  */
| 
| #include <limits.h>
| #undef sigaltstack
| 
| /* Override any GCC internal prototype to avoid an error.
|    Use char because int might match the return type of a GCC
|    builtin and then its argument prototype would still apply.  */
| #ifdef __cplusplus
| extern "C"
| #endif
| char sigaltstack (void);
| /* The GNU C library defines this for functions which it implements
|     to always fail with ENOSYS.  Some functions are actually named
|     something starting with __ and the normal name is an alias.  */
| #if defined __stub_sigaltstack || defined __stub___sigaltstack
| choke me
| #endif
| 
| int
| main (void)
| {
| return sigaltstack ();
|   ;
|   return 0;
| }
configure:9804: result: no
configure:9804: checking for siginterrupt
configure:9804: /home/clang+llvm-16.0.4-x86_64-linux-gnu-ubuntu-22.04/bin/clang-16 -pthread --target=wasm32-unknown-wasi --sysroot /home/lind-wasm/glibc/sysroot -Wl,--import-memory,--export-memory,--max-memory=67108864,--export=__stack_pointer -g -O0 -o conftest -g -O2   conftest.c  >&5
In file included from conftest.c:84:
In file included from /home/clang+llvm-16.0.4-x86_64-linux-gnu-ubuntu-22.04/lib/clang/16/include/limits.h:21:
In file included from /home/lind-wasm/glibc/sysroot/include/wasm32-wasi/limits.h:195:
In file included from /home/lind-wasm/glibc/sysroot/include/wasm32-wasi/bits/posix1_lim.h:161:
/home/lind-wasm/glibc/sysroot/include/wasm32-wasi/bits/local_lim.h:38:10: fatal error: 'linux/limits.h' file not found
#include <linux/limits.h>
         ^~~~~~~~~~~~~~~~
1 error generated.
configure:9804: $? = 1
configure: failed program was:
| /* confdefs.h */
| #define PACKAGE_NAME "GNU coreutils"
| #define PACKAGE_TARNAME "coreutils"
| #define PACKAGE_VERSION "9.3"
| #define PACKAGE_STRING "GNU coreutils 9.3"
| #define PACKAGE_BUGREPORT "bug-coreutils@gnu.org"
| #define PACKAGE_URL "https://www.gnu.org/software/coreutils/"
| #define PACKAGE "coreutils"
| #define VERSION "9.3"
| #define HAVE_STDIO_H 1
| #define HAVE_STDLIB_H 1
| #define HAVE_STRING_H 1
| #define HAVE_INTTYPES_H 1
| #define HAVE_STDINT_H 1
| #define HAVE_STRINGS_H 1
| #define HAVE_SYS_STAT_H 1
| #define HAVE_SYS_TYPES_H 1
| #define HAVE_UNISTD_H 1
| #define HAVE_WCHAR_H 1
| #define HAVE_FEATURES_H 1
| #define HAVE_ERROR_H 1
| #define HAVE_FNMATCH_H 1
| #define HAVE_STDIO_EXT_H 1
| #define HAVE_SYS_VFS_H 1
| #define HAVE_GETOPT_H 1
| #define HAVE_SYS_CDEFS_H 1
| #define HAVE_TERMIOS_H 1
| #define HAVE_SYS_TIME_H 1
| #define HAVE_GRP_H 1
| #define HAVE_THREADS_H 1
| #define HAVE_ICONV_H 1
| #define HAVE_WCTYPE_H 1
| #define HAVE_LANGINFO_H 1
| #define HAVE_MATH_H 1
| #define HAVE_SYS_MMAN_H 1
| #define HAVE_SYS_STATVFS_H 1
| #define HAVE_SYS_SELECT_H 1
| #define HAVE_PTHREAD_H 1
| #define HAVE_UTMP_H 1
| #define HAVE_UTMPX_H 1
| #define HAVE_MALLOC_H 1
| #define HAVE_STDBOOL_H 1
| #define HAVE_SYS_IOCTL_H 1
| #define HAVE_SYS_RANDOM_H 1
| #define HAVE_SYS_RESOURCE_H 1
| #define HAVE_SYS_UIO_H 1
| #define HAVE_SYS_UTSNAME_H 1
| #define HAVE_SYS_WAIT_H 1
| #define HAVE_UTIME_H 1
| #define HAVE_SEMAPHORE_H 1
| #define HAVE_LINUX_FALLOC_H 1
| #define HAVE_PATHS_H 1
| #define HAVE_SYS_MTIO_H 1
| #define HAVE_SYSLOG_H 1
| #define HAVE_PWD_H 1
| #define STDC_HEADERS 1
| #define _ALL_SOURCE 1
| #define _DARWIN_C_SOURCE 1
| #define _GNU_SOURCE 1
| #define _HPUX_ALT_XOPEN_SOCKET_API 1
| #define _NETBSD_SOURCE 1
| #define _OPENBSD_SOURCE 1
| #define _POSIX_PTHREAD_SEMANTICS 1
| #define __STDC_WANT_IEC_60559_ATTRIBS_EXT__ 1
| #define __STDC_WANT_IEC_60559_BFP_EXT__ 1
| #define __STDC_WANT_IEC_60559_DFP_EXT__ 1
| #define __STDC_WANT_IEC_60559_EXT__ 1
| #define __STDC_WANT_IEC_60559_FUNCS_EXT__ 1
| #define __STDC_WANT_IEC_60559_TYPES_EXT__ 1
| #define __STDC_WANT_LIB_EXT2__ 1
| #define __STDC_WANT_MATH_SPEC_FUNCS__ 1
| #define _TANDEM_SOURCE 1
| #define __EXTENSIONS__ 1
| #define _FILE_OFFSET_BITS 64
| #define _TIME_BITS 64
| /* end confdefs.h.  */
| /* Define siginterrupt to an innocuous variant, in case <limits.h> declares siginterrupt.
|    For example, HP-UX 11i <limits.h> declares gettimeofday.  */
| #define siginterrupt innocuous_siginterrupt
| 
| /* System header to define __stub macros and hopefully few prototypes,
|    which can conflict with char siginterrupt (void); below.  */
| 
| #include <limits.h>
| #undef siginterrupt
| 
| /* Override any GCC internal prototype to avoid an error.
|    Use char because int might match the return type of a GCC
|    builtin and then its argument prototype would still apply.  */
| #ifdef __cplusplus
| extern "C"
| #endif
| char siginterrupt (void);
| /* The GNU C library defines this for functions which it implements
|     to always fail with ENOSYS.  Some functions are actually named
|     something starting with __ and the normal name is an alias.  */
| #if defined __stub_siginterrupt || defined __stub___siginterrupt
| choke me
| #endif
| 
| int
| main (void)
| {
| return siginterrupt ();
|   ;
|   return 0;
| }
configure:9804: result: no
configure:9804: checking for snprintf
configure:9804: /home/clang+llvm-16.0.4-x86_64-linux-gnu-ubuntu-22.04/bin/clang-16 -pthread --target=wasm32-unknown-wasi --sysroot /home/lind-wasm/glibc/sysroot -Wl,--import-memory,--export-memory,--max-memory=67108864,--export=__stack_pointer -g -O0 -o conftest -g -O2   conftest.c  >&5
In file included from conftest.c:84:
In file included from /home/clang+llvm-16.0.4-x86_64-linux-gnu-ubuntu-22.04/lib/clang/16/include/limits.h:21:
In file included from /home/lind-wasm/glibc/sysroot/include/wasm32-wasi/limits.h:195:
In file included from /home/lind-wasm/glibc/sysroot/include/wasm32-wasi/bits/posix1_lim.h:161:
/home/lind-wasm/glibc/sysroot/include/wasm32-wasi/bits/local_lim.h:38:10: fatal error: 'linux/limits.h' file not found
#include <linux/limits.h>
         ^~~~~~~~~~~~~~~~
1 error generated.
configure:9804: $? = 1
configure: failed program was:
| /* confdefs.h */
| #define PACKAGE_NAME "GNU coreutils"
| #define PACKAGE_TARNAME "coreutils"
| #define PACKAGE_VERSION "9.3"
| #define PACKAGE_STRING "GNU coreutils 9.3"
| #define PACKAGE_BUGREPORT "bug-coreutils@gnu.org"
| #define PACKAGE_URL "https://www.gnu.org/software/coreutils/"
| #define PACKAGE "coreutils"
| #define VERSION "9.3"
| #define HAVE_STDIO_H 1
| #define HAVE_STDLIB_H 1
| #define HAVE_STRING_H 1
| #define HAVE_INTTYPES_H 1
| #define HAVE_STDINT_H 1
| #define HAVE_STRINGS_H 1
| #define HAVE_SYS_STAT_H 1
| #define HAVE_SYS_TYPES_H 1
| #define HAVE_UNISTD_H 1
| #define HAVE_WCHAR_H 1
| #define HAVE_FEATURES_H 1
| #define HAVE_ERROR_H 1
| #define HAVE_FNMATCH_H 1
| #define HAVE_STDIO_EXT_H 1
| #define HAVE_SYS_VFS_H 1
| #define HAVE_GETOPT_H 1
| #define HAVE_SYS_CDEFS_H 1
| #define HAVE_TERMIOS_H 1
| #define HAVE_SYS_TIME_H 1
| #define HAVE_GRP_H 1
| #define HAVE_THREADS_H 1
| #define HAVE_ICONV_H 1
| #define HAVE_WCTYPE_H 1
| #define HAVE_LANGINFO_H 1
| #define HAVE_MATH_H 1
| #define HAVE_SYS_MMAN_H 1
| #define HAVE_SYS_STATVFS_H 1
| #define HAVE_SYS_SELECT_H 1
| #define HAVE_PTHREAD_H 1
| #define HAVE_UTMP_H 1
| #define HAVE_UTMPX_H 1
| #define HAVE_MALLOC_H 1
| #define HAVE_STDBOOL_H 1
| #define HAVE_SYS_IOCTL_H 1
| #define HAVE_SYS_RANDOM_H 1
| #define HAVE_SYS_RESOURCE_H 1
| #define HAVE_SYS_UIO_H 1
| #define HAVE_SYS_UTSNAME_H 1
| #define HAVE_SYS_WAIT_H 1
| #define HAVE_UTIME_H 1
| #define HAVE_SEMAPHORE_H 1
| #define HAVE_LINUX_FALLOC_H 1
| #define HAVE_PATHS_H 1
| #define HAVE_SYS_MTIO_H 1
| #define HAVE_SYSLOG_H 1
| #define HAVE_PWD_H 1
| #define STDC_HEADERS 1
| #define _ALL_SOURCE 1
| #define _DARWIN_C_SOURCE 1
| #define _GNU_SOURCE 1
| #define _HPUX_ALT_XOPEN_SOCKET_API 1
| #define _NETBSD_SOURCE 1
| #define _OPENBSD_SOURCE 1
| #define _POSIX_PTHREAD_SEMANTICS 1
| #define __STDC_WANT_IEC_60559_ATTRIBS_EXT__ 1
| #define __STDC_WANT_IEC_60559_BFP_EXT__ 1
| #define __STDC_WANT_IEC_60559_DFP_EXT__ 1
| #define __STDC_WANT_IEC_60559_EXT__ 1
| #define __STDC_WANT_IEC_60559_FUNCS_EXT__ 1
| #define __STDC_WANT_IEC_60559_TYPES_EXT__ 1
| #define __STDC_WANT_LIB_EXT2__ 1
| #define __STDC_WANT_MATH_SPEC_FUNCS__ 1
| #define _TANDEM_SOURCE 1
| #define __EXTENSIONS__ 1
| #define _FILE_OFFSET_BITS 64
| #define _TIME_BITS 64
| /* end confdefs.h.  */
| /* Define snprintf to an innocuous variant, in case <limits.h> declares snprintf.
|    For example, HP-UX 11i <limits.h> declares gettimeofday.  */
| #define snprintf innocuous_snprintf
| 
| /* System header to define __stub macros and hopefully few prototypes,
|    which can conflict with char snprintf (void); below.  */
| 
| #include <limits.h>
| #undef snprintf
| 
| /* Override any GCC internal prototype to avoid an error.
|    Use char because int might match the return type of a GCC
|    builtin and then its argument prototype would still apply.  */
| #ifdef __cplusplus
| extern "C"
| #endif
| char snprintf (void);
| /* The GNU C library defines this for functions which it implements
|     to always fail with ENOSYS.  Some functions are actually named
|     something starting with __ and the normal name is an alias.  */
| #if defined __stub_snprintf || defined __stub___snprintf
| choke me
| #endif
| 
| int
| main (void)
| {
| return snprintf ();
|   ;
|   return 0;
| }
configure:9804: result: no
configure:9804: checking for __xpg_strerror_r
configure:9804: /home/clang+llvm-16.0.4-x86_64-linux-gnu-ubuntu-22.04/bin/clang-16 -pthread --target=wasm32-unknown-wasi --sysroot /home/lind-wasm/glibc/sysroot -Wl,--import-memory,--export-memory,--max-memory=67108864,--export=__stack_pointer -g -O0 -o conftest -g -O2   conftest.c  >&5
In file included from conftest.c:84:
In file included from /home/clang+llvm-16.0.4-x86_64-linux-gnu-ubuntu-22.04/lib/clang/16/include/limits.h:21:
In file included from /home/lind-wasm/glibc/sysroot/include/wasm32-wasi/limits.h:195:
In file included from /home/lind-wasm/glibc/sysroot/include/wasm32-wasi/bits/posix1_lim.h:161:
/home/lind-wasm/glibc/sysroot/include/wasm32-wasi/bits/local_lim.h:38:10: fatal error: 'linux/limits.h' file not found
#include <linux/limits.h>
         ^~~~~~~~~~~~~~~~
1 error generated.
configure:9804: $? = 1
configure: failed program was:
| /* confdefs.h */
| #define PACKAGE_NAME "GNU coreutils"
| #define PACKAGE_TARNAME "coreutils"
| #define PACKAGE_VERSION "9.3"
| #define PACKAGE_STRING "GNU coreutils 9.3"
| #define PACKAGE_BUGREPORT "bug-coreutils@gnu.org"
| #define PACKAGE_URL "https://www.gnu.org/software/coreutils/"
| #define PACKAGE "coreutils"
| #define VERSION "9.3"
| #define HAVE_STDIO_H 1
| #define HAVE_STDLIB_H 1
| #define HAVE_STRING_H 1
| #define HAVE_INTTYPES_H 1
| #define HAVE_STDINT_H 1
| #define HAVE_STRINGS_H 1
| #define HAVE_SYS_STAT_H 1
| #define HAVE_SYS_TYPES_H 1
| #define HAVE_UNISTD_H 1
| #define HAVE_WCHAR_H 1
| #define HAVE_FEATURES_H 1
| #define HAVE_ERROR_H 1
| #define HAVE_FNMATCH_H 1
| #define HAVE_STDIO_EXT_H 1
| #define HAVE_SYS_VFS_H 1
| #define HAVE_GETOPT_H 1
| #define HAVE_SYS_CDEFS_H 1
| #define HAVE_TERMIOS_H 1
| #define HAVE_SYS_TIME_H 1
| #define HAVE_GRP_H 1
| #define HAVE_THREADS_H 1
| #define HAVE_ICONV_H 1
| #define HAVE_WCTYPE_H 1
| #define HAVE_LANGINFO_H 1
| #define HAVE_MATH_H 1
| #define HAVE_SYS_MMAN_H 1
| #define HAVE_SYS_STATVFS_H 1
| #define HAVE_SYS_SELECT_H 1
| #define HAVE_PTHREAD_H 1
| #define HAVE_UTMP_H 1
| #define HAVE_UTMPX_H 1
| #define HAVE_MALLOC_H 1
| #define HAVE_STDBOOL_H 1
| #define HAVE_SYS_IOCTL_H 1
| #define HAVE_SYS_RANDOM_H 1
| #define HAVE_SYS_RESOURCE_H 1
| #define HAVE_SYS_UIO_H 1
| #define HAVE_SYS_UTSNAME_H 1
| #define HAVE_SYS_WAIT_H 1
| #define HAVE_UTIME_H 1
| #define HAVE_SEMAPHORE_H 1
| #define HAVE_LINUX_FALLOC_H 1
| #define HAVE_PATHS_H 1
| #define HAVE_SYS_MTIO_H 1
| #define HAVE_SYSLOG_H 1
| #define HAVE_PWD_H 1
| #define STDC_HEADERS 1
| #define _ALL_SOURCE 1
| #define _DARWIN_C_SOURCE 1
| #define _GNU_SOURCE 1
| #define _HPUX_ALT_XOPEN_SOCKET_API 1
| #define _NETBSD_SOURCE 1
| #define _OPENBSD_SOURCE 1
| #define _POSIX_PTHREAD_SEMANTICS 1
| #define __STDC_WANT_IEC_60559_ATTRIBS_EXT__ 1
| #define __STDC_WANT_IEC_60559_BFP_EXT__ 1
| #define __STDC_WANT_IEC_60559_DFP_EXT__ 1
| #define __STDC_WANT_IEC_60559_EXT__ 1
| #define __STDC_WANT_IEC_60559_FUNCS_EXT__ 1
| #define __STDC_WANT_IEC_60559_TYPES_EXT__ 1
| #define __STDC_WANT_LIB_EXT2__ 1
| #define __STDC_WANT_MATH_SPEC_FUNCS__ 1
| #define _TANDEM_SOURCE 1
| #define __EXTENSIONS__ 1
| #define _FILE_OFFSET_BITS 64
| #define _TIME_BITS 64
| /* end confdefs.h.  */
| /* Define __xpg_strerror_r to an innocuous variant, in case <limits.h> declares __xpg_strerror_r.
|    For example, HP-UX 11i <limits.h> declares gettimeofday.  */
| #define __xpg_strerror_r innocuous___xpg_strerror_r
| 
| /* System header to define __stub macros and hopefully few prototypes,
|    which can conflict with char __xpg_strerror_r (void); below.  */
| 
| #include <limits.h>
| #undef __xpg_strerror_r
| 
| /* Override any GCC internal prototype to avoid an error.
|    Use char because int might match the return type of a GCC
|    builtin and then its argument prototype would still apply.  */
| #ifdef __cplusplus
| extern "C"
| #endif
| char __xpg_strerror_r (void);
| /* The GNU C library defines this for functions which it implements
|     to always fail with ENOSYS.  Some functions are actually named
|     something starting with __ and the normal name is an alias.  */
| #if defined __stub___xpg_strerror_r || defined __stub_____xpg_strerror_r
| choke me
| #endif
| 
| int
| main (void)
| {
| return __xpg_strerror_r ();
|   ;
|   return 0;
| }
configure:9804: result: no
configure:9804: checking for strtoimax
configure:9804: /home/clang+llvm-16.0.4-x86_64-linux-gnu-ubuntu-22.04/bin/clang-16 -pthread --target=wasm32-unknown-wasi --sysroot /home/lind-wasm/glibc/sysroot -Wl,--import-memory,--export-memory,--max-memory=67108864,--export=__stack_pointer -g -O0 -o conftest -g -O2   conftest.c  >&5
In file included from conftest.c:84:
In file included from /home/clang+llvm-16.0.4-x86_64-linux-gnu-ubuntu-22.04/lib/clang/16/include/limits.h:21:
In file included from /home/lind-wasm/glibc/sysroot/include/wasm32-wasi/limits.h:195:
In file included from /home/lind-wasm/glibc/sysroot/include/wasm32-wasi/bits/posix1_lim.h:161:
/home/lind-wasm/glibc/sysroot/include/wasm32-wasi/bits/local_lim.h:38:10: fatal error: 'linux/limits.h' file not found
#include <linux/limits.h>
         ^~~~~~~~~~~~~~~~
1 error generated.
configure:9804: $? = 1
configure: failed program was:
| /* confdefs.h */
| #define PACKAGE_NAME "GNU coreutils"
| #define PACKAGE_TARNAME "coreutils"
| #define PACKAGE_VERSION "9.3"
| #define PACKAGE_STRING "GNU coreutils 9.3"
| #define PACKAGE_BUGREPORT "bug-coreutils@gnu.org"
| #define PACKAGE_URL "https://www.gnu.org/software/coreutils/"
| #define PACKAGE "coreutils"
| #define VERSION "9.3"
| #define HAVE_STDIO_H 1
| #define HAVE_STDLIB_H 1
| #define HAVE_STRING_H 1
| #define HAVE_INTTYPES_H 1
| #define HAVE_STDINT_H 1
| #define HAVE_STRINGS_H 1
| #define HAVE_SYS_STAT_H 1
| #define HAVE_SYS_TYPES_H 1
| #define HAVE_UNISTD_H 1
| #define HAVE_WCHAR_H 1
| #define HAVE_FEATURES_H 1
| #define HAVE_ERROR_H 1
| #define HAVE_FNMATCH_H 1
| #define HAVE_STDIO_EXT_H 1
| #define HAVE_SYS_VFS_H 1
| #define HAVE_GETOPT_H 1
| #define HAVE_SYS_CDEFS_H 1
| #define HAVE_TERMIOS_H 1
| #define HAVE_SYS_TIME_H 1
| #define HAVE_GRP_H 1
| #define HAVE_THREADS_H 1
| #define HAVE_ICONV_H 1
| #define HAVE_WCTYPE_H 1
| #define HAVE_LANGINFO_H 1
| #define HAVE_MATH_H 1
| #define HAVE_SYS_MMAN_H 1
| #define HAVE_SYS_STATVFS_H 1
| #define HAVE_SYS_SELECT_H 1
| #define HAVE_PTHREAD_H 1
| #define HAVE_UTMP_H 1
| #define HAVE_UTMPX_H 1
| #define HAVE_MALLOC_H 1
| #define HAVE_STDBOOL_H 1
| #define HAVE_SYS_IOCTL_H 1
| #define HAVE_SYS_RANDOM_H 1
| #define HAVE_SYS_RESOURCE_H 1
| #define HAVE_SYS_UIO_H 1
| #define HAVE_SYS_UTSNAME_H 1
| #define HAVE_SYS_WAIT_H 1
| #define HAVE_UTIME_H 1
| #define HAVE_SEMAPHORE_H 1
| #define HAVE_LINUX_FALLOC_H 1
| #define HAVE_PATHS_H 1
| #define HAVE_SYS_MTIO_H 1
| #define HAVE_SYSLOG_H 1
| #define HAVE_PWD_H 1
| #define STDC_HEADERS 1
| #define _ALL_SOURCE 1
| #define _DARWIN_C_SOURCE 1
| #define _GNU_SOURCE 1
| #define _HPUX_ALT_XOPEN_SOCKET_API 1
| #define _NETBSD_SOURCE 1
| #define _OPENBSD_SOURCE 1
| #define _POSIX_PTHREAD_SEMANTICS 1
| #define __STDC_WANT_IEC_60559_ATTRIBS_EXT__ 1
| #define __STDC_WANT_IEC_60559_BFP_EXT__ 1
| #define __STDC_WANT_IEC_60559_DFP_EXT__ 1
| #define __STDC_WANT_IEC_60559_EXT__ 1
| #define __STDC_WANT_IEC_60559_FUNCS_EXT__ 1
| #define __STDC_WANT_IEC_60559_TYPES_EXT__ 1
| #define __STDC_WANT_LIB_EXT2__ 1
| #define __STDC_WANT_MATH_SPEC_FUNCS__ 1
| #define _TANDEM_SOURCE 1
| #define __EXTENSIONS__ 1
| #define _FILE_OFFSET_BITS 64
| #define _TIME_BITS 64
| /* end confdefs.h.  */
| /* Define strtoimax to an innocuous variant, in case <limits.h> declares strtoimax.
|    For example, HP-UX 11i <limits.h> declares gettimeofday.  */
| #define strtoimax innocuous_strtoimax
| 
| /* System header to define __stub macros and hopefully few prototypes,
|    which can conflict with char strtoimax (void); below.  */
| 
| #include <limits.h>
| #undef strtoimax
| 
| /* Override any GCC internal prototype to avoid an error.
|    Use char because int might match the return type of a GCC
|    builtin and then its argument prototype would still apply.  */
| #ifdef __cplusplus
| extern "C"
| #endif
| char strtoimax (void);
| /* The GNU C library defines this for functions which it implements
|     to always fail with ENOSYS.  Some functions are actually named
|     something starting with __ and the normal name is an alias.  */
| #if defined __stub_strtoimax || defined __stub___strtoimax
| choke me
| #endif
| 
| int
| main (void)
| {
| return strtoimax ();
|   ;
|   return 0;
| }
configure:9804: result: no
configure:9804: checking for strtold
configure:9804: /home/clang+llvm-16.0.4-x86_64-linux-gnu-ubuntu-22.04/bin/clang-16 -pthread --target=wasm32-unknown-wasi --sysroot /home/lind-wasm/glibc/sysroot -Wl,--import-memory,--export-memory,--max-memory=67108864,--export=__stack_pointer -g -O0 -o conftest -g -O2   conftest.c  >&5
In file included from conftest.c:84:
In file included from /home/clang+llvm-16.0.4-x86_64-linux-gnu-ubuntu-22.04/lib/clang/16/include/limits.h:21:
In file included from /home/lind-wasm/glibc/sysroot/include/wasm32-wasi/limits.h:195:
In file included from /home/lind-wasm/glibc/sysroot/include/wasm32-wasi/bits/posix1_lim.h:161:
/home/lind-wasm/glibc/sysroot/include/wasm32-wasi/bits/local_lim.h:38:10: fatal error: 'linux/limits.h' file not found
#include <linux/limits.h>
         ^~~~~~~~~~~~~~~~
1 error generated.
configure:9804: $? = 1
configure: failed program was:
| /* confdefs.h */
| #define PACKAGE_NAME "GNU coreutils"
| #define PACKAGE_TARNAME "coreutils"
| #define PACKAGE_VERSION "9.3"
| #define PACKAGE_STRING "GNU coreutils 9.3"
| #define PACKAGE_BUGREPORT "bug-coreutils@gnu.org"
| #define PACKAGE_URL "https://www.gnu.org/software/coreutils/"
| #define PACKAGE "coreutils"
| #define VERSION "9.3"
| #define HAVE_STDIO_H 1
| #define HAVE_STDLIB_H 1
| #define HAVE_STRING_H 1
| #define HAVE_INTTYPES_H 1
| #define HAVE_STDINT_H 1
| #define HAVE_STRINGS_H 1
| #define HAVE_SYS_STAT_H 1
| #define HAVE_SYS_TYPES_H 1
| #define HAVE_UNISTD_H 1
| #define HAVE_WCHAR_H 1
| #define HAVE_FEATURES_H 1
| #define HAVE_ERROR_H 1
| #define HAVE_FNMATCH_H 1
| #define HAVE_STDIO_EXT_H 1
| #define HAVE_SYS_VFS_H 1
| #define HAVE_GETOPT_H 1
| #define HAVE_SYS_CDEFS_H 1
| #define HAVE_TERMIOS_H 1
| #define HAVE_SYS_TIME_H 1
| #define HAVE_GRP_H 1
| #define HAVE_THREADS_H 1
| #define HAVE_ICONV_H 1
| #define HAVE_WCTYPE_H 1
| #define HAVE_LANGINFO_H 1
| #define HAVE_MATH_H 1
| #define HAVE_SYS_MMAN_H 1
| #define HAVE_SYS_STATVFS_H 1
| #define HAVE_SYS_SELECT_H 1
| #define HAVE_PTHREAD_H 1
| #define HAVE_UTMP_H 1
| #define HAVE_UTMPX_H 1
| #define HAVE_MALLOC_H 1
| #define HAVE_STDBOOL_H 1
| #define HAVE_SYS_IOCTL_H 1
| #define HAVE_SYS_RANDOM_H 1
| #define HAVE_SYS_RESOURCE_H 1
| #define HAVE_SYS_UIO_H 1
| #define HAVE_SYS_UTSNAME_H 1
| #define HAVE_SYS_WAIT_H 1
| #define HAVE_UTIME_H 1
| #define HAVE_SEMAPHORE_H 1
| #define HAVE_LINUX_FALLOC_H 1
| #define HAVE_PATHS_H 1
| #define HAVE_SYS_MTIO_H 1
| #define HAVE_SYSLOG_H 1
| #define HAVE_PWD_H 1
| #define STDC_HEADERS 1
| #define _ALL_SOURCE 1
| #define _DARWIN_C_SOURCE 1
| #define _GNU_SOURCE 1
| #define _HPUX_ALT_XOPEN_SOCKET_API 1
| #define _NETBSD_SOURCE 1
| #define _OPENBSD_SOURCE 1
| #define _POSIX_PTHREAD_SEMANTICS 1
| #define __STDC_WANT_IEC_60559_ATTRIBS_EXT__ 1
| #define __STDC_WANT_IEC_60559_BFP_EXT__ 1
| #define __STDC_WANT_IEC_60559_DFP_EXT__ 1
| #define __STDC_WANT_IEC_60559_EXT__ 1
| #define __STDC_WANT_IEC_60559_FUNCS_EXT__ 1
| #define __STDC_WANT_IEC_60559_TYPES_EXT__ 1
| #define __STDC_WANT_LIB_EXT2__ 1
| #define __STDC_WANT_MATH_SPEC_FUNCS__ 1
| #define _TANDEM_SOURCE 1
| #define __EXTENSIONS__ 1
| #define _FILE_OFFSET_BITS 64
| #define _TIME_BITS 64
| /* end confdefs.h.  */
| /* Define strtold to an innocuous variant, in case <limits.h> declares strtold.
|    For example, HP-UX 11i <limits.h> declares gettimeofday.  */
| #define strtold innocuous_strtold
| 
| /* System header to define __stub macros and hopefully few prototypes,
|    which can conflict with char strtold (void); below.  */
| 
| #include <limits.h>
| #undef strtold
| 
| /* Override any GCC internal prototype to avoid an error.
|    Use char because int might match the return type of a GCC
|    builtin and then its argument prototype would still apply.  */
| #ifdef __cplusplus
| extern "C"
| #endif
| char strtold (void);
| /* The GNU C library defines this for functions which it implements
|     to always fail with ENOSYS.  Some functions are actually named
|     something starting with __ and the normal name is an alias.  */
| #if defined __stub_strtold || defined __stub___strtold
| choke me
| #endif
| 
| int
| main (void)
| {
| return strtold ();
|   ;
|   return 0;
| }
configure:9804: result: no
configure:9804: checking for strtoumax
configure:9804: /home/clang+llvm-16.0.4-x86_64-linux-gnu-ubuntu-22.04/bin/clang-16 -pthread --target=wasm32-unknown-wasi --sysroot /home/lind-wasm/glibc/sysroot -Wl,--import-memory,--export-memory,--max-memory=67108864,--export=__stack_pointer -g -O0 -o conftest -g -O2   conftest.c  >&5
In file included from conftest.c:84:
In file included from /home/clang+llvm-16.0.4-x86_64-linux-gnu-ubuntu-22.04/lib/clang/16/include/limits.h:21:
In file included from /home/lind-wasm/glibc/sysroot/include/wasm32-wasi/limits.h:195:
In file included from /home/lind-wasm/glibc/sysroot/include/wasm32-wasi/bits/posix1_lim.h:161:
/home/lind-wasm/glibc/sysroot/include/wasm32-wasi/bits/local_lim.h:38:10: fatal error: 'linux/limits.h' file not found
#include <linux/limits.h>
         ^~~~~~~~~~~~~~~~
1 error generated.
configure:9804: $? = 1
configure: failed program was:
| /* confdefs.h */
| #define PACKAGE_NAME "GNU coreutils"
| #define PACKAGE_TARNAME "coreutils"
| #define PACKAGE_VERSION "9.3"
| #define PACKAGE_STRING "GNU coreutils 9.3"
| #define PACKAGE_BUGREPORT "bug-coreutils@gnu.org"
| #define PACKAGE_URL "https://www.gnu.org/software/coreutils/"
| #define PACKAGE "coreutils"
| #define VERSION "9.3"
| #define HAVE_STDIO_H 1
| #define HAVE_STDLIB_H 1
| #define HAVE_STRING_H 1
| #define HAVE_INTTYPES_H 1
| #define HAVE_STDINT_H 1
| #define HAVE_STRINGS_H 1
| #define HAVE_SYS_STAT_H 1
| #define HAVE_SYS_TYPES_H 1
| #define HAVE_UNISTD_H 1
| #define HAVE_WCHAR_H 1
| #define HAVE_FEATURES_H 1
| #define HAVE_ERROR_H 1
| #define HAVE_FNMATCH_H 1
| #define HAVE_STDIO_EXT_H 1
| #define HAVE_SYS_VFS_H 1
| #define HAVE_GETOPT_H 1
| #define HAVE_SYS_CDEFS_H 1
| #define HAVE_TERMIOS_H 1
| #define HAVE_SYS_TIME_H 1
| #define HAVE_GRP_H 1
| #define HAVE_THREADS_H 1
| #define HAVE_ICONV_H 1
| #define HAVE_WCTYPE_H 1
| #define HAVE_LANGINFO_H 1
| #define HAVE_MATH_H 1
| #define HAVE_SYS_MMAN_H 1
| #define HAVE_SYS_STATVFS_H 1
| #define HAVE_SYS_SELECT_H 1
| #define HAVE_PTHREAD_H 1
| #define HAVE_UTMP_H 1
| #define HAVE_UTMPX_H 1
| #define HAVE_MALLOC_H 1
| #define HAVE_STDBOOL_H 1
| #define HAVE_SYS_IOCTL_H 1
| #define HAVE_SYS_RANDOM_H 1
| #define HAVE_SYS_RESOURCE_H 1
| #define HAVE_SYS_UIO_H 1
| #define HAVE_SYS_UTSNAME_H 1
| #define HAVE_SYS_WAIT_H 1
| #define HAVE_UTIME_H 1
| #define HAVE_SEMAPHORE_H 1
| #define HAVE_LINUX_FALLOC_H 1
| #define HAVE_PATHS_H 1
| #define HAVE_SYS_MTIO_H 1
| #define HAVE_SYSLOG_H 1
| #define HAVE_PWD_H 1
| #define STDC_HEADERS 1
| #define _ALL_SOURCE 1
| #define _DARWIN_C_SOURCE 1
| #define _GNU_SOURCE 1
| #define _HPUX_ALT_XOPEN_SOCKET_API 1
| #define _NETBSD_SOURCE 1
| #define _OPENBSD_SOURCE 1
| #define _POSIX_PTHREAD_SEMANTICS 1
| #define __STDC_WANT_IEC_60559_ATTRIBS_EXT__ 1
| #define __STDC_WANT_IEC_60559_BFP_EXT__ 1
| #define __STDC_WANT_IEC_60559_DFP_EXT__ 1
| #define __STDC_WANT_IEC_60559_EXT__ 1
| #define __STDC_WANT_IEC_60559_FUNCS_EXT__ 1
| #define __STDC_WANT_IEC_60559_TYPES_EXT__ 1
| #define __STDC_WANT_LIB_EXT2__ 1
| #define __STDC_WANT_MATH_SPEC_FUNCS__ 1
| #define _TANDEM_SOURCE 1
| #define __EXTENSIONS__ 1
| #define _FILE_OFFSET_BITS 64
| #define _TIME_BITS 64
| /* end confdefs.h.  */
| /* Define strtoumax to an innocuous variant, in case <limits.h> declares strtoumax.
|    For example, HP-UX 11i <limits.h> declares gettimeofday.  */
| #define strtoumax innocuous_strtoumax
| 
| /* System header to define __stub macros and hopefully few prototypes,
|    which can conflict with char strtoumax (void); below.  */
| 
| #include <limits.h>
| #undef strtoumax
| 
| /* Override any GCC internal prototype to avoid an error.
|    Use char because int might match the return type of a GCC
|    builtin and then its argument prototype would still apply.  */
| #ifdef __cplusplus
| extern "C"
| #endif
| char strtoumax (void);
| /* The GNU C library defines this for functions which it implements
|     to always fail with ENOSYS.  Some functions are actually named
|     something starting with __ and the normal name is an alias.  */
| #if defined __stub_strtoumax || defined __stub___strtoumax
| choke me
| #endif
| 
| int
| main (void)
| {
| return strtoumax ();
|   ;
|   return 0;
| }
configure:9804: result: no
configure:9804: checking for localtime_r
configure:9804: /home/clang+llvm-16.0.4-x86_64-linux-gnu-ubuntu-22.04/bin/clang-16 -pthread --target=wasm32-unknown-wasi --sysroot /home/lind-wasm/glibc/sysroot -Wl,--import-memory,--export-memory,--max-memory=67108864,--export=__stack_pointer -g -O0 -o conftest -g -O2   conftest.c  >&5
In file included from conftest.c:84:
In file included from /home/clang+llvm-16.0.4-x86_64-linux-gnu-ubuntu-22.04/lib/clang/16/include/limits.h:21:
In file included from /home/lind-wasm/glibc/sysroot/include/wasm32-wasi/limits.h:195:
In file included from /home/lind-wasm/glibc/sysroot/include/wasm32-wasi/bits/posix1_lim.h:161:
/home/lind-wasm/glibc/sysroot/include/wasm32-wasi/bits/local_lim.h:38:10: fatal error: 'linux/limits.h' file not found
#include <linux/limits.h>
         ^~~~~~~~~~~~~~~~
1 error generated.
configure:9804: $? = 1
configure: failed program was:
| /* confdefs.h */
| #define PACKAGE_NAME "GNU coreutils"
| #define PACKAGE_TARNAME "coreutils"
| #define PACKAGE_VERSION "9.3"
| #define PACKAGE_STRING "GNU coreutils 9.3"
| #define PACKAGE_BUGREPORT "bug-coreutils@gnu.org"
| #define PACKAGE_URL "https://www.gnu.org/software/coreutils/"
| #define PACKAGE "coreutils"
| #define VERSION "9.3"
| #define HAVE_STDIO_H 1
| #define HAVE_STDLIB_H 1
| #define HAVE_STRING_H 1
| #define HAVE_INTTYPES_H 1
| #define HAVE_STDINT_H 1
| #define HAVE_STRINGS_H 1
| #define HAVE_SYS_STAT_H 1
| #define HAVE_SYS_TYPES_H 1
| #define HAVE_UNISTD_H 1
| #define HAVE_WCHAR_H 1
| #define HAVE_FEATURES_H 1
| #define HAVE_ERROR_H 1
| #define HAVE_FNMATCH_H 1
| #define HAVE_STDIO_EXT_H 1
| #define HAVE_SYS_VFS_H 1
| #define HAVE_GETOPT_H 1
| #define HAVE_SYS_CDEFS_H 1
| #define HAVE_TERMIOS_H 1
| #define HAVE_SYS_TIME_H 1
| #define HAVE_GRP_H 1
| #define HAVE_THREADS_H 1
| #define HAVE_ICONV_H 1
| #define HAVE_WCTYPE_H 1
| #define HAVE_LANGINFO_H 1
| #define HAVE_MATH_H 1
| #define HAVE_SYS_MMAN_H 1
| #define HAVE_SYS_STATVFS_H 1
| #define HAVE_SYS_SELECT_H 1
| #define HAVE_PTHREAD_H 1
| #define HAVE_UTMP_H 1
| #define HAVE_UTMPX_H 1
| #define HAVE_MALLOC_H 1
| #define HAVE_STDBOOL_H 1
| #define HAVE_SYS_IOCTL_H 1
| #define HAVE_SYS_RANDOM_H 1
| #define HAVE_SYS_RESOURCE_H 1
| #define HAVE_SYS_UIO_H 1
| #define HAVE_SYS_UTSNAME_H 1
| #define HAVE_SYS_WAIT_H 1
| #define HAVE_UTIME_H 1
| #define HAVE_SEMAPHORE_H 1
| #define HAVE_LINUX_FALLOC_H 1
| #define HAVE_PATHS_H 1
| #define HAVE_SYS_MTIO_H 1
| #define HAVE_SYSLOG_H 1
| #define HAVE_PWD_H 1
| #define STDC_HEADERS 1
| #define _ALL_SOURCE 1
| #define _DARWIN_C_SOURCE 1
| #define _GNU_SOURCE 1
| #define _HPUX_ALT_XOPEN_SOCKET_API 1
| #define _NETBSD_SOURCE 1
| #define _OPENBSD_SOURCE 1
| #define _POSIX_PTHREAD_SEMANTICS 1
| #define __STDC_WANT_IEC_60559_ATTRIBS_EXT__ 1
| #define __STDC_WANT_IEC_60559_BFP_EXT__ 1
| #define __STDC_WANT_IEC_60559_DFP_EXT__ 1
| #define __STDC_WANT_IEC_60559_EXT__ 1
| #define __STDC_WANT_IEC_60559_FUNCS_EXT__ 1
| #define __STDC_WANT_IEC_60559_TYPES_EXT__ 1
| #define __STDC_WANT_LIB_EXT2__ 1
| #define __STDC_WANT_MATH_SPEC_FUNCS__ 1
| #define _TANDEM_SOURCE 1
| #define __EXTENSIONS__ 1
| #define _FILE_OFFSET_BITS 64
| #define _TIME_BITS 64
| /* end confdefs.h.  */
| /* Define localtime_r to an innocuous variant, in case <limits.h> declares localtime_r.
|    For example, HP-UX 11i <limits.h> declares gettimeofday.  */
| #define localtime_r innocuous_localtime_r
| 
| /* System header to define __stub macros and hopefully few prototypes,
|    which can conflict with char localtime_r (void); below.  */
| 
| #include <limits.h>
| #undef localtime_r
| 
| /* Override any GCC internal prototype to avoid an error.
|    Use char because int might match the return type of a GCC
|    builtin and then its argument prototype would still apply.  */
| #ifdef __cplusplus
| extern "C"
| #endif
| char localtime_r (void);
| /* The GNU C library defines this for functions which it implements
|     to always fail with ENOSYS.  Some functions are actually named
|     something starting with __ and the normal name is an alias.  */
| #if defined __stub_localtime_r || defined __stub___localtime_r
| choke me
| #endif
| 
| int
| main (void)
| {
| return localtime_r ();
|   ;
|   return 0;
| }
configure:9804: result: no
configure:9804: checking for unlinkat
configure:9804: /home/clang+llvm-16.0.4-x86_64-linux-gnu-ubuntu-22.04/bin/clang-16 -pthread --target=wasm32-unknown-wasi --sysroot /home/lind-wasm/glibc/sysroot -Wl,--import-memory,--export-memory,--max-memory=67108864,--export=__stack_pointer -g -O0 -o conftest -g -O2   conftest.c  >&5
In file included from conftest.c:84:
In file included from /home/clang+llvm-16.0.4-x86_64-linux-gnu-ubuntu-22.04/lib/clang/16/include/limits.h:21:
In file included from /home/lind-wasm/glibc/sysroot/include/wasm32-wasi/limits.h:195:
In file included from /home/lind-wasm/glibc/sysroot/include/wasm32-wasi/bits/posix1_lim.h:161:
/home/lind-wasm/glibc/sysroot/include/wasm32-wasi/bits/local_lim.h:38:10: fatal error: 'linux/limits.h' file not found
#include <linux/limits.h>
         ^~~~~~~~~~~~~~~~
1 error generated.
configure:9804: $? = 1
configure: failed program was:
| /* confdefs.h */
| #define PACKAGE_NAME "GNU coreutils"
| #define PACKAGE_TARNAME "coreutils"
| #define PACKAGE_VERSION "9.3"
| #define PACKAGE_STRING "GNU coreutils 9.3"
| #define PACKAGE_BUGREPORT "bug-coreutils@gnu.org"
| #define PACKAGE_URL "https://www.gnu.org/software/coreutils/"
| #define PACKAGE "coreutils"
| #define VERSION "9.3"
| #define HAVE_STDIO_H 1
| #define HAVE_STDLIB_H 1
| #define HAVE_STRING_H 1
| #define HAVE_INTTYPES_H 1
| #define HAVE_STDINT_H 1
| #define HAVE_STRINGS_H 1
| #define HAVE_SYS_STAT_H 1
| #define HAVE_SYS_TYPES_H 1
| #define HAVE_UNISTD_H 1
| #define HAVE_WCHAR_H 1
| #define HAVE_FEATURES_H 1
| #define HAVE_ERROR_H 1
| #define HAVE_FNMATCH_H 1
| #define HAVE_STDIO_EXT_H 1
| #define HAVE_SYS_VFS_H 1
| #define HAVE_GETOPT_H 1
| #define HAVE_SYS_CDEFS_H 1
| #define HAVE_TERMIOS_H 1
| #define HAVE_SYS_TIME_H 1
| #define HAVE_GRP_H 1
| #define HAVE_THREADS_H 1
| #define HAVE_ICONV_H 1
| #define HAVE_WCTYPE_H 1
| #define HAVE_LANGINFO_H 1
| #define HAVE_MATH_H 1
| #define HAVE_SYS_MMAN_H 1
| #define HAVE_SYS_STATVFS_H 1
| #define HAVE_SYS_SELECT_H 1
| #define HAVE_PTHREAD_H 1
| #define HAVE_UTMP_H 1
| #define HAVE_UTMPX_H 1
| #define HAVE_MALLOC_H 1
| #define HAVE_STDBOOL_H 1
| #define HAVE_SYS_IOCTL_H 1
| #define HAVE_SYS_RANDOM_H 1
| #define HAVE_SYS_RESOURCE_H 1
| #define HAVE_SYS_UIO_H 1
| #define HAVE_SYS_UTSNAME_H 1
| #define HAVE_SYS_WAIT_H 1
| #define HAVE_UTIME_H 1
| #define HAVE_SEMAPHORE_H 1
| #define HAVE_LINUX_FALLOC_H 1
| #define HAVE_PATHS_H 1
| #define HAVE_SYS_MTIO_H 1
| #define HAVE_SYSLOG_H 1
| #define HAVE_PWD_H 1
| #define STDC_HEADERS 1
| #define _ALL_SOURCE 1
| #define _DARWIN_C_SOURCE 1
| #define _GNU_SOURCE 1
| #define _HPUX_ALT_XOPEN_SOCKET_API 1
| #define _NETBSD_SOURCE 1
| #define _OPENBSD_SOURCE 1
| #define _POSIX_PTHREAD_SEMANTICS 1
| #define __STDC_WANT_IEC_60559_ATTRIBS_EXT__ 1
| #define __STDC_WANT_IEC_60559_BFP_EXT__ 1
| #define __STDC_WANT_IEC_60559_DFP_EXT__ 1
| #define __STDC_WANT_IEC_60559_EXT__ 1
| #define __STDC_WANT_IEC_60559_FUNCS_EXT__ 1
| #define __STDC_WANT_IEC_60559_TYPES_EXT__ 1
| #define __STDC_WANT_LIB_EXT2__ 1
| #define __STDC_WANT_MATH_SPEC_FUNCS__ 1
| #define _TANDEM_SOURCE 1
| #define __EXTENSIONS__ 1
| #define _FILE_OFFSET_BITS 64
| #define _TIME_BITS 64
| /* end confdefs.h.  */
| /* Define unlinkat to an innocuous variant, in case <limits.h> declares unlinkat.
|    For example, HP-UX 11i <limits.h> declares gettimeofday.  */
| #define unlinkat innocuous_unlinkat
| 
| /* System header to define __stub macros and hopefully few prototypes,
|    which can conflict with char unlinkat (void); below.  */
| 
| #include <limits.h>
| #undef unlinkat
| 
| /* Override any GCC internal prototype to avoid an error.
|    Use char because int might match the return type of a GCC
|    builtin and then its argument prototype would still apply.  */
| #ifdef __cplusplus
| extern "C"
| #endif
| char unlinkat (void);
| /* The GNU C library defines this for functions which it implements
|     to always fail with ENOSYS.  Some functions are actually named
|     something starting with __ and the normal name is an alias.  */
| #if defined __stub_unlinkat || defined __stub___unlinkat
| choke me
| #endif
| 
| int
| main (void)
| {
| return unlinkat ();
|   ;
|   return 0;
| }
configure:9804: result: no
configure:9804: checking for vasnprintf
configure:9804: /home/clang+llvm-16.0.4-x86_64-linux-gnu-ubuntu-22.04/bin/clang-16 -pthread --target=wasm32-unknown-wasi --sysroot /home/lind-wasm/glibc/sysroot -Wl,--import-memory,--export-memory,--max-memory=67108864,--export=__stack_pointer -g -O0 -o conftest -g -O2   conftest.c  >&5
In file included from conftest.c:84:
In file included from /home/clang+llvm-16.0.4-x86_64-linux-gnu-ubuntu-22.04/lib/clang/16/include/limits.h:21:
In file included from /home/lind-wasm/glibc/sysroot/include/wasm32-wasi/limits.h:195:
In file included from /home/lind-wasm/glibc/sysroot/include/wasm32-wasi/bits/posix1_lim.h:161:
/home/lind-wasm/glibc/sysroot/include/wasm32-wasi/bits/local_lim.h:38:10: fatal error: 'linux/limits.h' file not found
#include <linux/limits.h>
         ^~~~~~~~~~~~~~~~
1 error generated.
configure:9804: $? = 1
configure: failed program was:
| /* confdefs.h */
| #define PACKAGE_NAME "GNU coreutils"
| #define PACKAGE_TARNAME "coreutils"
| #define PACKAGE_VERSION "9.3"
| #define PACKAGE_STRING "GNU coreutils 9.3"
| #define PACKAGE_BUGREPORT "bug-coreutils@gnu.org"
| #define PACKAGE_URL "https://www.gnu.org/software/coreutils/"
| #define PACKAGE "coreutils"
| #define VERSION "9.3"
| #define HAVE_STDIO_H 1
| #define HAVE_STDLIB_H 1
| #define HAVE_STRING_H 1
| #define HAVE_INTTYPES_H 1
| #define HAVE_STDINT_H 1
| #define HAVE_STRINGS_H 1
| #define HAVE_SYS_STAT_H 1
| #define HAVE_SYS_TYPES_H 1
| #define HAVE_UNISTD_H 1
| #define HAVE_WCHAR_H 1
| #define HAVE_FEATURES_H 1
| #define HAVE_ERROR_H 1
| #define HAVE_FNMATCH_H 1
| #define HAVE_STDIO_EXT_H 1
| #define HAVE_SYS_VFS_H 1
| #define HAVE_GETOPT_H 1
| #define HAVE_SYS_CDEFS_H 1
| #define HAVE_TERMIOS_H 1
| #define HAVE_SYS_TIME_H 1
| #define HAVE_GRP_H 1
| #define HAVE_THREADS_H 1
| #define HAVE_ICONV_H 1
| #define HAVE_WCTYPE_H 1
| #define HAVE_LANGINFO_H 1
| #define HAVE_MATH_H 1
| #define HAVE_SYS_MMAN_H 1
| #define HAVE_SYS_STATVFS_H 1
| #define HAVE_SYS_SELECT_H 1
| #define HAVE_PTHREAD_H 1
| #define HAVE_UTMP_H 1
| #define HAVE_UTMPX_H 1
| #define HAVE_MALLOC_H 1
| #define HAVE_STDBOOL_H 1
| #define HAVE_SYS_IOCTL_H 1
| #define HAVE_SYS_RANDOM_H 1
| #define HAVE_SYS_RESOURCE_H 1
| #define HAVE_SYS_UIO_H 1
| #define HAVE_SYS_UTSNAME_H 1
| #define HAVE_SYS_WAIT_H 1
| #define HAVE_UTIME_H 1
| #define HAVE_SEMAPHORE_H 1
| #define HAVE_LINUX_FALLOC_H 1
| #define HAVE_PATHS_H 1
| #define HAVE_SYS_MTIO_H 1
| #define HAVE_SYSLOG_H 1
| #define HAVE_PWD_H 1
| #define STDC_HEADERS 1
| #define _ALL_SOURCE 1
| #define _DARWIN_C_SOURCE 1
| #define _GNU_SOURCE 1
| #define _HPUX_ALT_XOPEN_SOCKET_API 1
| #define _NETBSD_SOURCE 1
| #define _OPENBSD_SOURCE 1
| #define _POSIX_PTHREAD_SEMANTICS 1
| #define __STDC_WANT_IEC_60559_ATTRIBS_EXT__ 1
| #define __STDC_WANT_IEC_60559_BFP_EXT__ 1
| #define __STDC_WANT_IEC_60559_DFP_EXT__ 1
| #define __STDC_WANT_IEC_60559_EXT__ 1
| #define __STDC_WANT_IEC_60559_FUNCS_EXT__ 1
| #define __STDC_WANT_IEC_60559_TYPES_EXT__ 1
| #define __STDC_WANT_LIB_EXT2__ 1
| #define __STDC_WANT_MATH_SPEC_FUNCS__ 1
| #define _TANDEM_SOURCE 1
| #define __EXTENSIONS__ 1
| #define _FILE_OFFSET_BITS 64
| #define _TIME_BITS 64
| /* end confdefs.h.  */
| /* Define vasnprintf to an innocuous variant, in case <limits.h> declares vasnprintf.
|    For example, HP-UX 11i <limits.h> declares gettimeofday.  */
| #define vasnprintf innocuous_vasnprintf
| 
| /* System header to define __stub macros and hopefully few prototypes,
|    which can conflict with char vasnprintf (void); below.  */
| 
| #include <limits.h>
| #undef vasnprintf
| 
| /* Override any GCC internal prototype to avoid an error.
|    Use char because int might match the return type of a GCC
|    builtin and then its argument prototype would still apply.  */
| #ifdef __cplusplus
| extern "C"
| #endif
| char vasnprintf (void);
| /* The GNU C library defines this for functions which it implements
|     to always fail with ENOSYS.  Some functions are actually named
|     something starting with __ and the normal name is an alias.  */
| #if defined __stub_vasnprintf || defined __stub___vasnprintf
| choke me
| #endif
| 
| int
| main (void)
| {
| return vasnprintf ();
|   ;
|   return 0;
| }
configure:9804: result: no
configure:9804: checking for wcrtomb
configure:9804: /home/clang+llvm-16.0.4-x86_64-linux-gnu-ubuntu-22.04/bin/clang-16 -pthread --target=wasm32-unknown-wasi --sysroot /home/lind-wasm/glibc/sysroot -Wl,--import-memory,--export-memory,--max-memory=67108864,--export=__stack_pointer -g -O0 -o conftest -g -O2   conftest.c  >&5
In file included from conftest.c:84:
In file included from /home/clang+llvm-16.0.4-x86_64-linux-gnu-ubuntu-22.04/lib/clang/16/include/limits.h:21:
In file included from /home/lind-wasm/glibc/sysroot/include/wasm32-wasi/limits.h:195:
In file included from /home/lind-wasm/glibc/sysroot/include/wasm32-wasi/bits/posix1_lim.h:161:
/home/lind-wasm/glibc/sysroot/include/wasm32-wasi/bits/local_lim.h:38:10: fatal error: 'linux/limits.h' file not found
#include <linux/limits.h>
         ^~~~~~~~~~~~~~~~
1 error generated.
configure:9804: $? = 1
configure: failed program was:
| /* confdefs.h */
| #define PACKAGE_NAME "GNU coreutils"
| #define PACKAGE_TARNAME "coreutils"
| #define PACKAGE_VERSION "9.3"
| #define PACKAGE_STRING "GNU coreutils 9.3"
| #define PACKAGE_BUGREPORT "bug-coreutils@gnu.org"
| #define PACKAGE_URL "https://www.gnu.org/software/coreutils/"
| #define PACKAGE "coreutils"
| #define VERSION "9.3"
| #define HAVE_STDIO_H 1
| #define HAVE_STDLIB_H 1
| #define HAVE_STRING_H 1
| #define HAVE_INTTYPES_H 1
| #define HAVE_STDINT_H 1
| #define HAVE_STRINGS_H 1
| #define HAVE_SYS_STAT_H 1
| #define HAVE_SYS_TYPES_H 1
| #define HAVE_UNISTD_H 1
| #define HAVE_WCHAR_H 1
| #define HAVE_FEATURES_H 1
| #define HAVE_ERROR_H 1
| #define HAVE_FNMATCH_H 1
| #define HAVE_STDIO_EXT_H 1
| #define HAVE_SYS_VFS_H 1
| #define HAVE_GETOPT_H 1
| #define HAVE_SYS_CDEFS_H 1
| #define HAVE_TERMIOS_H 1
| #define HAVE_SYS_TIME_H 1
| #define HAVE_GRP_H 1
| #define HAVE_THREADS_H 1
| #define HAVE_ICONV_H 1
| #define HAVE_WCTYPE_H 1
| #define HAVE_LANGINFO_H 1
| #define HAVE_MATH_H 1
| #define HAVE_SYS_MMAN_H 1
| #define HAVE_SYS_STATVFS_H 1
| #define HAVE_SYS_SELECT_H 1
| #define HAVE_PTHREAD_H 1
| #define HAVE_UTMP_H 1
| #define HAVE_UTMPX_H 1
| #define HAVE_MALLOC_H 1
| #define HAVE_STDBOOL_H 1
| #define HAVE_SYS_IOCTL_H 1
| #define HAVE_SYS_RANDOM_H 1
| #define HAVE_SYS_RESOURCE_H 1
| #define HAVE_SYS_UIO_H 1
| #define HAVE_SYS_UTSNAME_H 1
| #define HAVE_SYS_WAIT_H 1
| #define HAVE_UTIME_H 1
| #define HAVE_SEMAPHORE_H 1
| #define HAVE_LINUX_FALLOC_H 1
| #define HAVE_PATHS_H 1
| #define HAVE_SYS_MTIO_H 1
| #define HAVE_SYSLOG_H 1
| #define HAVE_PWD_H 1
| #define STDC_HEADERS 1
| #define _ALL_SOURCE 1
| #define _DARWIN_C_SOURCE 1
| #define _GNU_SOURCE 1
| #define _HPUX_ALT_XOPEN_SOCKET_API 1
| #define _NETBSD_SOURCE 1
| #define _OPENBSD_SOURCE 1
| #define _POSIX_PTHREAD_SEMANTICS 1
| #define __STDC_WANT_IEC_60559_ATTRIBS_EXT__ 1
| #define __STDC_WANT_IEC_60559_BFP_EXT__ 1
| #define __STDC_WANT_IEC_60559_DFP_EXT__ 1
| #define __STDC_WANT_IEC_60559_EXT__ 1
| #define __STDC_WANT_IEC_60559_FUNCS_EXT__ 1
| #define __STDC_WANT_IEC_60559_TYPES_EXT__ 1
| #define __STDC_WANT_LIB_EXT2__ 1
| #define __STDC_WANT_MATH_SPEC_FUNCS__ 1
| #define _TANDEM_SOURCE 1
| #define __EXTENSIONS__ 1
| #define _FILE_OFFSET_BITS 64
| #define _TIME_BITS 64
| /* end confdefs.h.  */
| /* Define wcrtomb to an innocuous variant, in case <limits.h> declares wcrtomb.
|    For example, HP-UX 11i <limits.h> declares gettimeofday.  */
| #define wcrtomb innocuous_wcrtomb
| 
| /* System header to define __stub macros and hopefully few prototypes,
|    which can conflict with char wcrtomb (void); below.  */
| 
| #include <limits.h>
| #undef wcrtomb
| 
| /* Override any GCC internal prototype to avoid an error.
|    Use char because int might match the return type of a GCC
|    builtin and then its argument prototype would still apply.  */
| #ifdef __cplusplus
| extern "C"
| #endif
| char wcrtomb (void);
| /* The GNU C library defines this for functions which it implements
|     to always fail with ENOSYS.  Some functions are actually named
|     something starting with __ and the normal name is an alias.  */
| #if defined __stub_wcrtomb || defined __stub___wcrtomb
| choke me
| #endif
| 
| int
| main (void)
| {
| return wcrtomb ();
|   ;
|   return 0;
| }
configure:9804: result: no
configure:9804: checking for wcwidth
configure:9804: /home/clang+llvm-16.0.4-x86_64-linux-gnu-ubuntu-22.04/bin/clang-16 -pthread --target=wasm32-unknown-wasi --sysroot /home/lind-wasm/glibc/sysroot -Wl,--import-memory,--export-memory,--max-memory=67108864,--export=__stack_pointer -g -O0 -o conftest -g -O2   conftest.c  >&5
In file included from conftest.c:84:
In file included from /home/clang+llvm-16.0.4-x86_64-linux-gnu-ubuntu-22.04/lib/clang/16/include/limits.h:21:
In file included from /home/lind-wasm/glibc/sysroot/include/wasm32-wasi/limits.h:195:
In file included from /home/lind-wasm/glibc/sysroot/include/wasm32-wasi/bits/posix1_lim.h:161:
/home/lind-wasm/glibc/sysroot/include/wasm32-wasi/bits/local_lim.h:38:10: fatal error: 'linux/limits.h' file not found
#include <linux/limits.h>
         ^~~~~~~~~~~~~~~~
1 error generated.
configure:9804: $? = 1
configure: failed program was:
| /* confdefs.h */
| #define PACKAGE_NAME "GNU coreutils"
| #define PACKAGE_TARNAME "coreutils"
| #define PACKAGE_VERSION "9.3"
| #define PACKAGE_STRING "GNU coreutils 9.3"
| #define PACKAGE_BUGREPORT "bug-coreutils@gnu.org"
| #define PACKAGE_URL "https://www.gnu.org/software/coreutils/"
| #define PACKAGE "coreutils"
| #define VERSION "9.3"
| #define HAVE_STDIO_H 1
| #define HAVE_STDLIB_H 1
| #define HAVE_STRING_H 1
| #define HAVE_INTTYPES_H 1
| #define HAVE_STDINT_H 1
| #define HAVE_STRINGS_H 1
| #define HAVE_SYS_STAT_H 1
| #define HAVE_SYS_TYPES_H 1
| #define HAVE_UNISTD_H 1
| #define HAVE_WCHAR_H 1
| #define HAVE_FEATURES_H 1
| #define HAVE_ERROR_H 1
| #define HAVE_FNMATCH_H 1
| #define HAVE_STDIO_EXT_H 1
| #define HAVE_SYS_VFS_H 1
| #define HAVE_GETOPT_H 1
| #define HAVE_SYS_CDEFS_H 1
| #define HAVE_TERMIOS_H 1
| #define HAVE_SYS_TIME_H 1
| #define HAVE_GRP_H 1
| #define HAVE_THREADS_H 1
| #define HAVE_ICONV_H 1
| #define HAVE_WCTYPE_H 1
| #define HAVE_LANGINFO_H 1
| #define HAVE_MATH_H 1
| #define HAVE_SYS_MMAN_H 1
| #define HAVE_SYS_STATVFS_H 1
| #define HAVE_SYS_SELECT_H 1
| #define HAVE_PTHREAD_H 1
| #define HAVE_UTMP_H 1
| #define HAVE_UTMPX_H 1
| #define HAVE_MALLOC_H 1
| #define HAVE_STDBOOL_H 1
| #define HAVE_SYS_IOCTL_H 1
| #define HAVE_SYS_RANDOM_H 1
| #define HAVE_SYS_RESOURCE_H 1
| #define HAVE_SYS_UIO_H 1
| #define HAVE_SYS_UTSNAME_H 1
| #define HAVE_SYS_WAIT_H 1
| #define HAVE_UTIME_H 1
| #define HAVE_SEMAPHORE_H 1
| #define HAVE_LINUX_FALLOC_H 1
| #define HAVE_PATHS_H 1
| #define HAVE_SYS_MTIO_H 1
| #define HAVE_SYSLOG_H 1
| #define HAVE_PWD_H 1
| #define STDC_HEADERS 1
| #define _ALL_SOURCE 1
| #define _DARWIN_C_SOURCE 1
| #define _GNU_SOURCE 1
| #define _HPUX_ALT_XOPEN_SOCKET_API 1
| #define _NETBSD_SOURCE 1
| #define _OPENBSD_SOURCE 1
| #define _POSIX_PTHREAD_SEMANTICS 1
| #define __STDC_WANT_IEC_60559_ATTRIBS_EXT__ 1
| #define __STDC_WANT_IEC_60559_BFP_EXT__ 1
| #define __STDC_WANT_IEC_60559_DFP_EXT__ 1
| #define __STDC_WANT_IEC_60559_EXT__ 1
| #define __STDC_WANT_IEC_60559_FUNCS_EXT__ 1
| #define __STDC_WANT_IEC_60559_TYPES_EXT__ 1
| #define __STDC_WANT_LIB_EXT2__ 1
| #define __STDC_WANT_MATH_SPEC_FUNCS__ 1
| #define _TANDEM_SOURCE 1
| #define __EXTENSIONS__ 1
| #define _FILE_OFFSET_BITS 64
| #define _TIME_BITS 64
| /* end confdefs.h.  */
| /* Define wcwidth to an innocuous variant, in case <limits.h> declares wcwidth.
|    For example, HP-UX 11i <limits.h> declares gettimeofday.  */
| #define wcwidth innocuous_wcwidth
| 
| /* System header to define __stub macros and hopefully few prototypes,
|    which can conflict with char wcwidth (void); below.  */
| 
| #include <limits.h>
| #undef wcwidth
| 
| /* Override any GCC internal prototype to avoid an error.
|    Use char because int might match the return type of a GCC
|    builtin and then its argument prototype would still apply.  */
| #ifdef __cplusplus
| extern "C"
| #endif
| char wcwidth (void);
| /* The GNU C library defines this for functions which it implements
|     to always fail with ENOSYS.  Some functions are actually named
|     something starting with __ and the normal name is an alias.  */
| #if defined __stub_wcwidth || defined __stub___wcwidth
| choke me
| #endif
| 
| int
| main (void)
| {
| return wcwidth ();
|   ;
|   return 0;
| }
configure:9804: result: no
configure:9804: checking for wcswidth
configure:9804: /home/clang+llvm-16.0.4-x86_64-linux-gnu-ubuntu-22.04/bin/clang-16 -pthread --target=wasm32-unknown-wasi --sysroot /home/lind-wasm/glibc/sysroot -Wl,--import-memory,--export-memory,--max-memory=67108864,--export=__stack_pointer -g -O0 -o conftest -g -O2   conftest.c  >&5
In file included from conftest.c:84:
In file included from /home/clang+llvm-16.0.4-x86_64-linux-gnu-ubuntu-22.04/lib/clang/16/include/limits.h:21:
In file included from /home/lind-wasm/glibc/sysroot/include/wasm32-wasi/limits.h:195:
In file included from /home/lind-wasm/glibc/sysroot/include/wasm32-wasi/bits/posix1_lim.h:161:
/home/lind-wasm/glibc/sysroot/include/wasm32-wasi/bits/local_lim.h:38:10: fatal error: 'linux/limits.h' file not found
#include <linux/limits.h>
         ^~~~~~~~~~~~~~~~
1 error generated.
configure:9804: $? = 1
configure: failed program was:
| /* confdefs.h */
| #define PACKAGE_NAME "GNU coreutils"
| #define PACKAGE_TARNAME "coreutils"
| #define PACKAGE_VERSION "9.3"
| #define PACKAGE_STRING "GNU coreutils 9.3"
| #define PACKAGE_BUGREPORT "bug-coreutils@gnu.org"
| #define PACKAGE_URL "https://www.gnu.org/software/coreutils/"
| #define PACKAGE "coreutils"
| #define VERSION "9.3"
| #define HAVE_STDIO_H 1
| #define HAVE_STDLIB_H 1
| #define HAVE_STRING_H 1
| #define HAVE_INTTYPES_H 1
| #define HAVE_STDINT_H 1
| #define HAVE_STRINGS_H 1
| #define HAVE_SYS_STAT_H 1
| #define HAVE_SYS_TYPES_H 1
| #define HAVE_UNISTD_H 1
| #define HAVE_WCHAR_H 1
| #define HAVE_FEATURES_H 1
| #define HAVE_ERROR_H 1
| #define HAVE_FNMATCH_H 1
| #define HAVE_STDIO_EXT_H 1
| #define HAVE_SYS_VFS_H 1
| #define HAVE_GETOPT_H 1
| #define HAVE_SYS_CDEFS_H 1
| #define HAVE_TERMIOS_H 1
| #define HAVE_SYS_TIME_H 1
| #define HAVE_GRP_H 1
| #define HAVE_THREADS_H 1
| #define HAVE_ICONV_H 1
| #define HAVE_WCTYPE_H 1
| #define HAVE_LANGINFO_H 1
| #define HAVE_MATH_H 1
| #define HAVE_SYS_MMAN_H 1
| #define HAVE_SYS_STATVFS_H 1
| #define HAVE_SYS_SELECT_H 1
| #define HAVE_PTHREAD_H 1
| #define HAVE_UTMP_H 1
| #define HAVE_UTMPX_H 1
| #define HAVE_MALLOC_H 1
| #define HAVE_STDBOOL_H 1
| #define HAVE_SYS_IOCTL_H 1
| #define HAVE_SYS_RANDOM_H 1
| #define HAVE_SYS_RESOURCE_H 1
| #define HAVE_SYS_UIO_H 1
| #define HAVE_SYS_UTSNAME_H 1
| #define HAVE_SYS_WAIT_H 1
| #define HAVE_UTIME_H 1
| #define HAVE_SEMAPHORE_H 1
| #define HAVE_LINUX_FALLOC_H 1
| #define HAVE_PATHS_H 1
| #define HAVE_SYS_MTIO_H 1
| #define HAVE_SYSLOG_H 1
| #define HAVE_PWD_H 1
| #define STDC_HEADERS 1
| #define _ALL_SOURCE 1
| #define _DARWIN_C_SOURCE 1
| #define _GNU_SOURCE 1
| #define _HPUX_ALT_XOPEN_SOCKET_API 1
| #define _NETBSD_SOURCE 1
| #define _OPENBSD_SOURCE 1
| #define _POSIX_PTHREAD_SEMANTICS 1
| #define __STDC_WANT_IEC_60559_ATTRIBS_EXT__ 1
| #define __STDC_WANT_IEC_60559_BFP_EXT__ 1
| #define __STDC_WANT_IEC_60559_DFP_EXT__ 1
| #define __STDC_WANT_IEC_60559_EXT__ 1
| #define __STDC_WANT_IEC_60559_FUNCS_EXT__ 1
| #define __STDC_WANT_IEC_60559_TYPES_EXT__ 1
| #define __STDC_WANT_LIB_EXT2__ 1
| #define __STDC_WANT_MATH_SPEC_FUNCS__ 1
| #define _TANDEM_SOURCE 1
| #define __EXTENSIONS__ 1
| #define _FILE_OFFSET_BITS 64
| #define _TIME_BITS 64
| /* end confdefs.h.  */
| /* Define wcswidth to an innocuous variant, in case <limits.h> declares wcswidth.
|    For example, HP-UX 11i <limits.h> declares gettimeofday.  */
| #define wcswidth innocuous_wcswidth
| 
| /* System header to define __stub macros and hopefully few prototypes,
|    which can conflict with char wcswidth (void); below.  */
| 
| #include <limits.h>
| #undef wcswidth
| 
| /* Override any GCC internal prototype to avoid an error.
|    Use char because int might match the return type of a GCC
|    builtin and then its argument prototype would still apply.  */
| #ifdef __cplusplus
| extern "C"
| #endif
| char wcswidth (void);
| /* The GNU C library defines this for functions which it implements
|     to always fail with ENOSYS.  Some functions are actually named
|     something starting with __ and the normal name is an alias.  */
| #if defined __stub_wcswidth || defined __stub___wcswidth
| choke me
| #endif
| 
| int
| main (void)
| {
| return wcswidth ();
|   ;
|   return 0;
| }
configure:9804: result: no
configure:9804: checking for pause
configure:9804: /home/clang+llvm-16.0.4-x86_64-linux-gnu-ubuntu-22.04/bin/clang-16 -pthread --target=wasm32-unknown-wasi --sysroot /home/lind-wasm/glibc/sysroot -Wl,--import-memory,--export-memory,--max-memory=67108864,--export=__stack_pointer -g -O0 -o conftest -g -O2   conftest.c  >&5
In file included from conftest.c:84:
In file included from /home/clang+llvm-16.0.4-x86_64-linux-gnu-ubuntu-22.04/lib/clang/16/include/limits.h:21:
In file included from /home/lind-wasm/glibc/sysroot/include/wasm32-wasi/limits.h:195:
In file included from /home/lind-wasm/glibc/sysroot/include/wasm32-wasi/bits/posix1_lim.h:161:
/home/lind-wasm/glibc/sysroot/include/wasm32-wasi/bits/local_lim.h:38:10: fatal error: 'linux/limits.h' file not found
#include <linux/limits.h>
         ^~~~~~~~~~~~~~~~
1 error generated.
configure:9804: $? = 1
configure: failed program was:
| /* confdefs.h */
| #define PACKAGE_NAME "GNU coreutils"
| #define PACKAGE_TARNAME "coreutils"
| #define PACKAGE_VERSION "9.3"
| #define PACKAGE_STRING "GNU coreutils 9.3"
| #define PACKAGE_BUGREPORT "bug-coreutils@gnu.org"
| #define PACKAGE_URL "https://www.gnu.org/software/coreutils/"
| #define PACKAGE "coreutils"
| #define VERSION "9.3"
| #define HAVE_STDIO_H 1
| #define HAVE_STDLIB_H 1
| #define HAVE_STRING_H 1
| #define HAVE_INTTYPES_H 1
| #define HAVE_STDINT_H 1
| #define HAVE_STRINGS_H 1
| #define HAVE_SYS_STAT_H 1
| #define HAVE_SYS_TYPES_H 1
| #define HAVE_UNISTD_H 1
| #define HAVE_WCHAR_H 1
| #define HAVE_FEATURES_H 1
| #define HAVE_ERROR_H 1
| #define HAVE_FNMATCH_H 1
| #define HAVE_STDIO_EXT_H 1
| #define HAVE_SYS_VFS_H 1
| #define HAVE_GETOPT_H 1
| #define HAVE_SYS_CDEFS_H 1
| #define HAVE_TERMIOS_H 1
| #define HAVE_SYS_TIME_H 1
| #define HAVE_GRP_H 1
| #define HAVE_THREADS_H 1
| #define HAVE_ICONV_H 1
| #define HAVE_WCTYPE_H 1
| #define HAVE_LANGINFO_H 1
| #define HAVE_MATH_H 1
| #define HAVE_SYS_MMAN_H 1
| #define HAVE_SYS_STATVFS_H 1
| #define HAVE_SYS_SELECT_H 1
| #define HAVE_PTHREAD_H 1
| #define HAVE_UTMP_H 1
| #define HAVE_UTMPX_H 1
| #define HAVE_MALLOC_H 1
| #define HAVE_STDBOOL_H 1
| #define HAVE_SYS_IOCTL_H 1
| #define HAVE_SYS_RANDOM_H 1
| #define HAVE_SYS_RESOURCE_H 1
| #define HAVE_SYS_UIO_H 1
| #define HAVE_SYS_UTSNAME_H 1
| #define HAVE_SYS_WAIT_H 1
| #define HAVE_UTIME_H 1
| #define HAVE_SEMAPHORE_H 1
| #define HAVE_LINUX_FALLOC_H 1
| #define HAVE_PATHS_H 1
| #define HAVE_SYS_MTIO_H 1
| #define HAVE_SYSLOG_H 1
| #define HAVE_PWD_H 1
| #define STDC_HEADERS 1
| #define _ALL_SOURCE 1
| #define _DARWIN_C_SOURCE 1
| #define _GNU_SOURCE 1
| #define _HPUX_ALT_XOPEN_SOCKET_API 1
| #define _NETBSD_SOURCE 1
| #define _OPENBSD_SOURCE 1
| #define _POSIX_PTHREAD_SEMANTICS 1
| #define __STDC_WANT_IEC_60559_ATTRIBS_EXT__ 1
| #define __STDC_WANT_IEC_60559_BFP_EXT__ 1
| #define __STDC_WANT_IEC_60559_DFP_EXT__ 1
| #define __STDC_WANT_IEC_60559_EXT__ 1
| #define __STDC_WANT_IEC_60559_FUNCS_EXT__ 1
| #define __STDC_WANT_IEC_60559_TYPES_EXT__ 1
| #define __STDC_WANT_LIB_EXT2__ 1
| #define __STDC_WANT_MATH_SPEC_FUNCS__ 1
| #define _TANDEM_SOURCE 1
| #define __EXTENSIONS__ 1
| #define _FILE_OFFSET_BITS 64
| #define _TIME_BITS 64
| /* end confdefs.h.  */
| /* Define pause to an innocuous variant, in case <limits.h> declares pause.
|    For example, HP-UX 11i <limits.h> declares gettimeofday.  */
| #define pause innocuous_pause
| 
| /* System header to define __stub macros and hopefully few prototypes,
|    which can conflict with char pause (void); below.  */
| 
| #include <limits.h>
| #undef pause
| 
| /* Override any GCC internal prototype to avoid an error.
|    Use char because int might match the return type of a GCC
|    builtin and then its argument prototype would still apply.  */
| #ifdef __cplusplus
| extern "C"
| #endif
| char pause (void);
| /* The GNU C library defines this for functions which it implements
|     to always fail with ENOSYS.  Some functions are actually named
|     something starting with __ and the normal name is an alias.  */
| #if defined __stub_pause || defined __stub___pause
| choke me
| #endif
| 
| int
| main (void)
| {
| return pause ();
|   ;
|   return 0;
| }
configure:9804: result: no
configure:9804: checking for getrusage
configure:9804: /home/clang+llvm-16.0.4-x86_64-linux-gnu-ubuntu-22.04/bin/clang-16 -pthread --target=wasm32-unknown-wasi --sysroot /home/lind-wasm/glibc/sysroot -Wl,--import-memory,--export-memory,--max-memory=67108864,--export=__stack_pointer -g -O0 -o conftest -g -O2   conftest.c  >&5
In file included from conftest.c:84:
In file included from /home/clang+llvm-16.0.4-x86_64-linux-gnu-ubuntu-22.04/lib/clang/16/include/limits.h:21:
In file included from /home/lind-wasm/glibc/sysroot/include/wasm32-wasi/limits.h:195:
In file included from /home/lind-wasm/glibc/sysroot/include/wasm32-wasi/bits/posix1_lim.h:161:
/home/lind-wasm/glibc/sysroot/include/wasm32-wasi/bits/local_lim.h:38:10: fatal error: 'linux/limits.h' file not found
#include <linux/limits.h>
         ^~~~~~~~~~~~~~~~
1 error generated.
configure:9804: $? = 1
configure: failed program was:
| /* confdefs.h */
| #define PACKAGE_NAME "GNU coreutils"
| #define PACKAGE_TARNAME "coreutils"
| #define PACKAGE_VERSION "9.3"
| #define PACKAGE_STRING "GNU coreutils 9.3"
| #define PACKAGE_BUGREPORT "bug-coreutils@gnu.org"
| #define PACKAGE_URL "https://www.gnu.org/software/coreutils/"
| #define PACKAGE "coreutils"
| #define VERSION "9.3"
| #define HAVE_STDIO_H 1
| #define HAVE_STDLIB_H 1
| #define HAVE_STRING_H 1
| #define HAVE_INTTYPES_H 1
| #define HAVE_STDINT_H 1
| #define HAVE_STRINGS_H 1
| #define HAVE_SYS_STAT_H 1
| #define HAVE_SYS_TYPES_H 1
| #define HAVE_UNISTD_H 1
| #define HAVE_WCHAR_H 1
| #define HAVE_FEATURES_H 1
| #define HAVE_ERROR_H 1
| #define HAVE_FNMATCH_H 1
| #define HAVE_STDIO_EXT_H 1
| #define HAVE_SYS_VFS_H 1
| #define HAVE_GETOPT_H 1
| #define HAVE_SYS_CDEFS_H 1
| #define HAVE_TERMIOS_H 1
| #define HAVE_SYS_TIME_H 1
| #define HAVE_GRP_H 1
| #define HAVE_THREADS_H 1
| #define HAVE_ICONV_H 1
| #define HAVE_WCTYPE_H 1
| #define HAVE_LANGINFO_H 1
| #define HAVE_MATH_H 1
| #define HAVE_SYS_MMAN_H 1
| #define HAVE_SYS_STATVFS_H 1
| #define HAVE_SYS_SELECT_H 1
| #define HAVE_PTHREAD_H 1
| #define HAVE_UTMP_H 1
| #define HAVE_UTMPX_H 1
| #define HAVE_MALLOC_H 1
| #define HAVE_STDBOOL_H 1
| #define HAVE_SYS_IOCTL_H 1
| #define HAVE_SYS_RANDOM_H 1
| #define HAVE_SYS_RESOURCE_H 1
| #define HAVE_SYS_UIO_H 1
| #define HAVE_SYS_UTSNAME_H 1
| #define HAVE_SYS_WAIT_H 1
| #define HAVE_UTIME_H 1
| #define HAVE_SEMAPHORE_H 1
| #define HAVE_LINUX_FALLOC_H 1
| #define HAVE_PATHS_H 1
| #define HAVE_SYS_MTIO_H 1
| #define HAVE_SYSLOG_H 1
| #define HAVE_PWD_H 1
| #define STDC_HEADERS 1
| #define _ALL_SOURCE 1
| #define _DARWIN_C_SOURCE 1
| #define _GNU_SOURCE 1
| #define _HPUX_ALT_XOPEN_SOCKET_API 1
| #define _NETBSD_SOURCE 1
| #define _OPENBSD_SOURCE 1
| #define _POSIX_PTHREAD_SEMANTICS 1
| #define __STDC_WANT_IEC_60559_ATTRIBS_EXT__ 1
| #define __STDC_WANT_IEC_60559_BFP_EXT__ 1
| #define __STDC_WANT_IEC_60559_DFP_EXT__ 1
| #define __STDC_WANT_IEC_60559_EXT__ 1
| #define __STDC_WANT_IEC_60559_FUNCS_EXT__ 1
| #define __STDC_WANT_IEC_60559_TYPES_EXT__ 1
| #define __STDC_WANT_LIB_EXT2__ 1
| #define __STDC_WANT_MATH_SPEC_FUNCS__ 1
| #define _TANDEM_SOURCE 1
| #define __EXTENSIONS__ 1
| #define _FILE_OFFSET_BITS 64
| #define _TIME_BITS 64
| /* end confdefs.h.  */
| /* Define getrusage to an innocuous variant, in case <limits.h> declares getrusage.
|    For example, HP-UX 11i <limits.h> declares gettimeofday.  */
| #define getrusage innocuous_getrusage
| 
| /* System header to define __stub macros and hopefully few prototypes,
|    which can conflict with char getrusage (void); below.  */
| 
| #include <limits.h>
| #undef getrusage
| 
| /* Override any GCC internal prototype to avoid an error.
|    Use char because int might match the return type of a GCC
|    builtin and then its argument prototype would still apply.  */
| #ifdef __cplusplus
| extern "C"
| #endif
| char getrusage (void);
| /* The GNU C library defines this for functions which it implements
|     to always fail with ENOSYS.  Some functions are actually named
|     something starting with __ and the normal name is an alias.  */
| #if defined __stub_getrusage || defined __stub___getrusage
| choke me
| #endif
| 
| int
| main (void)
| {
| return getrusage ();
|   ;
|   return 0;
| }
configure:9804: result: no
configure:9804: checking for sleep
configure:9804: /home/clang+llvm-16.0.4-x86_64-linux-gnu-ubuntu-22.04/bin/clang-16 -pthread --target=wasm32-unknown-wasi --sysroot /home/lind-wasm/glibc/sysroot -Wl,--import-memory,--export-memory,--max-memory=67108864,--export=__stack_pointer -g -O0 -o conftest -g -O2   conftest.c  >&5
In file included from conftest.c:84:
In file included from /home/clang+llvm-16.0.4-x86_64-linux-gnu-ubuntu-22.04/lib/clang/16/include/limits.h:21:
In file included from /home/lind-wasm/glibc/sysroot/include/wasm32-wasi/limits.h:195:
In file included from /home/lind-wasm/glibc/sysroot/include/wasm32-wasi/bits/posix1_lim.h:161:
/home/lind-wasm/glibc/sysroot/include/wasm32-wasi/bits/local_lim.h:38:10: fatal error: 'linux/limits.h' file not found
#include <linux/limits.h>
         ^~~~~~~~~~~~~~~~
1 error generated.
configure:9804: $? = 1
configure: failed program was:
| /* confdefs.h */
| #define PACKAGE_NAME "GNU coreutils"
| #define PACKAGE_TARNAME "coreutils"
| #define PACKAGE_VERSION "9.3"
| #define PACKAGE_STRING "GNU coreutils 9.3"
| #define PACKAGE_BUGREPORT "bug-coreutils@gnu.org"
| #define PACKAGE_URL "https://www.gnu.org/software/coreutils/"
| #define PACKAGE "coreutils"
| #define VERSION "9.3"
| #define HAVE_STDIO_H 1
| #define HAVE_STDLIB_H 1
| #define HAVE_STRING_H 1
| #define HAVE_INTTYPES_H 1
| #define HAVE_STDINT_H 1
| #define HAVE_STRINGS_H 1
| #define HAVE_SYS_STAT_H 1
| #define HAVE_SYS_TYPES_H 1
| #define HAVE_UNISTD_H 1
| #define HAVE_WCHAR_H 1
| #define HAVE_FEATURES_H 1
| #define HAVE_ERROR_H 1
| #define HAVE_FNMATCH_H 1
| #define HAVE_STDIO_EXT_H 1
| #define HAVE_SYS_VFS_H 1
| #define HAVE_GETOPT_H 1
| #define HAVE_SYS_CDEFS_H 1
| #define HAVE_TERMIOS_H 1
| #define HAVE_SYS_TIME_H 1
| #define HAVE_GRP_H 1
| #define HAVE_THREADS_H 1
| #define HAVE_ICONV_H 1
| #define HAVE_WCTYPE_H 1
| #define HAVE_LANGINFO_H 1
| #define HAVE_MATH_H 1
| #define HAVE_SYS_MMAN_H 1
| #define HAVE_SYS_STATVFS_H 1
| #define HAVE_SYS_SELECT_H 1
| #define HAVE_PTHREAD_H 1
| #define HAVE_UTMP_H 1
| #define HAVE_UTMPX_H 1
| #define HAVE_MALLOC_H 1
| #define HAVE_STDBOOL_H 1
| #define HAVE_SYS_IOCTL_H 1
| #define HAVE_SYS_RANDOM_H 1
| #define HAVE_SYS_RESOURCE_H 1
| #define HAVE_SYS_UIO_H 1
| #define HAVE_SYS_UTSNAME_H 1
| #define HAVE_SYS_WAIT_H 1
| #define HAVE_UTIME_H 1
| #define HAVE_SEMAPHORE_H 1
| #define HAVE_LINUX_FALLOC_H 1
| #define HAVE_PATHS_H 1
| #define HAVE_SYS_MTIO_H 1
| #define HAVE_SYSLOG_H 1
| #define HAVE_PWD_H 1
| #define STDC_HEADERS 1
| #define _ALL_SOURCE 1
| #define _DARWIN_C_SOURCE 1
| #define _GNU_SOURCE 1
| #define _HPUX_ALT_XOPEN_SOCKET_API 1
| #define _NETBSD_SOURCE 1
| #define _OPENBSD_SOURCE 1
| #define _POSIX_PTHREAD_SEMANTICS 1
| #define __STDC_WANT_IEC_60559_ATTRIBS_EXT__ 1
| #define __STDC_WANT_IEC_60559_BFP_EXT__ 1
| #define __STDC_WANT_IEC_60559_DFP_EXT__ 1
| #define __STDC_WANT_IEC_60559_EXT__ 1
| #define __STDC_WANT_IEC_60559_FUNCS_EXT__ 1
| #define __STDC_WANT_IEC_60559_TYPES_EXT__ 1
| #define __STDC_WANT_LIB_EXT2__ 1
| #define __STDC_WANT_MATH_SPEC_FUNCS__ 1
| #define _TANDEM_SOURCE 1
| #define __EXTENSIONS__ 1
| #define _FILE_OFFSET_BITS 64
| #define _TIME_BITS 64
| /* end confdefs.h.  */
| /* Define sleep to an innocuous variant, in case <limits.h> declares sleep.
|    For example, HP-UX 11i <limits.h> declares gettimeofday.  */
| #define sleep innocuous_sleep
| 
| /* System header to define __stub macros and hopefully few prototypes,
|    which can conflict with char sleep (void); below.  */
| 
| #include <limits.h>
| #undef sleep
| 
| /* Override any GCC internal prototype to avoid an error.
|    Use char because int might match the return type of a GCC
|    builtin and then its argument prototype would still apply.  */
| #ifdef __cplusplus
| extern "C"
| #endif
| char sleep (void);
| /* The GNU C library defines this for functions which it implements
|     to always fail with ENOSYS.  Some functions are actually named
|     something starting with __ and the normal name is an alias.  */
| #if defined __stub_sleep || defined __stub___sleep
| choke me
| #endif
| 
| int
| main (void)
| {
| return sleep ();
|   ;
|   return 0;
| }
configure:9804: result: no
configure:9804: checking for shutdown
configure:9804: /home/clang+llvm-16.0.4-x86_64-linux-gnu-ubuntu-22.04/bin/clang-16 -pthread --target=wasm32-unknown-wasi --sysroot /home/lind-wasm/glibc/sysroot -Wl,--import-memory,--export-memory,--max-memory=67108864,--export=__stack_pointer -g -O0 -o conftest -g -O2   conftest.c  >&5
In file included from conftest.c:84:
In file included from /home/clang+llvm-16.0.4-x86_64-linux-gnu-ubuntu-22.04/lib/clang/16/include/limits.h:21:
In file included from /home/lind-wasm/glibc/sysroot/include/wasm32-wasi/limits.h:195:
In file included from /home/lind-wasm/glibc/sysroot/include/wasm32-wasi/bits/posix1_lim.h:161:
/home/lind-wasm/glibc/sysroot/include/wasm32-wasi/bits/local_lim.h:38:10: fatal error: 'linux/limits.h' file not found
#include <linux/limits.h>
         ^~~~~~~~~~~~~~~~
1 error generated.
configure:9804: $? = 1
configure: failed program was:
| /* confdefs.h */
| #define PACKAGE_NAME "GNU coreutils"
| #define PACKAGE_TARNAME "coreutils"
| #define PACKAGE_VERSION "9.3"
| #define PACKAGE_STRING "GNU coreutils 9.3"
| #define PACKAGE_BUGREPORT "bug-coreutils@gnu.org"
| #define PACKAGE_URL "https://www.gnu.org/software/coreutils/"
| #define PACKAGE "coreutils"
| #define VERSION "9.3"
| #define HAVE_STDIO_H 1
| #define HAVE_STDLIB_H 1
| #define HAVE_STRING_H 1
| #define HAVE_INTTYPES_H 1
| #define HAVE_STDINT_H 1
| #define HAVE_STRINGS_H 1
| #define HAVE_SYS_STAT_H 1
| #define HAVE_SYS_TYPES_H 1
| #define HAVE_UNISTD_H 1
| #define HAVE_WCHAR_H 1
| #define HAVE_FEATURES_H 1
| #define HAVE_ERROR_H 1
| #define HAVE_FNMATCH_H 1
| #define HAVE_STDIO_EXT_H 1
| #define HAVE_SYS_VFS_H 1
| #define HAVE_GETOPT_H 1
| #define HAVE_SYS_CDEFS_H 1
| #define HAVE_TERMIOS_H 1
| #define HAVE_SYS_TIME_H 1
| #define HAVE_GRP_H 1
| #define HAVE_THREADS_H 1
| #define HAVE_ICONV_H 1
| #define HAVE_WCTYPE_H 1
| #define HAVE_LANGINFO_H 1
| #define HAVE_MATH_H 1
| #define HAVE_SYS_MMAN_H 1
| #define HAVE_SYS_STATVFS_H 1
| #define HAVE_SYS_SELECT_H 1
| #define HAVE_PTHREAD_H 1
| #define HAVE_UTMP_H 1
| #define HAVE_UTMPX_H 1
| #define HAVE_MALLOC_H 1
| #define HAVE_STDBOOL_H 1
| #define HAVE_SYS_IOCTL_H 1
| #define HAVE_SYS_RANDOM_H 1
| #define HAVE_SYS_RESOURCE_H 1
| #define HAVE_SYS_UIO_H 1
| #define HAVE_SYS_UTSNAME_H 1
| #define HAVE_SYS_WAIT_H 1
| #define HAVE_UTIME_H 1
| #define HAVE_SEMAPHORE_H 1
| #define HAVE_LINUX_FALLOC_H 1
| #define HAVE_PATHS_H 1
| #define HAVE_SYS_MTIO_H 1
| #define HAVE_SYSLOG_H 1
| #define HAVE_PWD_H 1
| #define STDC_HEADERS 1
| #define _ALL_SOURCE 1
| #define _DARWIN_C_SOURCE 1
| #define _GNU_SOURCE 1
| #define _HPUX_ALT_XOPEN_SOCKET_API 1
| #define _NETBSD_SOURCE 1
| #define _OPENBSD_SOURCE 1
| #define _POSIX_PTHREAD_SEMANTICS 1
| #define __STDC_WANT_IEC_60559_ATTRIBS_EXT__ 1
| #define __STDC_WANT_IEC_60559_BFP_EXT__ 1
| #define __STDC_WANT_IEC_60559_DFP_EXT__ 1
| #define __STDC_WANT_IEC_60559_EXT__ 1
| #define __STDC_WANT_IEC_60559_FUNCS_EXT__ 1
| #define __STDC_WANT_IEC_60559_TYPES_EXT__ 1
| #define __STDC_WANT_LIB_EXT2__ 1
| #define __STDC_WANT_MATH_SPEC_FUNCS__ 1
| #define _TANDEM_SOURCE 1
| #define __EXTENSIONS__ 1
| #define _FILE_OFFSET_BITS 64
| #define _TIME_BITS 64
| /* end confdefs.h.  */
| /* Define shutdown to an innocuous variant, in case <limits.h> declares shutdown.
|    For example, HP-UX 11i <limits.h> declares gettimeofday.  */
| #define shutdown innocuous_shutdown
| 
| /* System header to define __stub macros and hopefully few prototypes,
|    which can conflict with char shutdown (void); below.  */
| 
| #include <limits.h>
| #undef shutdown
| 
| /* Override any GCC internal prototype to avoid an error.
|    Use char because int might match the return type of a GCC
|    builtin and then its argument prototype would still apply.  */
| #ifdef __cplusplus
| extern "C"
| #endif
| char shutdown (void);
| /* The GNU C library defines this for functions which it implements
|     to always fail with ENOSYS.  Some functions are actually named
|     something starting with __ and the normal name is an alias.  */
| #if defined __stub_shutdown || defined __stub___shutdown
| choke me
| #endif
| 
| int
| main (void)
| {
| return shutdown ();
|   ;
|   return 0;
| }
configure:9804: result: no
configure:9804: checking for usleep
configure:9804: /home/clang+llvm-16.0.4-x86_64-linux-gnu-ubuntu-22.04/bin/clang-16 -pthread --target=wasm32-unknown-wasi --sysroot /home/lind-wasm/glibc/sysroot -Wl,--import-memory,--export-memory,--max-memory=67108864,--export=__stack_pointer -g -O0 -o conftest -g -O2   conftest.c  >&5
In file included from conftest.c:84:
In file included from /home/clang+llvm-16.0.4-x86_64-linux-gnu-ubuntu-22.04/lib/clang/16/include/limits.h:21:
In file included from /home/lind-wasm/glibc/sysroot/include/wasm32-wasi/limits.h:195:
In file included from /home/lind-wasm/glibc/sysroot/include/wasm32-wasi/bits/posix1_lim.h:161:
/home/lind-wasm/glibc/sysroot/include/wasm32-wasi/bits/local_lim.h:38:10: fatal error: 'linux/limits.h' file not found
#include <linux/limits.h>
         ^~~~~~~~~~~~~~~~
1 error generated.
configure:9804: $? = 1
configure: failed program was:
| /* confdefs.h */
| #define PACKAGE_NAME "GNU coreutils"
| #define PACKAGE_TARNAME "coreutils"
| #define PACKAGE_VERSION "9.3"
| #define PACKAGE_STRING "GNU coreutils 9.3"
| #define PACKAGE_BUGREPORT "bug-coreutils@gnu.org"
| #define PACKAGE_URL "https://www.gnu.org/software/coreutils/"
| #define PACKAGE "coreutils"
| #define VERSION "9.3"
| #define HAVE_STDIO_H 1
| #define HAVE_STDLIB_H 1
| #define HAVE_STRING_H 1
| #define HAVE_INTTYPES_H 1
| #define HAVE_STDINT_H 1
| #define HAVE_STRINGS_H 1
| #define HAVE_SYS_STAT_H 1
| #define HAVE_SYS_TYPES_H 1
| #define HAVE_UNISTD_H 1
| #define HAVE_WCHAR_H 1
| #define HAVE_FEATURES_H 1
| #define HAVE_ERROR_H 1
| #define HAVE_FNMATCH_H 1
| #define HAVE_STDIO_EXT_H 1
| #define HAVE_SYS_VFS_H 1
| #define HAVE_GETOPT_H 1
| #define HAVE_SYS_CDEFS_H 1
| #define HAVE_TERMIOS_H 1
| #define HAVE_SYS_TIME_H 1
| #define HAVE_GRP_H 1
| #define HAVE_THREADS_H 1
| #define HAVE_ICONV_H 1
| #define HAVE_WCTYPE_H 1
| #define HAVE_LANGINFO_H 1
| #define HAVE_MATH_H 1
| #define HAVE_SYS_MMAN_H 1
| #define HAVE_SYS_STATVFS_H 1
| #define HAVE_SYS_SELECT_H 1
| #define HAVE_PTHREAD_H 1
| #define HAVE_UTMP_H 1
| #define HAVE_UTMPX_H 1
| #define HAVE_MALLOC_H 1
| #define HAVE_STDBOOL_H 1
| #define HAVE_SYS_IOCTL_H 1
| #define HAVE_SYS_RANDOM_H 1
| #define HAVE_SYS_RESOURCE_H 1
| #define HAVE_SYS_UIO_H 1
| #define HAVE_SYS_UTSNAME_H 1
| #define HAVE_SYS_WAIT_H 1
| #define HAVE_UTIME_H 1
| #define HAVE_SEMAPHORE_H 1
| #define HAVE_LINUX_FALLOC_H 1
| #define HAVE_PATHS_H 1
| #define HAVE_SYS_MTIO_H 1
| #define HAVE_SYSLOG_H 1
| #define HAVE_PWD_H 1
| #define STDC_HEADERS 1
| #define _ALL_SOURCE 1
| #define _DARWIN_C_SOURCE 1
| #define _GNU_SOURCE 1
| #define _HPUX_ALT_XOPEN_SOCKET_API 1
| #define _NETBSD_SOURCE 1
| #define _OPENBSD_SOURCE 1
| #define _POSIX_PTHREAD_SEMANTICS 1
| #define __STDC_WANT_IEC_60559_ATTRIBS_EXT__ 1
| #define __STDC_WANT_IEC_60559_BFP_EXT__ 1
| #define __STDC_WANT_IEC_60559_DFP_EXT__ 1
| #define __STDC_WANT_IEC_60559_EXT__ 1
| #define __STDC_WANT_IEC_60559_FUNCS_EXT__ 1
| #define __STDC_WANT_IEC_60559_TYPES_EXT__ 1
| #define __STDC_WANT_LIB_EXT2__ 1
| #define __STDC_WANT_MATH_SPEC_FUNCS__ 1
| #define _TANDEM_SOURCE 1
| #define __EXTENSIONS__ 1
| #define _FILE_OFFSET_BITS 64
| #define _TIME_BITS 64
| /* end confdefs.h.  */
| /* Define usleep to an innocuous variant, in case <limits.h> declares usleep.
|    For example, HP-UX 11i <limits.h> declares gettimeofday.  */
| #define usleep innocuous_usleep
| 
| /* System header to define __stub macros and hopefully few prototypes,
|    which can conflict with char usleep (void); below.  */
| 
| #include <limits.h>
| #undef usleep
| 
| /* Override any GCC internal prototype to avoid an error.
|    Use char because int might match the return type of a GCC
|    builtin and then its argument prototype would still apply.  */
| #ifdef __cplusplus
| extern "C"
| #endif
| char usleep (void);
| /* The GNU C library defines this for functions which it implements
|     to always fail with ENOSYS.  Some functions are actually named
|     something starting with __ and the normal name is an alias.  */
| #if defined __stub_usleep || defined __stub___usleep
| choke me
| #endif
| 
| int
| main (void)
| {
| return usleep ();
|   ;
|   return 0;
| }
configure:9804: result: no
configure:9804: checking for mquery
configure:9804: /home/clang+llvm-16.0.4-x86_64-linux-gnu-ubuntu-22.04/bin/clang-16 -pthread --target=wasm32-unknown-wasi --sysroot /home/lind-wasm/glibc/sysroot -Wl,--import-memory,--export-memory,--max-memory=67108864,--export=__stack_pointer -g -O0 -o conftest -g -O2   conftest.c  >&5
In file included from conftest.c:84:
In file included from /home/clang+llvm-16.0.4-x86_64-linux-gnu-ubuntu-22.04/lib/clang/16/include/limits.h:21:
In file included from /home/lind-wasm/glibc/sysroot/include/wasm32-wasi/limits.h:195:
In file included from /home/lind-wasm/glibc/sysroot/include/wasm32-wasi/bits/posix1_lim.h:161:
/home/lind-wasm/glibc/sysroot/include/wasm32-wasi/bits/local_lim.h:38:10: fatal error: 'linux/limits.h' file not found
#include <linux/limits.h>
         ^~~~~~~~~~~~~~~~
1 error generated.
configure:9804: $? = 1
configure: failed program was:
| /* confdefs.h */
| #define PACKAGE_NAME "GNU coreutils"
| #define PACKAGE_TARNAME "coreutils"
| #define PACKAGE_VERSION "9.3"
| #define PACKAGE_STRING "GNU coreutils 9.3"
| #define PACKAGE_BUGREPORT "bug-coreutils@gnu.org"
| #define PACKAGE_URL "https://www.gnu.org/software/coreutils/"
| #define PACKAGE "coreutils"
| #define VERSION "9.3"
| #define HAVE_STDIO_H 1
| #define HAVE_STDLIB_H 1
| #define HAVE_STRING_H 1
| #define HAVE_INTTYPES_H 1
| #define HAVE_STDINT_H 1
| #define HAVE_STRINGS_H 1
| #define HAVE_SYS_STAT_H 1
| #define HAVE_SYS_TYPES_H 1
| #define HAVE_UNISTD_H 1
| #define HAVE_WCHAR_H 1
| #define HAVE_FEATURES_H 1
| #define HAVE_ERROR_H 1
| #define HAVE_FNMATCH_H 1
| #define HAVE_STDIO_EXT_H 1
| #define HAVE_SYS_VFS_H 1
| #define HAVE_GETOPT_H 1
| #define HAVE_SYS_CDEFS_H 1
| #define HAVE_TERMIOS_H 1
| #define HAVE_SYS_TIME_H 1
| #define HAVE_GRP_H 1
| #define HAVE_THREADS_H 1
| #define HAVE_ICONV_H 1
| #define HAVE_WCTYPE_H 1
| #define HAVE_LANGINFO_H 1
| #define HAVE_MATH_H 1
| #define HAVE_SYS_MMAN_H 1
| #define HAVE_SYS_STATVFS_H 1
| #define HAVE_SYS_SELECT_H 1
| #define HAVE_PTHREAD_H 1
| #define HAVE_UTMP_H 1
| #define HAVE_UTMPX_H 1
| #define HAVE_MALLOC_H 1
| #define HAVE_STDBOOL_H 1
| #define HAVE_SYS_IOCTL_H 1
| #define HAVE_SYS_RANDOM_H 1
| #define HAVE_SYS_RESOURCE_H 1
| #define HAVE_SYS_UIO_H 1
| #define HAVE_SYS_UTSNAME_H 1
| #define HAVE_SYS_WAIT_H 1
| #define HAVE_UTIME_H 1
| #define HAVE_SEMAPHORE_H 1
| #define HAVE_LINUX_FALLOC_H 1
| #define HAVE_PATHS_H 1
| #define HAVE_SYS_MTIO_H 1
| #define HAVE_SYSLOG_H 1
| #define HAVE_PWD_H 1
| #define STDC_HEADERS 1
| #define _ALL_SOURCE 1
| #define _DARWIN_C_SOURCE 1
| #define _GNU_SOURCE 1
| #define _HPUX_ALT_XOPEN_SOCKET_API 1
| #define _NETBSD_SOURCE 1
| #define _OPENBSD_SOURCE 1
| #define _POSIX_PTHREAD_SEMANTICS 1
| #define __STDC_WANT_IEC_60559_ATTRIBS_EXT__ 1
| #define __STDC_WANT_IEC_60559_BFP_EXT__ 1
| #define __STDC_WANT_IEC_60559_DFP_EXT__ 1
| #define __STDC_WANT_IEC_60559_EXT__ 1
| #define __STDC_WANT_IEC_60559_FUNCS_EXT__ 1
| #define __STDC_WANT_IEC_60559_TYPES_EXT__ 1
| #define __STDC_WANT_LIB_EXT2__ 1
| #define __STDC_WANT_MATH_SPEC_FUNCS__ 1
| #define _TANDEM_SOURCE 1
| #define __EXTENSIONS__ 1
| #define _FILE_OFFSET_BITS 64
| #define _TIME_BITS 64
| /* end confdefs.h.  */
| /* Define mquery to an innocuous variant, in case <limits.h> declares mquery.
|    For example, HP-UX 11i <limits.h> declares gettimeofday.  */
| #define mquery innocuous_mquery
| 
| /* System header to define __stub macros and hopefully few prototypes,
|    which can conflict with char mquery (void); below.  */
| 
| #include <limits.h>
| #undef mquery
| 
| /* Override any GCC internal prototype to avoid an error.
|    Use char because int might match the return type of a GCC
|    builtin and then its argument prototype would still apply.  */
| #ifdef __cplusplus
| extern "C"
| #endif
| char mquery (void);
| /* The GNU C library defines this for functions which it implements
|     to always fail with ENOSYS.  Some functions are actually named
|     something starting with __ and the normal name is an alias.  */
| #if defined __stub_mquery || defined __stub___mquery
| choke me
| #endif
| 
| int
| main (void)
| {
| return mquery ();
|   ;
|   return 0;
| }
configure:9804: result: no
configure:9804: checking for pstat_getprocvm
configure:9804: /home/clang+llvm-16.0.4-x86_64-linux-gnu-ubuntu-22.04/bin/clang-16 -pthread --target=wasm32-unknown-wasi --sysroot /home/lind-wasm/glibc/sysroot -Wl,--import-memory,--export-memory,--max-memory=67108864,--export=__stack_pointer -g -O0 -o conftest -g -O2   conftest.c  >&5
In file included from conftest.c:84:
In file included from /home/clang+llvm-16.0.4-x86_64-linux-gnu-ubuntu-22.04/lib/clang/16/include/limits.h:21:
In file included from /home/lind-wasm/glibc/sysroot/include/wasm32-wasi/limits.h:195:
In file included from /home/lind-wasm/glibc/sysroot/include/wasm32-wasi/bits/posix1_lim.h:161:
/home/lind-wasm/glibc/sysroot/include/wasm32-wasi/bits/local_lim.h:38:10: fatal error: 'linux/limits.h' file not found
#include <linux/limits.h>
         ^~~~~~~~~~~~~~~~
1 error generated.
configure:9804: $? = 1
configure: failed program was:
| /* confdefs.h */
| #define PACKAGE_NAME "GNU coreutils"
| #define PACKAGE_TARNAME "coreutils"
| #define PACKAGE_VERSION "9.3"
| #define PACKAGE_STRING "GNU coreutils 9.3"
| #define PACKAGE_BUGREPORT "bug-coreutils@gnu.org"
| #define PACKAGE_URL "https://www.gnu.org/software/coreutils/"
| #define PACKAGE "coreutils"
| #define VERSION "9.3"
| #define HAVE_STDIO_H 1
| #define HAVE_STDLIB_H 1
| #define HAVE_STRING_H 1
| #define HAVE_INTTYPES_H 1
| #define HAVE_STDINT_H 1
| #define HAVE_STRINGS_H 1
| #define HAVE_SYS_STAT_H 1
| #define HAVE_SYS_TYPES_H 1
| #define HAVE_UNISTD_H 1
| #define HAVE_WCHAR_H 1
| #define HAVE_FEATURES_H 1
| #define HAVE_ERROR_H 1
| #define HAVE_FNMATCH_H 1
| #define HAVE_STDIO_EXT_H 1
| #define HAVE_SYS_VFS_H 1
| #define HAVE_GETOPT_H 1
| #define HAVE_SYS_CDEFS_H 1
| #define HAVE_TERMIOS_H 1
| #define HAVE_SYS_TIME_H 1
| #define HAVE_GRP_H 1
| #define HAVE_THREADS_H 1
| #define HAVE_ICONV_H 1
| #define HAVE_WCTYPE_H 1
| #define HAVE_LANGINFO_H 1
| #define HAVE_MATH_H 1
| #define HAVE_SYS_MMAN_H 1
| #define HAVE_SYS_STATVFS_H 1
| #define HAVE_SYS_SELECT_H 1
| #define HAVE_PTHREAD_H 1
| #define HAVE_UTMP_H 1
| #define HAVE_UTMPX_H 1
| #define HAVE_MALLOC_H 1
| #define HAVE_STDBOOL_H 1
| #define HAVE_SYS_IOCTL_H 1
| #define HAVE_SYS_RANDOM_H 1
| #define HAVE_SYS_RESOURCE_H 1
| #define HAVE_SYS_UIO_H 1
| #define HAVE_SYS_UTSNAME_H 1
| #define HAVE_SYS_WAIT_H 1
| #define HAVE_UTIME_H 1
| #define HAVE_SEMAPHORE_H 1
| #define HAVE_LINUX_FALLOC_H 1
| #define HAVE_PATHS_H 1
| #define HAVE_SYS_MTIO_H 1
| #define HAVE_SYSLOG_H 1
| #define HAVE_PWD_H 1
| #define STDC_HEADERS 1
| #define _ALL_SOURCE 1
| #define _DARWIN_C_SOURCE 1
| #define _GNU_SOURCE 1
| #define _HPUX_ALT_XOPEN_SOCKET_API 1
| #define _NETBSD_SOURCE 1
| #define _OPENBSD_SOURCE 1
| #define _POSIX_PTHREAD_SEMANTICS 1
| #define __STDC_WANT_IEC_60559_ATTRIBS_EXT__ 1
| #define __STDC_WANT_IEC_60559_BFP_EXT__ 1
| #define __STDC_WANT_IEC_60559_DFP_EXT__ 1
| #define __STDC_WANT_IEC_60559_EXT__ 1
| #define __STDC_WANT_IEC_60559_FUNCS_EXT__ 1
| #define __STDC_WANT_IEC_60559_TYPES_EXT__ 1
| #define __STDC_WANT_LIB_EXT2__ 1
| #define __STDC_WANT_MATH_SPEC_FUNCS__ 1
| #define _TANDEM_SOURCE 1
| #define __EXTENSIONS__ 1
| #define _FILE_OFFSET_BITS 64
| #define _TIME_BITS 64
| /* end confdefs.h.  */
| /* Define pstat_getprocvm to an innocuous variant, in case <limits.h> declares pstat_getprocvm.
|    For example, HP-UX 11i <limits.h> declares gettimeofday.  */
| #define pstat_getprocvm innocuous_pstat_getprocvm
| 
| /* System header to define __stub macros and hopefully few prototypes,
|    which can conflict with char pstat_getprocvm (void); below.  */
| 
| #include <limits.h>
| #undef pstat_getprocvm
| 
| /* Override any GCC internal prototype to avoid an error.
|    Use char because int might match the return type of a GCC
|    builtin and then its argument prototype would still apply.  */
| #ifdef __cplusplus
| extern "C"
| #endif
| char pstat_getprocvm (void);
| /* The GNU C library defines this for functions which it implements
|     to always fail with ENOSYS.  Some functions are actually named
|     something starting with __ and the normal name is an alias.  */
| #if defined __stub_pstat_getprocvm || defined __stub___pstat_getprocvm
| choke me
| #endif
| 
| int
| main (void)
| {
| return pstat_getprocvm ();
|   ;
|   return 0;
| }
configure:9804: result: no
configure:9804: checking for wctob
configure:9804: /home/clang+llvm-16.0.4-x86_64-linux-gnu-ubuntu-22.04/bin/clang-16 -pthread --target=wasm32-unknown-wasi --sysroot /home/lind-wasm/glibc/sysroot -Wl,--import-memory,--export-memory,--max-memory=67108864,--export=__stack_pointer -g -O0 -o conftest -g -O2   conftest.c  >&5
In file included from conftest.c:84:
In file included from /home/clang+llvm-16.0.4-x86_64-linux-gnu-ubuntu-22.04/lib/clang/16/include/limits.h:21:
In file included from /home/lind-wasm/glibc/sysroot/include/wasm32-wasi/limits.h:195:
In file included from /home/lind-wasm/glibc/sysroot/include/wasm32-wasi/bits/posix1_lim.h:161:
/home/lind-wasm/glibc/sysroot/include/wasm32-wasi/bits/local_lim.h:38:10: fatal error: 'linux/limits.h' file not found
#include <linux/limits.h>
         ^~~~~~~~~~~~~~~~
1 error generated.
configure:9804: $? = 1
configure: failed program was:
| /* confdefs.h */
| #define PACKAGE_NAME "GNU coreutils"
| #define PACKAGE_TARNAME "coreutils"
| #define PACKAGE_VERSION "9.3"
| #define PACKAGE_STRING "GNU coreutils 9.3"
| #define PACKAGE_BUGREPORT "bug-coreutils@gnu.org"
| #define PACKAGE_URL "https://www.gnu.org/software/coreutils/"
| #define PACKAGE "coreutils"
| #define VERSION "9.3"
| #define HAVE_STDIO_H 1
| #define HAVE_STDLIB_H 1
| #define HAVE_STRING_H 1
| #define HAVE_INTTYPES_H 1
| #define HAVE_STDINT_H 1
| #define HAVE_STRINGS_H 1
| #define HAVE_SYS_STAT_H 1
| #define HAVE_SYS_TYPES_H 1
| #define HAVE_UNISTD_H 1
| #define HAVE_WCHAR_H 1
| #define HAVE_FEATURES_H 1
| #define HAVE_ERROR_H 1
| #define HAVE_FNMATCH_H 1
| #define HAVE_STDIO_EXT_H 1
| #define HAVE_SYS_VFS_H 1
| #define HAVE_GETOPT_H 1
| #define HAVE_SYS_CDEFS_H 1
| #define HAVE_TERMIOS_H 1
| #define HAVE_SYS_TIME_H 1
| #define HAVE_GRP_H 1
| #define HAVE_THREADS_H 1
| #define HAVE_ICONV_H 1
| #define HAVE_WCTYPE_H 1
| #define HAVE_LANGINFO_H 1
| #define HAVE_MATH_H 1
| #define HAVE_SYS_MMAN_H 1
| #define HAVE_SYS_STATVFS_H 1
| #define HAVE_SYS_SELECT_H 1
| #define HAVE_PTHREAD_H 1
| #define HAVE_UTMP_H 1
| #define HAVE_UTMPX_H 1
| #define HAVE_MALLOC_H 1
| #define HAVE_STDBOOL_H 1
| #define HAVE_SYS_IOCTL_H 1
| #define HAVE_SYS_RANDOM_H 1
| #define HAVE_SYS_RESOURCE_H 1
| #define HAVE_SYS_UIO_H 1
| #define HAVE_SYS_UTSNAME_H 1
| #define HAVE_SYS_WAIT_H 1
| #define HAVE_UTIME_H 1
| #define HAVE_SEMAPHORE_H 1
| #define HAVE_LINUX_FALLOC_H 1
| #define HAVE_PATHS_H 1
| #define HAVE_SYS_MTIO_H 1
| #define HAVE_SYSLOG_H 1
| #define HAVE_PWD_H 1
| #define STDC_HEADERS 1
| #define _ALL_SOURCE 1
| #define _DARWIN_C_SOURCE 1
| #define _GNU_SOURCE 1
| #define _HPUX_ALT_XOPEN_SOCKET_API 1
| #define _NETBSD_SOURCE 1
| #define _OPENBSD_SOURCE 1
| #define _POSIX_PTHREAD_SEMANTICS 1
| #define __STDC_WANT_IEC_60559_ATTRIBS_EXT__ 1
| #define __STDC_WANT_IEC_60559_BFP_EXT__ 1
| #define __STDC_WANT_IEC_60559_DFP_EXT__ 1
| #define __STDC_WANT_IEC_60559_EXT__ 1
| #define __STDC_WANT_IEC_60559_FUNCS_EXT__ 1
| #define __STDC_WANT_IEC_60559_TYPES_EXT__ 1
| #define __STDC_WANT_LIB_EXT2__ 1
| #define __STDC_WANT_MATH_SPEC_FUNCS__ 1
| #define _TANDEM_SOURCE 1
| #define __EXTENSIONS__ 1
| #define _FILE_OFFSET_BITS 64
| #define _TIME_BITS 64
| /* end confdefs.h.  */
| /* Define wctob to an innocuous variant, in case <limits.h> declares wctob.
|    For example, HP-UX 11i <limits.h> declares gettimeofday.  */
| #define wctob innocuous_wctob
| 
| /* System header to define __stub macros and hopefully few prototypes,
|    which can conflict with char wctob (void); below.  */
| 
| #include <limits.h>
| #undef wctob
| 
| /* Override any GCC internal prototype to avoid an error.
|    Use char because int might match the return type of a GCC
|    builtin and then its argument prototype would still apply.  */
| #ifdef __cplusplus
| extern "C"
| #endif
| char wctob (void);
| /* The GNU C library defines this for functions which it implements
|     to always fail with ENOSYS.  Some functions are actually named
|     something starting with __ and the normal name is an alias.  */
| #if defined __stub_wctob || defined __stub___wctob
| choke me
| #endif
| 
| int
| main (void)
| {
| return wctob ();
|   ;
|   return 0;
| }
configure:9804: result: no
configure:9804: checking for directio
configure:9804: /home/clang+llvm-16.0.4-x86_64-linux-gnu-ubuntu-22.04/bin/clang-16 -pthread --target=wasm32-unknown-wasi --sysroot /home/lind-wasm/glibc/sysroot -Wl,--import-memory,--export-memory,--max-memory=67108864,--export=__stack_pointer -g -O0 -o conftest -g -O2   conftest.c  >&5
In file included from conftest.c:84:
In file included from /home/clang+llvm-16.0.4-x86_64-linux-gnu-ubuntu-22.04/lib/clang/16/include/limits.h:21:
In file included from /home/lind-wasm/glibc/sysroot/include/wasm32-wasi/limits.h:195:
In file included from /home/lind-wasm/glibc/sysroot/include/wasm32-wasi/bits/posix1_lim.h:161:
/home/lind-wasm/glibc/sysroot/include/wasm32-wasi/bits/local_lim.h:38:10: fatal error: 'linux/limits.h' file not found
#include <linux/limits.h>
         ^~~~~~~~~~~~~~~~
1 error generated.
configure:9804: $? = 1
configure: failed program was:
| /* confdefs.h */
| #define PACKAGE_NAME "GNU coreutils"
| #define PACKAGE_TARNAME "coreutils"
| #define PACKAGE_VERSION "9.3"
| #define PACKAGE_STRING "GNU coreutils 9.3"
| #define PACKAGE_BUGREPORT "bug-coreutils@gnu.org"
| #define PACKAGE_URL "https://www.gnu.org/software/coreutils/"
| #define PACKAGE "coreutils"
| #define VERSION "9.3"
| #define HAVE_STDIO_H 1
| #define HAVE_STDLIB_H 1
| #define HAVE_STRING_H 1
| #define HAVE_INTTYPES_H 1
| #define HAVE_STDINT_H 1
| #define HAVE_STRINGS_H 1
| #define HAVE_SYS_STAT_H 1
| #define HAVE_SYS_TYPES_H 1
| #define HAVE_UNISTD_H 1
| #define HAVE_WCHAR_H 1
| #define HAVE_FEATURES_H 1
| #define HAVE_ERROR_H 1
| #define HAVE_FNMATCH_H 1
| #define HAVE_STDIO_EXT_H 1
| #define HAVE_SYS_VFS_H 1
| #define HAVE_GETOPT_H 1
| #define HAVE_SYS_CDEFS_H 1
| #define HAVE_TERMIOS_H 1
| #define HAVE_SYS_TIME_H 1
| #define HAVE_GRP_H 1
| #define HAVE_THREADS_H 1
| #define HAVE_ICONV_H 1
| #define HAVE_WCTYPE_H 1
| #define HAVE_LANGINFO_H 1
| #define HAVE_MATH_H 1
| #define HAVE_SYS_MMAN_H 1
| #define HAVE_SYS_STATVFS_H 1
| #define HAVE_SYS_SELECT_H 1
| #define HAVE_PTHREAD_H 1
| #define HAVE_UTMP_H 1
| #define HAVE_UTMPX_H 1
| #define HAVE_MALLOC_H 1
| #define HAVE_STDBOOL_H 1
| #define HAVE_SYS_IOCTL_H 1
| #define HAVE_SYS_RANDOM_H 1
| #define HAVE_SYS_RESOURCE_H 1
| #define HAVE_SYS_UIO_H 1
| #define HAVE_SYS_UTSNAME_H 1
| #define HAVE_SYS_WAIT_H 1
| #define HAVE_UTIME_H 1
| #define HAVE_SEMAPHORE_H 1
| #define HAVE_LINUX_FALLOC_H 1
| #define HAVE_PATHS_H 1
| #define HAVE_SYS_MTIO_H 1
| #define HAVE_SYSLOG_H 1
| #define HAVE_PWD_H 1
| #define STDC_HEADERS 1
| #define _ALL_SOURCE 1
| #define _DARWIN_C_SOURCE 1
| #define _GNU_SOURCE 1
| #define _HPUX_ALT_XOPEN_SOCKET_API 1
| #define _NETBSD_SOURCE 1
| #define _OPENBSD_SOURCE 1
| #define _POSIX_PTHREAD_SEMANTICS 1
| #define __STDC_WANT_IEC_60559_ATTRIBS_EXT__ 1
| #define __STDC_WANT_IEC_60559_BFP_EXT__ 1
| #define __STDC_WANT_IEC_60559_DFP_EXT__ 1
| #define __STDC_WANT_IEC_60559_EXT__ 1
| #define __STDC_WANT_IEC_60559_FUNCS_EXT__ 1
| #define __STDC_WANT_IEC_60559_TYPES_EXT__ 1
| #define __STDC_WANT_LIB_EXT2__ 1
| #define __STDC_WANT_MATH_SPEC_FUNCS__ 1
| #define _TANDEM_SOURCE 1
| #define __EXTENSIONS__ 1
| #define _FILE_OFFSET_BITS 64
| #define _TIME_BITS 64
| /* end confdefs.h.  */
| /* Define directio to an innocuous variant, in case <limits.h> declares directio.
|    For example, HP-UX 11i <limits.h> declares gettimeofday.  */
| #define directio innocuous_directio
| 
| /* System header to define __stub macros and hopefully few prototypes,
|    which can conflict with char directio (void); below.  */
| 
| #include <limits.h>
| #undef directio
| 
| /* Override any GCC internal prototype to avoid an error.
|    Use char because int might match the return type of a GCC
|    builtin and then its argument prototype would still apply.  */
| #ifdef __cplusplus
| extern "C"
| #endif
| char directio (void);
| /* The GNU C library defines this for functions which it implements
|     to always fail with ENOSYS.  Some functions are actually named
|     something starting with __ and the normal name is an alias.  */
| #if defined __stub_directio || defined __stub___directio
| choke me
| #endif
| 
| int
| main (void)
| {
| return directio ();
|   ;
|   return 0;
| }
configure:9804: result: no
configure:9804: checking for nl_langinfo
configure:9804: /home/clang+llvm-16.0.4-x86_64-linux-gnu-ubuntu-22.04/bin/clang-16 -pthread --target=wasm32-unknown-wasi --sysroot /home/lind-wasm/glibc/sysroot -Wl,--import-memory,--export-memory,--max-memory=67108864,--export=__stack_pointer -g -O0 -o conftest -g -O2   conftest.c  >&5
In file included from conftest.c:84:
In file included from /home/clang+llvm-16.0.4-x86_64-linux-gnu-ubuntu-22.04/lib/clang/16/include/limits.h:21:
In file included from /home/lind-wasm/glibc/sysroot/include/wasm32-wasi/limits.h:195:
In file included from /home/lind-wasm/glibc/sysroot/include/wasm32-wasi/bits/posix1_lim.h:161:
/home/lind-wasm/glibc/sysroot/include/wasm32-wasi/bits/local_lim.h:38:10: fatal error: 'linux/limits.h' file not found
#include <linux/limits.h>
         ^~~~~~~~~~~~~~~~
1 error generated.
configure:9804: $? = 1
configure: failed program was:
| /* confdefs.h */
| #define PACKAGE_NAME "GNU coreutils"
| #define PACKAGE_TARNAME "coreutils"
| #define PACKAGE_VERSION "9.3"
| #define PACKAGE_STRING "GNU coreutils 9.3"
| #define PACKAGE_BUGREPORT "bug-coreutils@gnu.org"
| #define PACKAGE_URL "https://www.gnu.org/software/coreutils/"
| #define PACKAGE "coreutils"
| #define VERSION "9.3"
| #define HAVE_STDIO_H 1
| #define HAVE_STDLIB_H 1
| #define HAVE_STRING_H 1
| #define HAVE_INTTYPES_H 1
| #define HAVE_STDINT_H 1
| #define HAVE_STRINGS_H 1
| #define HAVE_SYS_STAT_H 1
| #define HAVE_SYS_TYPES_H 1
| #define HAVE_UNISTD_H 1
| #define HAVE_WCHAR_H 1
| #define HAVE_FEATURES_H 1
| #define HAVE_ERROR_H 1
| #define HAVE_FNMATCH_H 1
| #define HAVE_STDIO_EXT_H 1
| #define HAVE_SYS_VFS_H 1
| #define HAVE_GETOPT_H 1
| #define HAVE_SYS_CDEFS_H 1
| #define HAVE_TERMIOS_H 1
| #define HAVE_SYS_TIME_H 1
| #define HAVE_GRP_H 1
| #define HAVE_THREADS_H 1
| #define HAVE_ICONV_H 1
| #define HAVE_WCTYPE_H 1
| #define HAVE_LANGINFO_H 1
| #define HAVE_MATH_H 1
| #define HAVE_SYS_MMAN_H 1
| #define HAVE_SYS_STATVFS_H 1
| #define HAVE_SYS_SELECT_H 1
| #define HAVE_PTHREAD_H 1
| #define HAVE_UTMP_H 1
| #define HAVE_UTMPX_H 1
| #define HAVE_MALLOC_H 1
| #define HAVE_STDBOOL_H 1
| #define HAVE_SYS_IOCTL_H 1
| #define HAVE_SYS_RANDOM_H 1
| #define HAVE_SYS_RESOURCE_H 1
| #define HAVE_SYS_UIO_H 1
| #define HAVE_SYS_UTSNAME_H 1
| #define HAVE_SYS_WAIT_H 1
| #define HAVE_UTIME_H 1
| #define HAVE_SEMAPHORE_H 1
| #define HAVE_LINUX_FALLOC_H 1
| #define HAVE_PATHS_H 1
| #define HAVE_SYS_MTIO_H 1
| #define HAVE_SYSLOG_H 1
| #define HAVE_PWD_H 1
| #define STDC_HEADERS 1
| #define _ALL_SOURCE 1
| #define _DARWIN_C_SOURCE 1
| #define _GNU_SOURCE 1
| #define _HPUX_ALT_XOPEN_SOCKET_API 1
| #define _NETBSD_SOURCE 1
| #define _OPENBSD_SOURCE 1
| #define _POSIX_PTHREAD_SEMANTICS 1
| #define __STDC_WANT_IEC_60559_ATTRIBS_EXT__ 1
| #define __STDC_WANT_IEC_60559_BFP_EXT__ 1
| #define __STDC_WANT_IEC_60559_DFP_EXT__ 1
| #define __STDC_WANT_IEC_60559_EXT__ 1
| #define __STDC_WANT_IEC_60559_FUNCS_EXT__ 1
| #define __STDC_WANT_IEC_60559_TYPES_EXT__ 1
| #define __STDC_WANT_LIB_EXT2__ 1
| #define __STDC_WANT_MATH_SPEC_FUNCS__ 1
| #define _TANDEM_SOURCE 1
| #define __EXTENSIONS__ 1
| #define _FILE_OFFSET_BITS 64
| #define _TIME_BITS 64
| /* end confdefs.h.  */
| /* Define nl_langinfo to an innocuous variant, in case <limits.h> declares nl_langinfo.
|    For example, HP-UX 11i <limits.h> declares gettimeofday.  */
| #define nl_langinfo innocuous_nl_langinfo
| 
| /* System header to define __stub macros and hopefully few prototypes,
|    which can conflict with char nl_langinfo (void); below.  */
| 
| #include <limits.h>
| #undef nl_langinfo
| 
| /* Override any GCC internal prototype to avoid an error.
|    Use char because int might match the return type of a GCC
|    builtin and then its argument prototype would still apply.  */
| #ifdef __cplusplus
| extern "C"
| #endif
| char nl_langinfo (void);
| /* The GNU C library defines this for functions which it implements
|     to always fail with ENOSYS.  Some functions are actually named
|     something starting with __ and the normal name is an alias.  */
| #if defined __stub_nl_langinfo || defined __stub___nl_langinfo
| choke me
| #endif
| 
| int
| main (void)
| {
| return nl_langinfo ();
|   ;
|   return 0;
| }
configure:9804: result: no
configure:9804: checking for setitimer
configure:9804: /home/clang+llvm-16.0.4-x86_64-linux-gnu-ubuntu-22.04/bin/clang-16 -pthread --target=wasm32-unknown-wasi --sysroot /home/lind-wasm/glibc/sysroot -Wl,--import-memory,--export-memory,--max-memory=67108864,--export=__stack_pointer -g -O0 -o conftest -g -O2   conftest.c  >&5
In file included from conftest.c:84:
In file included from /home/clang+llvm-16.0.4-x86_64-linux-gnu-ubuntu-22.04/lib/clang/16/include/limits.h:21:
In file included from /home/lind-wasm/glibc/sysroot/include/wasm32-wasi/limits.h:195:
In file included from /home/lind-wasm/glibc/sysroot/include/wasm32-wasi/bits/posix1_lim.h:161:
/home/lind-wasm/glibc/sysroot/include/wasm32-wasi/bits/local_lim.h:38:10: fatal error: 'linux/limits.h' file not found
#include <linux/limits.h>
         ^~~~~~~~~~~~~~~~
1 error generated.
configure:9804: $? = 1
configure: failed program was:
| /* confdefs.h */
| #define PACKAGE_NAME "GNU coreutils"
| #define PACKAGE_TARNAME "coreutils"
| #define PACKAGE_VERSION "9.3"
| #define PACKAGE_STRING "GNU coreutils 9.3"
| #define PACKAGE_BUGREPORT "bug-coreutils@gnu.org"
| #define PACKAGE_URL "https://www.gnu.org/software/coreutils/"
| #define PACKAGE "coreutils"
| #define VERSION "9.3"
| #define HAVE_STDIO_H 1
| #define HAVE_STDLIB_H 1
| #define HAVE_STRING_H 1
| #define HAVE_INTTYPES_H 1
| #define HAVE_STDINT_H 1
| #define HAVE_STRINGS_H 1
| #define HAVE_SYS_STAT_H 1
| #define HAVE_SYS_TYPES_H 1
| #define HAVE_UNISTD_H 1
| #define HAVE_WCHAR_H 1
| #define HAVE_FEATURES_H 1
| #define HAVE_ERROR_H 1
| #define HAVE_FNMATCH_H 1
| #define HAVE_STDIO_EXT_H 1
| #define HAVE_SYS_VFS_H 1
| #define HAVE_GETOPT_H 1
| #define HAVE_SYS_CDEFS_H 1
| #define HAVE_TERMIOS_H 1
| #define HAVE_SYS_TIME_H 1
| #define HAVE_GRP_H 1
| #define HAVE_THREADS_H 1
| #define HAVE_ICONV_H 1
| #define HAVE_WCTYPE_H 1
| #define HAVE_LANGINFO_H 1
| #define HAVE_MATH_H 1
| #define HAVE_SYS_MMAN_H 1
| #define HAVE_SYS_STATVFS_H 1
| #define HAVE_SYS_SELECT_H 1
| #define HAVE_PTHREAD_H 1
| #define HAVE_UTMP_H 1
| #define HAVE_UTMPX_H 1
| #define HAVE_MALLOC_H 1
| #define HAVE_STDBOOL_H 1
| #define HAVE_SYS_IOCTL_H 1
| #define HAVE_SYS_RANDOM_H 1
| #define HAVE_SYS_RESOURCE_H 1
| #define HAVE_SYS_UIO_H 1
| #define HAVE_SYS_UTSNAME_H 1
| #define HAVE_SYS_WAIT_H 1
| #define HAVE_UTIME_H 1
| #define HAVE_SEMAPHORE_H 1
| #define HAVE_LINUX_FALLOC_H 1
| #define HAVE_PATHS_H 1
| #define HAVE_SYS_MTIO_H 1
| #define HAVE_SYSLOG_H 1
| #define HAVE_PWD_H 1
| #define STDC_HEADERS 1
| #define _ALL_SOURCE 1
| #define _DARWIN_C_SOURCE 1
| #define _GNU_SOURCE 1
| #define _HPUX_ALT_XOPEN_SOCKET_API 1
| #define _NETBSD_SOURCE 1
| #define _OPENBSD_SOURCE 1
| #define _POSIX_PTHREAD_SEMANTICS 1
| #define __STDC_WANT_IEC_60559_ATTRIBS_EXT__ 1
| #define __STDC_WANT_IEC_60559_BFP_EXT__ 1
| #define __STDC_WANT_IEC_60559_DFP_EXT__ 1
| #define __STDC_WANT_IEC_60559_EXT__ 1
| #define __STDC_WANT_IEC_60559_FUNCS_EXT__ 1
| #define __STDC_WANT_IEC_60559_TYPES_EXT__ 1
| #define __STDC_WANT_LIB_EXT2__ 1
| #define __STDC_WANT_MATH_SPEC_FUNCS__ 1
| #define _TANDEM_SOURCE 1
| #define __EXTENSIONS__ 1
| #define _FILE_OFFSET_BITS 64
| #define _TIME_BITS 64
| /* end confdefs.h.  */
| /* Define setitimer to an innocuous variant, in case <limits.h> declares setitimer.
|    For example, HP-UX 11i <limits.h> declares gettimeofday.  */
| #define setitimer innocuous_setitimer
| 
| /* System header to define __stub macros and hopefully few prototypes,
|    which can conflict with char setitimer (void); below.  */
| 
| #include <limits.h>
| #undef setitimer
| 
| /* Override any GCC internal prototype to avoid an error.
|    Use char because int might match the return type of a GCC
|    builtin and then its argument prototype would still apply.  */
| #ifdef __cplusplus
| extern "C"
| #endif
| char setitimer (void);
| /* The GNU C library defines this for functions which it implements
|     to always fail with ENOSYS.  Some functions are actually named
|     something starting with __ and the normal name is an alias.  */
| #if defined __stub_setitimer || defined __stub___setitimer
| choke me
| #endif
| 
| int
| main (void)
| {
| return setitimer ();
|   ;
|   return 0;
| }
configure:9804: result: no
configure:9804: checking for setrlimit
configure:9804: /home/clang+llvm-16.0.4-x86_64-linux-gnu-ubuntu-22.04/bin/clang-16 -pthread --target=wasm32-unknown-wasi --sysroot /home/lind-wasm/glibc/sysroot -Wl,--import-memory,--export-memory,--max-memory=67108864,--export=__stack_pointer -g -O0 -o conftest -g -O2   conftest.c  >&5
In file included from conftest.c:84:
In file included from /home/clang+llvm-16.0.4-x86_64-linux-gnu-ubuntu-22.04/lib/clang/16/include/limits.h:21:
In file included from /home/lind-wasm/glibc/sysroot/include/wasm32-wasi/limits.h:195:
In file included from /home/lind-wasm/glibc/sysroot/include/wasm32-wasi/bits/posix1_lim.h:161:
/home/lind-wasm/glibc/sysroot/include/wasm32-wasi/bits/local_lim.h:38:10: fatal error: 'linux/limits.h' file not found
#include <linux/limits.h>
         ^~~~~~~~~~~~~~~~
1 error generated.
configure:9804: $? = 1
configure: failed program was:
| /* confdefs.h */
| #define PACKAGE_NAME "GNU coreutils"
| #define PACKAGE_TARNAME "coreutils"
| #define PACKAGE_VERSION "9.3"
| #define PACKAGE_STRING "GNU coreutils 9.3"
| #define PACKAGE_BUGREPORT "bug-coreutils@gnu.org"
| #define PACKAGE_URL "https://www.gnu.org/software/coreutils/"
| #define PACKAGE "coreutils"
| #define VERSION "9.3"
| #define HAVE_STDIO_H 1
| #define HAVE_STDLIB_H 1
| #define HAVE_STRING_H 1
| #define HAVE_INTTYPES_H 1
| #define HAVE_STDINT_H 1
| #define HAVE_STRINGS_H 1
| #define HAVE_SYS_STAT_H 1
| #define HAVE_SYS_TYPES_H 1
| #define HAVE_UNISTD_H 1
| #define HAVE_WCHAR_H 1
| #define HAVE_FEATURES_H 1
| #define HAVE_ERROR_H 1
| #define HAVE_FNMATCH_H 1
| #define HAVE_STDIO_EXT_H 1
| #define HAVE_SYS_VFS_H 1
| #define HAVE_GETOPT_H 1
| #define HAVE_SYS_CDEFS_H 1
| #define HAVE_TERMIOS_H 1
| #define HAVE_SYS_TIME_H 1
| #define HAVE_GRP_H 1
| #define HAVE_THREADS_H 1
| #define HAVE_ICONV_H 1
| #define HAVE_WCTYPE_H 1
| #define HAVE_LANGINFO_H 1
| #define HAVE_MATH_H 1
| #define HAVE_SYS_MMAN_H 1
| #define HAVE_SYS_STATVFS_H 1
| #define HAVE_SYS_SELECT_H 1
| #define HAVE_PTHREAD_H 1
| #define HAVE_UTMP_H 1
| #define HAVE_UTMPX_H 1
| #define HAVE_MALLOC_H 1
| #define HAVE_STDBOOL_H 1
| #define HAVE_SYS_IOCTL_H 1
| #define HAVE_SYS_RANDOM_H 1
| #define HAVE_SYS_RESOURCE_H 1
| #define HAVE_SYS_UIO_H 1
| #define HAVE_SYS_UTSNAME_H 1
| #define HAVE_SYS_WAIT_H 1
| #define HAVE_UTIME_H 1
| #define HAVE_SEMAPHORE_H 1
| #define HAVE_LINUX_FALLOC_H 1
| #define HAVE_PATHS_H 1
| #define HAVE_SYS_MTIO_H 1
| #define HAVE_SYSLOG_H 1
| #define HAVE_PWD_H 1
| #define STDC_HEADERS 1
| #define _ALL_SOURCE 1
| #define _DARWIN_C_SOURCE 1
| #define _GNU_SOURCE 1
| #define _HPUX_ALT_XOPEN_SOCKET_API 1
| #define _NETBSD_SOURCE 1
| #define _OPENBSD_SOURCE 1
| #define _POSIX_PTHREAD_SEMANTICS 1
| #define __STDC_WANT_IEC_60559_ATTRIBS_EXT__ 1
| #define __STDC_WANT_IEC_60559_BFP_EXT__ 1
| #define __STDC_WANT_IEC_60559_DFP_EXT__ 1
| #define __STDC_WANT_IEC_60559_EXT__ 1
| #define __STDC_WANT_IEC_60559_FUNCS_EXT__ 1
| #define __STDC_WANT_IEC_60559_TYPES_EXT__ 1
| #define __STDC_WANT_LIB_EXT2__ 1
| #define __STDC_WANT_MATH_SPEC_FUNCS__ 1
| #define _TANDEM_SOURCE 1
| #define __EXTENSIONS__ 1
| #define _FILE_OFFSET_BITS 64
| #define _TIME_BITS 64
| /* end confdefs.h.  */
| /* Define setrlimit to an innocuous variant, in case <limits.h> declares setrlimit.
|    For example, HP-UX 11i <limits.h> declares gettimeofday.  */
| #define setrlimit innocuous_setrlimit
| 
| /* System header to define __stub macros and hopefully few prototypes,
|    which can conflict with char setrlimit (void); below.  */
| 
| #include <limits.h>
| #undef setrlimit
| 
| /* Override any GCC internal prototype to avoid an error.
|    Use char because int might match the return type of a GCC
|    builtin and then its argument prototype would still apply.  */
| #ifdef __cplusplus
| extern "C"
| #endif
| char setrlimit (void);
| /* The GNU C library defines this for functions which it implements
|     to always fail with ENOSYS.  Some functions are actually named
|     something starting with __ and the normal name is an alias.  */
| #if defined __stub_setrlimit || defined __stub___setrlimit
| choke me
| #endif
| 
| int
| main (void)
| {
| return setrlimit ();
|   ;
|   return 0;
| }
configure:9804: result: no
configure:9804: checking for prctl
configure:9804: /home/clang+llvm-16.0.4-x86_64-linux-gnu-ubuntu-22.04/bin/clang-16 -pthread --target=wasm32-unknown-wasi --sysroot /home/lind-wasm/glibc/sysroot -Wl,--import-memory,--export-memory,--max-memory=67108864,--export=__stack_pointer -g -O0 -o conftest -g -O2   conftest.c  >&5
In file included from conftest.c:84:
In file included from /home/clang+llvm-16.0.4-x86_64-linux-gnu-ubuntu-22.04/lib/clang/16/include/limits.h:21:
In file included from /home/lind-wasm/glibc/sysroot/include/wasm32-wasi/limits.h:195:
In file included from /home/lind-wasm/glibc/sysroot/include/wasm32-wasi/bits/posix1_lim.h:161:
/home/lind-wasm/glibc/sysroot/include/wasm32-wasi/bits/local_lim.h:38:10: fatal error: 'linux/limits.h' file not found
#include <linux/limits.h>
         ^~~~~~~~~~~~~~~~
1 error generated.
configure:9804: $? = 1
configure: failed program was:
| /* confdefs.h */
| #define PACKAGE_NAME "GNU coreutils"
| #define PACKAGE_TARNAME "coreutils"
| #define PACKAGE_VERSION "9.3"
| #define PACKAGE_STRING "GNU coreutils 9.3"
| #define PACKAGE_BUGREPORT "bug-coreutils@gnu.org"
| #define PACKAGE_URL "https://www.gnu.org/software/coreutils/"
| #define PACKAGE "coreutils"
| #define VERSION "9.3"
| #define HAVE_STDIO_H 1
| #define HAVE_STDLIB_H 1
| #define HAVE_STRING_H 1
| #define HAVE_INTTYPES_H 1
| #define HAVE_STDINT_H 1
| #define HAVE_STRINGS_H 1
| #define HAVE_SYS_STAT_H 1
| #define HAVE_SYS_TYPES_H 1
| #define HAVE_UNISTD_H 1
| #define HAVE_WCHAR_H 1
| #define HAVE_FEATURES_H 1
| #define HAVE_ERROR_H 1
| #define HAVE_FNMATCH_H 1
| #define HAVE_STDIO_EXT_H 1
| #define HAVE_SYS_VFS_H 1
| #define HAVE_GETOPT_H 1
| #define HAVE_SYS_CDEFS_H 1
| #define HAVE_TERMIOS_H 1
| #define HAVE_SYS_TIME_H 1
| #define HAVE_GRP_H 1
| #define HAVE_THREADS_H 1
| #define HAVE_ICONV_H 1
| #define HAVE_WCTYPE_H 1
| #define HAVE_LANGINFO_H 1
| #define HAVE_MATH_H 1
| #define HAVE_SYS_MMAN_H 1
| #define HAVE_SYS_STATVFS_H 1
| #define HAVE_SYS_SELECT_H 1
| #define HAVE_PTHREAD_H 1
| #define HAVE_UTMP_H 1
| #define HAVE_UTMPX_H 1
| #define HAVE_MALLOC_H 1
| #define HAVE_STDBOOL_H 1
| #define HAVE_SYS_IOCTL_H 1
| #define HAVE_SYS_RANDOM_H 1
| #define HAVE_SYS_RESOURCE_H 1
| #define HAVE_SYS_UIO_H 1
| #define HAVE_SYS_UTSNAME_H 1
| #define HAVE_SYS_WAIT_H 1
| #define HAVE_UTIME_H 1
| #define HAVE_SEMAPHORE_H 1
| #define HAVE_LINUX_FALLOC_H 1
| #define HAVE_PATHS_H 1
| #define HAVE_SYS_MTIO_H 1
| #define HAVE_SYSLOG_H 1
| #define HAVE_PWD_H 1
| #define STDC_HEADERS 1
| #define _ALL_SOURCE 1
| #define _DARWIN_C_SOURCE 1
| #define _GNU_SOURCE 1
| #define _HPUX_ALT_XOPEN_SOCKET_API 1
| #define _NETBSD_SOURCE 1
| #define _OPENBSD_SOURCE 1
| #define _POSIX_PTHREAD_SEMANTICS 1
| #define __STDC_WANT_IEC_60559_ATTRIBS_EXT__ 1
| #define __STDC_WANT_IEC_60559_BFP_EXT__ 1
| #define __STDC_WANT_IEC_60559_DFP_EXT__ 1
| #define __STDC_WANT_IEC_60559_EXT__ 1
| #define __STDC_WANT_IEC_60559_FUNCS_EXT__ 1
| #define __STDC_WANT_IEC_60559_TYPES_EXT__ 1
| #define __STDC_WANT_LIB_EXT2__ 1
| #define __STDC_WANT_MATH_SPEC_FUNCS__ 1
| #define _TANDEM_SOURCE 1
| #define __EXTENSIONS__ 1
| #define _FILE_OFFSET_BITS 64
| #define _TIME_BITS 64
| /* end confdefs.h.  */
| /* Define prctl to an innocuous variant, in case <limits.h> declares prctl.
|    For example, HP-UX 11i <limits.h> declares gettimeofday.  */
| #define prctl innocuous_prctl
| 
| /* System header to define __stub macros and hopefully few prototypes,
|    which can conflict with char prctl (void); below.  */
| 
| #include <limits.h>
| #undef prctl
| 
| /* Override any GCC internal prototype to avoid an error.
|    Use char because int might match the return type of a GCC
|    builtin and then its argument prototype would still apply.  */
| #ifdef __cplusplus
| extern "C"
| #endif
| char prctl (void);
| /* The GNU C library defines this for functions which it implements
|     to always fail with ENOSYS.  Some functions are actually named
|     something starting with __ and the normal name is an alias.  */
| #if defined __stub_prctl || defined __stub___prctl
| choke me
| #endif
| 
| int
| main (void)
| {
| return prctl ();
|   ;
|   return 0;
| }
configure:9804: result: no
configure:9804: checking for endgrent
configure:9804: /home/clang+llvm-16.0.4-x86_64-linux-gnu-ubuntu-22.04/bin/clang-16 -pthread --target=wasm32-unknown-wasi --sysroot /home/lind-wasm/glibc/sysroot -Wl,--import-memory,--export-memory,--max-memory=67108864,--export=__stack_pointer -g -O0 -o conftest -g -O2   conftest.c  >&5
In file included from conftest.c:84:
In file included from /home/clang+llvm-16.0.4-x86_64-linux-gnu-ubuntu-22.04/lib/clang/16/include/limits.h:21:
In file included from /home/lind-wasm/glibc/sysroot/include/wasm32-wasi/limits.h:195:
In file included from /home/lind-wasm/glibc/sysroot/include/wasm32-wasi/bits/posix1_lim.h:161:
/home/lind-wasm/glibc/sysroot/include/wasm32-wasi/bits/local_lim.h:38:10: fatal error: 'linux/limits.h' file not found
#include <linux/limits.h>
         ^~~~~~~~~~~~~~~~
1 error generated.
configure:9804: $? = 1
configure: failed program was:
| /* confdefs.h */
| #define PACKAGE_NAME "GNU coreutils"
| #define PACKAGE_TARNAME "coreutils"
| #define PACKAGE_VERSION "9.3"
| #define PACKAGE_STRING "GNU coreutils 9.3"
| #define PACKAGE_BUGREPORT "bug-coreutils@gnu.org"
| #define PACKAGE_URL "https://www.gnu.org/software/coreutils/"
| #define PACKAGE "coreutils"
| #define VERSION "9.3"
| #define HAVE_STDIO_H 1
| #define HAVE_STDLIB_H 1
| #define HAVE_STRING_H 1
| #define HAVE_INTTYPES_H 1
| #define HAVE_STDINT_H 1
| #define HAVE_STRINGS_H 1
| #define HAVE_SYS_STAT_H 1
| #define HAVE_SYS_TYPES_H 1
| #define HAVE_UNISTD_H 1
| #define HAVE_WCHAR_H 1
| #define HAVE_FEATURES_H 1
| #define HAVE_ERROR_H 1
| #define HAVE_FNMATCH_H 1
| #define HAVE_STDIO_EXT_H 1
| #define HAVE_SYS_VFS_H 1
| #define HAVE_GETOPT_H 1
| #define HAVE_SYS_CDEFS_H 1
| #define HAVE_TERMIOS_H 1
| #define HAVE_SYS_TIME_H 1
| #define HAVE_GRP_H 1
| #define HAVE_THREADS_H 1
| #define HAVE_ICONV_H 1
| #define HAVE_WCTYPE_H 1
| #define HAVE_LANGINFO_H 1
| #define HAVE_MATH_H 1
| #define HAVE_SYS_MMAN_H 1
| #define HAVE_SYS_STATVFS_H 1
| #define HAVE_SYS_SELECT_H 1
| #define HAVE_PTHREAD_H 1
| #define HAVE_UTMP_H 1
| #define HAVE_UTMPX_H 1
| #define HAVE_MALLOC_H 1
| #define HAVE_STDBOOL_H 1
| #define HAVE_SYS_IOCTL_H 1
| #define HAVE_SYS_RANDOM_H 1
| #define HAVE_SYS_RESOURCE_H 1
| #define HAVE_SYS_UIO_H 1
| #define HAVE_SYS_UTSNAME_H 1
| #define HAVE_SYS_WAIT_H 1
| #define HAVE_UTIME_H 1
| #define HAVE_SEMAPHORE_H 1
| #define HAVE_LINUX_FALLOC_H 1
| #define HAVE_PATHS_H 1
| #define HAVE_SYS_MTIO_H 1
| #define HAVE_SYSLOG_H 1
| #define HAVE_PWD_H 1
| #define STDC_HEADERS 1
| #define _ALL_SOURCE 1
| #define _DARWIN_C_SOURCE 1
| #define _GNU_SOURCE 1
| #define _HPUX_ALT_XOPEN_SOCKET_API 1
| #define _NETBSD_SOURCE 1
| #define _OPENBSD_SOURCE 1
| #define _POSIX_PTHREAD_SEMANTICS 1
| #define __STDC_WANT_IEC_60559_ATTRIBS_EXT__ 1
| #define __STDC_WANT_IEC_60559_BFP_EXT__ 1
| #define __STDC_WANT_IEC_60559_DFP_EXT__ 1
| #define __STDC_WANT_IEC_60559_EXT__ 1
| #define __STDC_WANT_IEC_60559_FUNCS_EXT__ 1
| #define __STDC_WANT_IEC_60559_TYPES_EXT__ 1
| #define __STDC_WANT_LIB_EXT2__ 1
| #define __STDC_WANT_MATH_SPEC_FUNCS__ 1
| #define _TANDEM_SOURCE 1
| #define __EXTENSIONS__ 1
| #define _FILE_OFFSET_BITS 64
| #define _TIME_BITS 64
| /* end confdefs.h.  */
| /* Define endgrent to an innocuous variant, in case <limits.h> declares endgrent.
|    For example, HP-UX 11i <limits.h> declares gettimeofday.  */
| #define endgrent innocuous_endgrent
| 
| /* System header to define __stub macros and hopefully few prototypes,
|    which can conflict with char endgrent (void); below.  */
| 
| #include <limits.h>
| #undef endgrent
| 
| /* Override any GCC internal prototype to avoid an error.
|    Use char because int might match the return type of a GCC
|    builtin and then its argument prototype would still apply.  */
| #ifdef __cplusplus
| extern "C"
| #endif
| char endgrent (void);
| /* The GNU C library defines this for functions which it implements
|     to always fail with ENOSYS.  Some functions are actually named
|     something starting with __ and the normal name is an alias.  */
| #if defined __stub_endgrent || defined __stub___endgrent
| choke me
| #endif
| 
| int
| main (void)
| {
| return endgrent ();
|   ;
|   return 0;
| }
configure:9804: result: no
configure:9804: checking for endpwent
configure:9804: /home/clang+llvm-16.0.4-x86_64-linux-gnu-ubuntu-22.04/bin/clang-16 -pthread --target=wasm32-unknown-wasi --sysroot /home/lind-wasm/glibc/sysroot -Wl,--import-memory,--export-memory,--max-memory=67108864,--export=__stack_pointer -g -O0 -o conftest -g -O2   conftest.c  >&5
In file included from conftest.c:84:
In file included from /home/clang+llvm-16.0.4-x86_64-linux-gnu-ubuntu-22.04/lib/clang/16/include/limits.h:21:
In file included from /home/lind-wasm/glibc/sysroot/include/wasm32-wasi/limits.h:195:
In file included from /home/lind-wasm/glibc/sysroot/include/wasm32-wasi/bits/posix1_lim.h:161:
/home/lind-wasm/glibc/sysroot/include/wasm32-wasi/bits/local_lim.h:38:10: fatal error: 'linux/limits.h' file not found
#include <linux/limits.h>
         ^~~~~~~~~~~~~~~~
1 error generated.
configure:9804: $? = 1
configure: failed program was:
| /* confdefs.h */
| #define PACKAGE_NAME "GNU coreutils"
| #define PACKAGE_TARNAME "coreutils"
| #define PACKAGE_VERSION "9.3"
| #define PACKAGE_STRING "GNU coreutils 9.3"
| #define PACKAGE_BUGREPORT "bug-coreutils@gnu.org"
| #define PACKAGE_URL "https://www.gnu.org/software/coreutils/"
| #define PACKAGE "coreutils"
| #define VERSION "9.3"
| #define HAVE_STDIO_H 1
| #define HAVE_STDLIB_H 1
| #define HAVE_STRING_H 1
| #define HAVE_INTTYPES_H 1
| #define HAVE_STDINT_H 1
| #define HAVE_STRINGS_H 1
| #define HAVE_SYS_STAT_H 1
| #define HAVE_SYS_TYPES_H 1
| #define HAVE_UNISTD_H 1
| #define HAVE_WCHAR_H 1
| #define HAVE_FEATURES_H 1
| #define HAVE_ERROR_H 1
| #define HAVE_FNMATCH_H 1
| #define HAVE_STDIO_EXT_H 1
| #define HAVE_SYS_VFS_H 1
| #define HAVE_GETOPT_H 1
| #define HAVE_SYS_CDEFS_H 1
| #define HAVE_TERMIOS_H 1
| #define HAVE_SYS_TIME_H 1
| #define HAVE_GRP_H 1
| #define HAVE_THREADS_H 1
| #define HAVE_ICONV_H 1
| #define HAVE_WCTYPE_H 1
| #define HAVE_LANGINFO_H 1
| #define HAVE_MATH_H 1
| #define HAVE_SYS_MMAN_H 1
| #define HAVE_SYS_STATVFS_H 1
| #define HAVE_SYS_SELECT_H 1
| #define HAVE_PTHREAD_H 1
| #define HAVE_UTMP_H 1
| #define HAVE_UTMPX_H 1
| #define HAVE_MALLOC_H 1
| #define HAVE_STDBOOL_H 1
| #define HAVE_SYS_IOCTL_H 1
| #define HAVE_SYS_RANDOM_H 1
| #define HAVE_SYS_RESOURCE_H 1
| #define HAVE_SYS_UIO_H 1
| #define HAVE_SYS_UTSNAME_H 1
| #define HAVE_SYS_WAIT_H 1
| #define HAVE_UTIME_H 1
| #define HAVE_SEMAPHORE_H 1
| #define HAVE_LINUX_FALLOC_H 1
| #define HAVE_PATHS_H 1
| #define HAVE_SYS_MTIO_H 1
| #define HAVE_SYSLOG_H 1
| #define HAVE_PWD_H 1
| #define STDC_HEADERS 1
| #define _ALL_SOURCE 1
| #define _DARWIN_C_SOURCE 1
| #define _GNU_SOURCE 1
| #define _HPUX_ALT_XOPEN_SOCKET_API 1
| #define _NETBSD_SOURCE 1
| #define _OPENBSD_SOURCE 1
| #define _POSIX_PTHREAD_SEMANTICS 1
| #define __STDC_WANT_IEC_60559_ATTRIBS_EXT__ 1
| #define __STDC_WANT_IEC_60559_BFP_EXT__ 1
| #define __STDC_WANT_IEC_60559_DFP_EXT__ 1
| #define __STDC_WANT_IEC_60559_EXT__ 1
| #define __STDC_WANT_IEC_60559_FUNCS_EXT__ 1
| #define __STDC_WANT_IEC_60559_TYPES_EXT__ 1
| #define __STDC_WANT_LIB_EXT2__ 1
| #define __STDC_WANT_MATH_SPEC_FUNCS__ 1
| #define _TANDEM_SOURCE 1
| #define __EXTENSIONS__ 1
| #define _FILE_OFFSET_BITS 64
| #define _TIME_BITS 64
| /* end confdefs.h.  */
| /* Define endpwent to an innocuous variant, in case <limits.h> declares endpwent.
|    For example, HP-UX 11i <limits.h> declares gettimeofday.  */
| #define endpwent innocuous_endpwent
| 
| /* System header to define __stub macros and hopefully few prototypes,
|    which can conflict with char endpwent (void); below.  */
| 
| #include <limits.h>
| #undef endpwent
| 
| /* Override any GCC internal prototype to avoid an error.
|    Use char because int might match the return type of a GCC
|    builtin and then its argument prototype would still apply.  */
| #ifdef __cplusplus
| extern "C"
| #endif
| char endpwent (void);
| /* The GNU C library defines this for functions which it implements
|     to always fail with ENOSYS.  Some functions are actually named
|     something starting with __ and the normal name is an alias.  */
| #if defined __stub_endpwent || defined __stub___endpwent
| choke me
| #endif
| 
| int
| main (void)
| {
| return endpwent ();
|   ;
|   return 0;
| }
configure:9804: result: no
configure:9804: checking for fallocate
configure:9804: /home/clang+llvm-16.0.4-x86_64-linux-gnu-ubuntu-22.04/bin/clang-16 -pthread --target=wasm32-unknown-wasi --sysroot /home/lind-wasm/glibc/sysroot -Wl,--import-memory,--export-memory,--max-memory=67108864,--export=__stack_pointer -g -O0 -o conftest -g -O2   conftest.c  >&5
In file included from conftest.c:84:
In file included from /home/clang+llvm-16.0.4-x86_64-linux-gnu-ubuntu-22.04/lib/clang/16/include/limits.h:21:
In file included from /home/lind-wasm/glibc/sysroot/include/wasm32-wasi/limits.h:195:
In file included from /home/lind-wasm/glibc/sysroot/include/wasm32-wasi/bits/posix1_lim.h:161:
/home/lind-wasm/glibc/sysroot/include/wasm32-wasi/bits/local_lim.h:38:10: fatal error: 'linux/limits.h' file not found
#include <linux/limits.h>
         ^~~~~~~~~~~~~~~~
1 error generated.
configure:9804: $? = 1
configure: failed program was:
| /* confdefs.h */
| #define PACKAGE_NAME "GNU coreutils"
| #define PACKAGE_TARNAME "coreutils"
| #define PACKAGE_VERSION "9.3"
| #define PACKAGE_STRING "GNU coreutils 9.3"
| #define PACKAGE_BUGREPORT "bug-coreutils@gnu.org"
| #define PACKAGE_URL "https://www.gnu.org/software/coreutils/"
| #define PACKAGE "coreutils"
| #define VERSION "9.3"
| #define HAVE_STDIO_H 1
| #define HAVE_STDLIB_H 1
| #define HAVE_STRING_H 1
| #define HAVE_INTTYPES_H 1
| #define HAVE_STDINT_H 1
| #define HAVE_STRINGS_H 1
| #define HAVE_SYS_STAT_H 1
| #define HAVE_SYS_TYPES_H 1
| #define HAVE_UNISTD_H 1
| #define HAVE_WCHAR_H 1
| #define HAVE_FEATURES_H 1
| #define HAVE_ERROR_H 1
| #define HAVE_FNMATCH_H 1
| #define HAVE_STDIO_EXT_H 1
| #define HAVE_SYS_VFS_H 1
| #define HAVE_GETOPT_H 1
| #define HAVE_SYS_CDEFS_H 1
| #define HAVE_TERMIOS_H 1
| #define HAVE_SYS_TIME_H 1
| #define HAVE_GRP_H 1
| #define HAVE_THREADS_H 1
| #define HAVE_ICONV_H 1
| #define HAVE_WCTYPE_H 1
| #define HAVE_LANGINFO_H 1
| #define HAVE_MATH_H 1
| #define HAVE_SYS_MMAN_H 1
| #define HAVE_SYS_STATVFS_H 1
| #define HAVE_SYS_SELECT_H 1
| #define HAVE_PTHREAD_H 1
| #define HAVE_UTMP_H 1
| #define HAVE_UTMPX_H 1
| #define HAVE_MALLOC_H 1
| #define HAVE_STDBOOL_H 1
| #define HAVE_SYS_IOCTL_H 1
| #define HAVE_SYS_RANDOM_H 1
| #define HAVE_SYS_RESOURCE_H 1
| #define HAVE_SYS_UIO_H 1
| #define HAVE_SYS_UTSNAME_H 1
| #define HAVE_SYS_WAIT_H 1
| #define HAVE_UTIME_H 1
| #define HAVE_SEMAPHORE_H 1
| #define HAVE_LINUX_FALLOC_H 1
| #define HAVE_PATHS_H 1
| #define HAVE_SYS_MTIO_H 1
| #define HAVE_SYSLOG_H 1
| #define HAVE_PWD_H 1
| #define STDC_HEADERS 1
| #define _ALL_SOURCE 1
| #define _DARWIN_C_SOURCE 1
| #define _GNU_SOURCE 1
| #define _HPUX_ALT_XOPEN_SOCKET_API 1
| #define _NETBSD_SOURCE 1
| #define _OPENBSD_SOURCE 1
| #define _POSIX_PTHREAD_SEMANTICS 1
| #define __STDC_WANT_IEC_60559_ATTRIBS_EXT__ 1
| #define __STDC_WANT_IEC_60559_BFP_EXT__ 1
| #define __STDC_WANT_IEC_60559_DFP_EXT__ 1
| #define __STDC_WANT_IEC_60559_EXT__ 1
| #define __STDC_WANT_IEC_60559_FUNCS_EXT__ 1
| #define __STDC_WANT_IEC_60559_TYPES_EXT__ 1
| #define __STDC_WANT_LIB_EXT2__ 1
| #define __STDC_WANT_MATH_SPEC_FUNCS__ 1
| #define _TANDEM_SOURCE 1
| #define __EXTENSIONS__ 1
| #define _FILE_OFFSET_BITS 64
| #define _TIME_BITS 64
| /* end confdefs.h.  */
| /* Define fallocate to an innocuous variant, in case <limits.h> declares fallocate.
|    For example, HP-UX 11i <limits.h> declares gettimeofday.  */
| #define fallocate innocuous_fallocate
| 
| /* System header to define __stub macros and hopefully few prototypes,
|    which can conflict with char fallocate (void); below.  */
| 
| #include <limits.h>
| #undef fallocate
| 
| /* Override any GCC internal prototype to avoid an error.
|    Use char because int might match the return type of a GCC
|    builtin and then its argument prototype would still apply.  */
| #ifdef __cplusplus
| extern "C"
| #endif
| char fallocate (void);
| /* The GNU C library defines this for functions which it implements
|     to always fail with ENOSYS.  Some functions are actually named
|     something starting with __ and the normal name is an alias.  */
| #if defined __stub_fallocate || defined __stub___fallocate
| choke me
| #endif
| 
| int
| main (void)
| {
| return fallocate ();
|   ;
|   return 0;
| }
configure:9804: result: no
configure:9804: checking for ftruncate
configure:9804: /home/clang+llvm-16.0.4-x86_64-linux-gnu-ubuntu-22.04/bin/clang-16 -pthread --target=wasm32-unknown-wasi --sysroot /home/lind-wasm/glibc/sysroot -Wl,--import-memory,--export-memory,--max-memory=67108864,--export=__stack_pointer -g -O0 -o conftest -g -O2   conftest.c  >&5
In file included from conftest.c:84:
In file included from /home/clang+llvm-16.0.4-x86_64-linux-gnu-ubuntu-22.04/lib/clang/16/include/limits.h:21:
In file included from /home/lind-wasm/glibc/sysroot/include/wasm32-wasi/limits.h:195:
In file included from /home/lind-wasm/glibc/sysroot/include/wasm32-wasi/bits/posix1_lim.h:161:
/home/lind-wasm/glibc/sysroot/include/wasm32-wasi/bits/local_lim.h:38:10: fatal error: 'linux/limits.h' file not found
#include <linux/limits.h>
         ^~~~~~~~~~~~~~~~
1 error generated.
configure:9804: $? = 1
configure: failed program was:
| /* confdefs.h */
| #define PACKAGE_NAME "GNU coreutils"
| #define PACKAGE_TARNAME "coreutils"
| #define PACKAGE_VERSION "9.3"
| #define PACKAGE_STRING "GNU coreutils 9.3"
| #define PACKAGE_BUGREPORT "bug-coreutils@gnu.org"
| #define PACKAGE_URL "https://www.gnu.org/software/coreutils/"
| #define PACKAGE "coreutils"
| #define VERSION "9.3"
| #define HAVE_STDIO_H 1
| #define HAVE_STDLIB_H 1
| #define HAVE_STRING_H 1
| #define HAVE_INTTYPES_H 1
| #define HAVE_STDINT_H 1
| #define HAVE_STRINGS_H 1
| #define HAVE_SYS_STAT_H 1
| #define HAVE_SYS_TYPES_H 1
| #define HAVE_UNISTD_H 1
| #define HAVE_WCHAR_H 1
| #define HAVE_FEATURES_H 1
| #define HAVE_ERROR_H 1
| #define HAVE_FNMATCH_H 1
| #define HAVE_STDIO_EXT_H 1
| #define HAVE_SYS_VFS_H 1
| #define HAVE_GETOPT_H 1
| #define HAVE_SYS_CDEFS_H 1
| #define HAVE_TERMIOS_H 1
| #define HAVE_SYS_TIME_H 1
| #define HAVE_GRP_H 1
| #define HAVE_THREADS_H 1
| #define HAVE_ICONV_H 1
| #define HAVE_WCTYPE_H 1
| #define HAVE_LANGINFO_H 1
| #define HAVE_MATH_H 1
| #define HAVE_SYS_MMAN_H 1
| #define HAVE_SYS_STATVFS_H 1
| #define HAVE_SYS_SELECT_H 1
| #define HAVE_PTHREAD_H 1
| #define HAVE_UTMP_H 1
| #define HAVE_UTMPX_H 1
| #define HAVE_MALLOC_H 1
| #define HAVE_STDBOOL_H 1
| #define HAVE_SYS_IOCTL_H 1
| #define HAVE_SYS_RANDOM_H 1
| #define HAVE_SYS_RESOURCE_H 1
| #define HAVE_SYS_UIO_H 1
| #define HAVE_SYS_UTSNAME_H 1
| #define HAVE_SYS_WAIT_H 1
| #define HAVE_UTIME_H 1
| #define HAVE_SEMAPHORE_H 1
| #define HAVE_LINUX_FALLOC_H 1
| #define HAVE_PATHS_H 1
| #define HAVE_SYS_MTIO_H 1
| #define HAVE_SYSLOG_H 1
| #define HAVE_PWD_H 1
| #define STDC_HEADERS 1
| #define _ALL_SOURCE 1
| #define _DARWIN_C_SOURCE 1
| #define _GNU_SOURCE 1
| #define _HPUX_ALT_XOPEN_SOCKET_API 1
| #define _NETBSD_SOURCE 1
| #define _OPENBSD_SOURCE 1
| #define _POSIX_PTHREAD_SEMANTICS 1
| #define __STDC_WANT_IEC_60559_ATTRIBS_EXT__ 1
| #define __STDC_WANT_IEC_60559_BFP_EXT__ 1
| #define __STDC_WANT_IEC_60559_DFP_EXT__ 1
| #define __STDC_WANT_IEC_60559_EXT__ 1
| #define __STDC_WANT_IEC_60559_FUNCS_EXT__ 1
| #define __STDC_WANT_IEC_60559_TYPES_EXT__ 1
| #define __STDC_WANT_LIB_EXT2__ 1
| #define __STDC_WANT_MATH_SPEC_FUNCS__ 1
| #define _TANDEM_SOURCE 1
| #define __EXTENSIONS__ 1
| #define _FILE_OFFSET_BITS 64
| #define _TIME_BITS 64
| /* end confdefs.h.  */
| /* Define ftruncate to an innocuous variant, in case <limits.h> declares ftruncate.
|    For example, HP-UX 11i <limits.h> declares gettimeofday.  */
| #define ftruncate innocuous_ftruncate
| 
| /* System header to define __stub macros and hopefully few prototypes,
|    which can conflict with char ftruncate (void); below.  */
| 
| #include <limits.h>
| #undef ftruncate
| 
| /* Override any GCC internal prototype to avoid an error.
|    Use char because int might match the return type of a GCC
|    builtin and then its argument prototype would still apply.  */
| #ifdef __cplusplus
| extern "C"
| #endif
| char ftruncate (void);
| /* The GNU C library defines this for functions which it implements
|     to always fail with ENOSYS.  Some functions are actually named
|     something starting with __ and the normal name is an alias.  */
| #if defined __stub_ftruncate || defined __stub___ftruncate
| choke me
| #endif
| 
| int
| main (void)
| {
| return ftruncate ();
|   ;
|   return 0;
| }
configure:9804: result: no
configure:9804: checking for iswspace
configure:9804: /home/clang+llvm-16.0.4-x86_64-linux-gnu-ubuntu-22.04/bin/clang-16 -pthread --target=wasm32-unknown-wasi --sysroot /home/lind-wasm/glibc/sysroot -Wl,--import-memory,--export-memory,--max-memory=67108864,--export=__stack_pointer -g -O0 -o conftest -g -O2   conftest.c  >&5
In file included from conftest.c:84:
In file included from /home/clang+llvm-16.0.4-x86_64-linux-gnu-ubuntu-22.04/lib/clang/16/include/limits.h:21:
In file included from /home/lind-wasm/glibc/sysroot/include/wasm32-wasi/limits.h:195:
In file included from /home/lind-wasm/glibc/sysroot/include/wasm32-wasi/bits/posix1_lim.h:161:
/home/lind-wasm/glibc/sysroot/include/wasm32-wasi/bits/local_lim.h:38:10: fatal error: 'linux/limits.h' file not found
#include <linux/limits.h>
         ^~~~~~~~~~~~~~~~
1 error generated.
configure:9804: $? = 1
configure: failed program was:
| /* confdefs.h */
| #define PACKAGE_NAME "GNU coreutils"
| #define PACKAGE_TARNAME "coreutils"
| #define PACKAGE_VERSION "9.3"
| #define PACKAGE_STRING "GNU coreutils 9.3"
| #define PACKAGE_BUGREPORT "bug-coreutils@gnu.org"
| #define PACKAGE_URL "https://www.gnu.org/software/coreutils/"
| #define PACKAGE "coreutils"
| #define VERSION "9.3"
| #define HAVE_STDIO_H 1
| #define HAVE_STDLIB_H 1
| #define HAVE_STRING_H 1
| #define HAVE_INTTYPES_H 1
| #define HAVE_STDINT_H 1
| #define HAVE_STRINGS_H 1
| #define HAVE_SYS_STAT_H 1
| #define HAVE_SYS_TYPES_H 1
| #define HAVE_UNISTD_H 1
| #define HAVE_WCHAR_H 1
| #define HAVE_FEATURES_H 1
| #define HAVE_ERROR_H 1
| #define HAVE_FNMATCH_H 1
| #define HAVE_STDIO_EXT_H 1
| #define HAVE_SYS_VFS_H 1
| #define HAVE_GETOPT_H 1
| #define HAVE_SYS_CDEFS_H 1
| #define HAVE_TERMIOS_H 1
| #define HAVE_SYS_TIME_H 1
| #define HAVE_GRP_H 1
| #define HAVE_THREADS_H 1
| #define HAVE_ICONV_H 1
| #define HAVE_WCTYPE_H 1
| #define HAVE_LANGINFO_H 1
| #define HAVE_MATH_H 1
| #define HAVE_SYS_MMAN_H 1
| #define HAVE_SYS_STATVFS_H 1
| #define HAVE_SYS_SELECT_H 1
| #define HAVE_PTHREAD_H 1
| #define HAVE_UTMP_H 1
| #define HAVE_UTMPX_H 1
| #define HAVE_MALLOC_H 1
| #define HAVE_STDBOOL_H 1
| #define HAVE_SYS_IOCTL_H 1
| #define HAVE_SYS_RANDOM_H 1
| #define HAVE_SYS_RESOURCE_H 1
| #define HAVE_SYS_UIO_H 1
| #define HAVE_SYS_UTSNAME_H 1
| #define HAVE_SYS_WAIT_H 1
| #define HAVE_UTIME_H 1
| #define HAVE_SEMAPHORE_H 1
| #define HAVE_LINUX_FALLOC_H 1
| #define HAVE_PATHS_H 1
| #define HAVE_SYS_MTIO_H 1
| #define HAVE_SYSLOG_H 1
| #define HAVE_PWD_H 1
| #define STDC_HEADERS 1
| #define _ALL_SOURCE 1
| #define _DARWIN_C_SOURCE 1
| #define _GNU_SOURCE 1
| #define _HPUX_ALT_XOPEN_SOCKET_API 1
| #define _NETBSD_SOURCE 1
| #define _OPENBSD_SOURCE 1
| #define _POSIX_PTHREAD_SEMANTICS 1
| #define __STDC_WANT_IEC_60559_ATTRIBS_EXT__ 1
| #define __STDC_WANT_IEC_60559_BFP_EXT__ 1
| #define __STDC_WANT_IEC_60559_DFP_EXT__ 1
| #define __STDC_WANT_IEC_60559_EXT__ 1
| #define __STDC_WANT_IEC_60559_FUNCS_EXT__ 1
| #define __STDC_WANT_IEC_60559_TYPES_EXT__ 1
| #define __STDC_WANT_LIB_EXT2__ 1
| #define __STDC_WANT_MATH_SPEC_FUNCS__ 1
| #define _TANDEM_SOURCE 1
| #define __EXTENSIONS__ 1
| #define _FILE_OFFSET_BITS 64
| #define _TIME_BITS 64
| /* end confdefs.h.  */
| /* Define iswspace to an innocuous variant, in case <limits.h> declares iswspace.
|    For example, HP-UX 11i <limits.h> declares gettimeofday.  */
| #define iswspace innocuous_iswspace
| 
| /* System header to define __stub macros and hopefully few prototypes,
|    which can conflict with char iswspace (void); below.  */
| 
| #include <limits.h>
| #undef iswspace
| 
| /* Override any GCC internal prototype to avoid an error.
|    Use char because int might match the return type of a GCC
|    builtin and then its argument prototype would still apply.  */
| #ifdef __cplusplus
| extern "C"
| #endif
| char iswspace (void);
| /* The GNU C library defines this for functions which it implements
|     to always fail with ENOSYS.  Some functions are actually named
|     something starting with __ and the normal name is an alias.  */
| #if defined __stub_iswspace || defined __stub___iswspace
| choke me
| #endif
| 
| int
| main (void)
| {
| return iswspace ();
|   ;
|   return 0;
| }
configure:9804: result: no
configure:9804: checking for mkfifo
configure:9804: /home/clang+llvm-16.0.4-x86_64-linux-gnu-ubuntu-22.04/bin/clang-16 -pthread --target=wasm32-unknown-wasi --sysroot /home/lind-wasm/glibc/sysroot -Wl,--import-memory,--export-memory,--max-memory=67108864,--export=__stack_pointer -g -O0 -o conftest -g -O2   conftest.c  >&5
In file included from conftest.c:84:
In file included from /home/clang+llvm-16.0.4-x86_64-linux-gnu-ubuntu-22.04/lib/clang/16/include/limits.h:21:
In file included from /home/lind-wasm/glibc/sysroot/include/wasm32-wasi/limits.h:195:
In file included from /home/lind-wasm/glibc/sysroot/include/wasm32-wasi/bits/posix1_lim.h:161:
/home/lind-wasm/glibc/sysroot/include/wasm32-wasi/bits/local_lim.h:38:10: fatal error: 'linux/limits.h' file not found
#include <linux/limits.h>
         ^~~~~~~~~~~~~~~~
1 error generated.
configure:9804: $? = 1
configure: failed program was:
| /* confdefs.h */
| #define PACKAGE_NAME "GNU coreutils"
| #define PACKAGE_TARNAME "coreutils"
| #define PACKAGE_VERSION "9.3"
| #define PACKAGE_STRING "GNU coreutils 9.3"
| #define PACKAGE_BUGREPORT "bug-coreutils@gnu.org"
| #define PACKAGE_URL "https://www.gnu.org/software/coreutils/"
| #define PACKAGE "coreutils"
| #define VERSION "9.3"
| #define HAVE_STDIO_H 1
| #define HAVE_STDLIB_H 1
| #define HAVE_STRING_H 1
| #define HAVE_INTTYPES_H 1
| #define HAVE_STDINT_H 1
| #define HAVE_STRINGS_H 1
| #define HAVE_SYS_STAT_H 1
| #define HAVE_SYS_TYPES_H 1
| #define HAVE_UNISTD_H 1
| #define HAVE_WCHAR_H 1
| #define HAVE_FEATURES_H 1
| #define HAVE_ERROR_H 1
| #define HAVE_FNMATCH_H 1
| #define HAVE_STDIO_EXT_H 1
| #define HAVE_SYS_VFS_H 1
| #define HAVE_GETOPT_H 1
| #define HAVE_SYS_CDEFS_H 1
| #define HAVE_TERMIOS_H 1
| #define HAVE_SYS_TIME_H 1
| #define HAVE_GRP_H 1
| #define HAVE_THREADS_H 1
| #define HAVE_ICONV_H 1
| #define HAVE_WCTYPE_H 1
| #define HAVE_LANGINFO_H 1
| #define HAVE_MATH_H 1
| #define HAVE_SYS_MMAN_H 1
| #define HAVE_SYS_STATVFS_H 1
| #define HAVE_SYS_SELECT_H 1
| #define HAVE_PTHREAD_H 1
| #define HAVE_UTMP_H 1
| #define HAVE_UTMPX_H 1
| #define HAVE_MALLOC_H 1
| #define HAVE_STDBOOL_H 1
| #define HAVE_SYS_IOCTL_H 1
| #define HAVE_SYS_RANDOM_H 1
| #define HAVE_SYS_RESOURCE_H 1
| #define HAVE_SYS_UIO_H 1
| #define HAVE_SYS_UTSNAME_H 1
| #define HAVE_SYS_WAIT_H 1
| #define HAVE_UTIME_H 1
| #define HAVE_SEMAPHORE_H 1
| #define HAVE_LINUX_FALLOC_H 1
| #define HAVE_PATHS_H 1
| #define HAVE_SYS_MTIO_H 1
| #define HAVE_SYSLOG_H 1
| #define HAVE_PWD_H 1
| #define STDC_HEADERS 1
| #define _ALL_SOURCE 1
| #define _DARWIN_C_SOURCE 1
| #define _GNU_SOURCE 1
| #define _HPUX_ALT_XOPEN_SOCKET_API 1
| #define _NETBSD_SOURCE 1
| #define _OPENBSD_SOURCE 1
| #define _POSIX_PTHREAD_SEMANTICS 1
| #define __STDC_WANT_IEC_60559_ATTRIBS_EXT__ 1
| #define __STDC_WANT_IEC_60559_BFP_EXT__ 1
| #define __STDC_WANT_IEC_60559_DFP_EXT__ 1
| #define __STDC_WANT_IEC_60559_EXT__ 1
| #define __STDC_WANT_IEC_60559_FUNCS_EXT__ 1
| #define __STDC_WANT_IEC_60559_TYPES_EXT__ 1
| #define __STDC_WANT_LIB_EXT2__ 1
| #define __STDC_WANT_MATH_SPEC_FUNCS__ 1
| #define _TANDEM_SOURCE 1
| #define __EXTENSIONS__ 1
| #define _FILE_OFFSET_BITS 64
| #define _TIME_BITS 64
| /* end confdefs.h.  */
| /* Define mkfifo to an innocuous variant, in case <limits.h> declares mkfifo.
|    For example, HP-UX 11i <limits.h> declares gettimeofday.  */
| #define mkfifo innocuous_mkfifo
| 
| /* System header to define __stub macros and hopefully few prototypes,
|    which can conflict with char mkfifo (void); below.  */
| 
| #include <limits.h>
| #undef mkfifo
| 
| /* Override any GCC internal prototype to avoid an error.
|    Use char because int might match the return type of a GCC
|    builtin and then its argument prototype would still apply.  */
| #ifdef __cplusplus
| extern "C"
| #endif
| char mkfifo (void);
| /* The GNU C library defines this for functions which it implements
|     to always fail with ENOSYS.  Some functions are actually named
|     something starting with __ and the normal name is an alias.  */
| #if defined __stub_mkfifo || defined __stub___mkfifo
| choke me
| #endif
| 
| int
| main (void)
| {
| return mkfifo ();
|   ;
|   return 0;
| }
configure:9804: result: no
configure:9804: checking for setgroups
configure:9804: /home/clang+llvm-16.0.4-x86_64-linux-gnu-ubuntu-22.04/bin/clang-16 -pthread --target=wasm32-unknown-wasi --sysroot /home/lind-wasm/glibc/sysroot -Wl,--import-memory,--export-memory,--max-memory=67108864,--export=__stack_pointer -g -O0 -o conftest -g -O2   conftest.c  >&5
In file included from conftest.c:84:
In file included from /home/clang+llvm-16.0.4-x86_64-linux-gnu-ubuntu-22.04/lib/clang/16/include/limits.h:21:
In file included from /home/lind-wasm/glibc/sysroot/include/wasm32-wasi/limits.h:195:
In file included from /home/lind-wasm/glibc/sysroot/include/wasm32-wasi/bits/posix1_lim.h:161:
/home/lind-wasm/glibc/sysroot/include/wasm32-wasi/bits/local_lim.h:38:10: fatal error: 'linux/limits.h' file not found
#include <linux/limits.h>
         ^~~~~~~~~~~~~~~~
1 error generated.
configure:9804: $? = 1
configure: failed program was:
| /* confdefs.h */
| #define PACKAGE_NAME "GNU coreutils"
| #define PACKAGE_TARNAME "coreutils"
| #define PACKAGE_VERSION "9.3"
| #define PACKAGE_STRING "GNU coreutils 9.3"
| #define PACKAGE_BUGREPORT "bug-coreutils@gnu.org"
| #define PACKAGE_URL "https://www.gnu.org/software/coreutils/"
| #define PACKAGE "coreutils"
| #define VERSION "9.3"
| #define HAVE_STDIO_H 1
| #define HAVE_STDLIB_H 1
| #define HAVE_STRING_H 1
| #define HAVE_INTTYPES_H 1
| #define HAVE_STDINT_H 1
| #define HAVE_STRINGS_H 1
| #define HAVE_SYS_STAT_H 1
| #define HAVE_SYS_TYPES_H 1
| #define HAVE_UNISTD_H 1
| #define HAVE_WCHAR_H 1
| #define HAVE_FEATURES_H 1
| #define HAVE_ERROR_H 1
| #define HAVE_FNMATCH_H 1
| #define HAVE_STDIO_EXT_H 1
| #define HAVE_SYS_VFS_H 1
| #define HAVE_GETOPT_H 1
| #define HAVE_SYS_CDEFS_H 1
| #define HAVE_TERMIOS_H 1
| #define HAVE_SYS_TIME_H 1
| #define HAVE_GRP_H 1
| #define HAVE_THREADS_H 1
| #define HAVE_ICONV_H 1
| #define HAVE_WCTYPE_H 1
| #define HAVE_LANGINFO_H 1
| #define HAVE_MATH_H 1
| #define HAVE_SYS_MMAN_H 1
| #define HAVE_SYS_STATVFS_H 1
| #define HAVE_SYS_SELECT_H 1
| #define HAVE_PTHREAD_H 1
| #define HAVE_UTMP_H 1
| #define HAVE_UTMPX_H 1
| #define HAVE_MALLOC_H 1
| #define HAVE_STDBOOL_H 1
| #define HAVE_SYS_IOCTL_H 1
| #define HAVE_SYS_RANDOM_H 1
| #define HAVE_SYS_RESOURCE_H 1
| #define HAVE_SYS_UIO_H 1
| #define HAVE_SYS_UTSNAME_H 1
| #define HAVE_SYS_WAIT_H 1
| #define HAVE_UTIME_H 1
| #define HAVE_SEMAPHORE_H 1
| #define HAVE_LINUX_FALLOC_H 1
| #define HAVE_PATHS_H 1
| #define HAVE_SYS_MTIO_H 1
| #define HAVE_SYSLOG_H 1
| #define HAVE_PWD_H 1
| #define STDC_HEADERS 1
| #define _ALL_SOURCE 1
| #define _DARWIN_C_SOURCE 1
| #define _GNU_SOURCE 1
| #define _HPUX_ALT_XOPEN_SOCKET_API 1
| #define _NETBSD_SOURCE 1
| #define _OPENBSD_SOURCE 1
| #define _POSIX_PTHREAD_SEMANTICS 1
| #define __STDC_WANT_IEC_60559_ATTRIBS_EXT__ 1
| #define __STDC_WANT_IEC_60559_BFP_EXT__ 1
| #define __STDC_WANT_IEC_60559_DFP_EXT__ 1
| #define __STDC_WANT_IEC_60559_EXT__ 1
| #define __STDC_WANT_IEC_60559_FUNCS_EXT__ 1
| #define __STDC_WANT_IEC_60559_TYPES_EXT__ 1
| #define __STDC_WANT_LIB_EXT2__ 1
| #define __STDC_WANT_MATH_SPEC_FUNCS__ 1
| #define _TANDEM_SOURCE 1
| #define __EXTENSIONS__ 1
| #define _FILE_OFFSET_BITS 64
| #define _TIME_BITS 64
| /* end confdefs.h.  */
| /* Define setgroups to an innocuous variant, in case <limits.h> declares setgroups.
|    For example, HP-UX 11i <limits.h> declares gettimeofday.  */
| #define setgroups innocuous_setgroups
| 
| /* System header to define __stub macros and hopefully few prototypes,
|    which can conflict with char setgroups (void); below.  */
| 
| #include <limits.h>
| #undef setgroups
| 
| /* Override any GCC internal prototype to avoid an error.
|    Use char because int might match the return type of a GCC
|    builtin and then its argument prototype would still apply.  */
| #ifdef __cplusplus
| extern "C"
| #endif
| char setgroups (void);
| /* The GNU C library defines this for functions which it implements
|     to always fail with ENOSYS.  Some functions are actually named
|     something starting with __ and the normal name is an alias.  */
| #if defined __stub_setgroups || defined __stub___setgroups
| choke me
| #endif
| 
| int
| main (void)
| {
| return setgroups ();
|   ;
|   return 0;
| }
configure:9804: result: no
configure:9804: checking for sethostname
configure:9804: /home/clang+llvm-16.0.4-x86_64-linux-gnu-ubuntu-22.04/bin/clang-16 -pthread --target=wasm32-unknown-wasi --sysroot /home/lind-wasm/glibc/sysroot -Wl,--import-memory,--export-memory,--max-memory=67108864,--export=__stack_pointer -g -O0 -o conftest -g -O2   conftest.c  >&5
In file included from conftest.c:84:
In file included from /home/clang+llvm-16.0.4-x86_64-linux-gnu-ubuntu-22.04/lib/clang/16/include/limits.h:21:
In file included from /home/lind-wasm/glibc/sysroot/include/wasm32-wasi/limits.h:195:
In file included from /home/lind-wasm/glibc/sysroot/include/wasm32-wasi/bits/posix1_lim.h:161:
/home/lind-wasm/glibc/sysroot/include/wasm32-wasi/bits/local_lim.h:38:10: fatal error: 'linux/limits.h' file not found
#include <linux/limits.h>
         ^~~~~~~~~~~~~~~~
1 error generated.
configure:9804: $? = 1
configure: failed program was:
| /* confdefs.h */
| #define PACKAGE_NAME "GNU coreutils"
| #define PACKAGE_TARNAME "coreutils"
| #define PACKAGE_VERSION "9.3"
| #define PACKAGE_STRING "GNU coreutils 9.3"
| #define PACKAGE_BUGREPORT "bug-coreutils@gnu.org"
| #define PACKAGE_URL "https://www.gnu.org/software/coreutils/"
| #define PACKAGE "coreutils"
| #define VERSION "9.3"
| #define HAVE_STDIO_H 1
| #define HAVE_STDLIB_H 1
| #define HAVE_STRING_H 1
| #define HAVE_INTTYPES_H 1
| #define HAVE_STDINT_H 1
| #define HAVE_STRINGS_H 1
| #define HAVE_SYS_STAT_H 1
| #define HAVE_SYS_TYPES_H 1
| #define HAVE_UNISTD_H 1
| #define HAVE_WCHAR_H 1
| #define HAVE_FEATURES_H 1
| #define HAVE_ERROR_H 1
| #define HAVE_FNMATCH_H 1
| #define HAVE_STDIO_EXT_H 1
| #define HAVE_SYS_VFS_H 1
| #define HAVE_GETOPT_H 1
| #define HAVE_SYS_CDEFS_H 1
| #define HAVE_TERMIOS_H 1
| #define HAVE_SYS_TIME_H 1
| #define HAVE_GRP_H 1
| #define HAVE_THREADS_H 1
| #define HAVE_ICONV_H 1
| #define HAVE_WCTYPE_H 1
| #define HAVE_LANGINFO_H 1
| #define HAVE_MATH_H 1
| #define HAVE_SYS_MMAN_H 1
| #define HAVE_SYS_STATVFS_H 1
| #define HAVE_SYS_SELECT_H 1
| #define HAVE_PTHREAD_H 1
| #define HAVE_UTMP_H 1
| #define HAVE_UTMPX_H 1
| #define HAVE_MALLOC_H 1
| #define HAVE_STDBOOL_H 1
| #define HAVE_SYS_IOCTL_H 1
| #define HAVE_SYS_RANDOM_H 1
| #define HAVE_SYS_RESOURCE_H 1
| #define HAVE_SYS_UIO_H 1
| #define HAVE_SYS_UTSNAME_H 1
| #define HAVE_SYS_WAIT_H 1
| #define HAVE_UTIME_H 1
| #define HAVE_SEMAPHORE_H 1
| #define HAVE_LINUX_FALLOC_H 1
| #define HAVE_PATHS_H 1
| #define HAVE_SYS_MTIO_H 1
| #define HAVE_SYSLOG_H 1
| #define HAVE_PWD_H 1
| #define STDC_HEADERS 1
| #define _ALL_SOURCE 1
| #define _DARWIN_C_SOURCE 1
| #define _GNU_SOURCE 1
| #define _HPUX_ALT_XOPEN_SOCKET_API 1
| #define _NETBSD_SOURCE 1
| #define _OPENBSD_SOURCE 1
| #define _POSIX_PTHREAD_SEMANTICS 1
| #define __STDC_WANT_IEC_60559_ATTRIBS_EXT__ 1
| #define __STDC_WANT_IEC_60559_BFP_EXT__ 1
| #define __STDC_WANT_IEC_60559_DFP_EXT__ 1
| #define __STDC_WANT_IEC_60559_EXT__ 1
| #define __STDC_WANT_IEC_60559_FUNCS_EXT__ 1
| #define __STDC_WANT_IEC_60559_TYPES_EXT__ 1
| #define __STDC_WANT_LIB_EXT2__ 1
| #define __STDC_WANT_MATH_SPEC_FUNCS__ 1
| #define _TANDEM_SOURCE 1
| #define __EXTENSIONS__ 1
| #define _FILE_OFFSET_BITS 64
| #define _TIME_BITS 64
| /* end confdefs.h.  */
| /* Define sethostname to an innocuous variant, in case <limits.h> declares sethostname.
|    For example, HP-UX 11i <limits.h> declares gettimeofday.  */
| #define sethostname innocuous_sethostname
| 
| /* System header to define __stub macros and hopefully few prototypes,
|    which can conflict with char sethostname (void); below.  */
| 
| #include <limits.h>
| #undef sethostname
| 
| /* Override any GCC internal prototype to avoid an error.
|    Use char because int might match the return type of a GCC
|    builtin and then its argument prototype would still apply.  */
| #ifdef __cplusplus
| extern "C"
| #endif
| char sethostname (void);
| /* The GNU C library defines this for functions which it implements
|     to always fail with ENOSYS.  Some functions are actually named
|     something starting with __ and the normal name is an alias.  */
| #if defined __stub_sethostname || defined __stub___sethostname
| choke me
| #endif
| 
| int
| main (void)
| {
| return sethostname ();
|   ;
|   return 0;
| }
configure:9804: result: no
configure:9804: checking for sync
configure:9804: /home/clang+llvm-16.0.4-x86_64-linux-gnu-ubuntu-22.04/bin/clang-16 -pthread --target=wasm32-unknown-wasi --sysroot /home/lind-wasm/glibc/sysroot -Wl,--import-memory,--export-memory,--max-memory=67108864,--export=__stack_pointer -g -O0 -o conftest -g -O2   conftest.c  >&5
In file included from conftest.c:84:
In file included from /home/clang+llvm-16.0.4-x86_64-linux-gnu-ubuntu-22.04/lib/clang/16/include/limits.h:21:
In file included from /home/lind-wasm/glibc/sysroot/include/wasm32-wasi/limits.h:195:
In file included from /home/lind-wasm/glibc/sysroot/include/wasm32-wasi/bits/posix1_lim.h:161:
/home/lind-wasm/glibc/sysroot/include/wasm32-wasi/bits/local_lim.h:38:10: fatal error: 'linux/limits.h' file not found
#include <linux/limits.h>
         ^~~~~~~~~~~~~~~~
1 error generated.
configure:9804: $? = 1
configure: failed program was:
| /* confdefs.h */
| #define PACKAGE_NAME "GNU coreutils"
| #define PACKAGE_TARNAME "coreutils"
| #define PACKAGE_VERSION "9.3"
| #define PACKAGE_STRING "GNU coreutils 9.3"
| #define PACKAGE_BUGREPORT "bug-coreutils@gnu.org"
| #define PACKAGE_URL "https://www.gnu.org/software/coreutils/"
| #define PACKAGE "coreutils"
| #define VERSION "9.3"
| #define HAVE_STDIO_H 1
| #define HAVE_STDLIB_H 1
| #define HAVE_STRING_H 1
| #define HAVE_INTTYPES_H 1
| #define HAVE_STDINT_H 1
| #define HAVE_STRINGS_H 1
| #define HAVE_SYS_STAT_H 1
| #define HAVE_SYS_TYPES_H 1
| #define HAVE_UNISTD_H 1
| #define HAVE_WCHAR_H 1
| #define HAVE_FEATURES_H 1
| #define HAVE_ERROR_H 1
| #define HAVE_FNMATCH_H 1
| #define HAVE_STDIO_EXT_H 1
| #define HAVE_SYS_VFS_H 1
| #define HAVE_GETOPT_H 1
| #define HAVE_SYS_CDEFS_H 1
| #define HAVE_TERMIOS_H 1
| #define HAVE_SYS_TIME_H 1
| #define HAVE_GRP_H 1
| #define HAVE_THREADS_H 1
| #define HAVE_ICONV_H 1
| #define HAVE_WCTYPE_H 1
| #define HAVE_LANGINFO_H 1
| #define HAVE_MATH_H 1
| #define HAVE_SYS_MMAN_H 1
| #define HAVE_SYS_STATVFS_H 1
| #define HAVE_SYS_SELECT_H 1
| #define HAVE_PTHREAD_H 1
| #define HAVE_UTMP_H 1
| #define HAVE_UTMPX_H 1
| #define HAVE_MALLOC_H 1
| #define HAVE_STDBOOL_H 1
| #define HAVE_SYS_IOCTL_H 1
| #define HAVE_SYS_RANDOM_H 1
| #define HAVE_SYS_RESOURCE_H 1
| #define HAVE_SYS_UIO_H 1
| #define HAVE_SYS_UTSNAME_H 1
| #define HAVE_SYS_WAIT_H 1
| #define HAVE_UTIME_H 1
| #define HAVE_SEMAPHORE_H 1
| #define HAVE_LINUX_FALLOC_H 1
| #define HAVE_PATHS_H 1
| #define HAVE_SYS_MTIO_H 1
| #define HAVE_SYSLOG_H 1
| #define HAVE_PWD_H 1
| #define STDC_HEADERS 1
| #define _ALL_SOURCE 1
| #define _DARWIN_C_SOURCE 1
| #define _GNU_SOURCE 1
| #define _HPUX_ALT_XOPEN_SOCKET_API 1
| #define _NETBSD_SOURCE 1
| #define _OPENBSD_SOURCE 1
| #define _POSIX_PTHREAD_SEMANTICS 1
| #define __STDC_WANT_IEC_60559_ATTRIBS_EXT__ 1
| #define __STDC_WANT_IEC_60559_BFP_EXT__ 1
| #define __STDC_WANT_IEC_60559_DFP_EXT__ 1
| #define __STDC_WANT_IEC_60559_EXT__ 1
| #define __STDC_WANT_IEC_60559_FUNCS_EXT__ 1
| #define __STDC_WANT_IEC_60559_TYPES_EXT__ 1
| #define __STDC_WANT_LIB_EXT2__ 1
| #define __STDC_WANT_MATH_SPEC_FUNCS__ 1
| #define _TANDEM_SOURCE 1
| #define __EXTENSIONS__ 1
| #define _FILE_OFFSET_BITS 64
| #define _TIME_BITS 64
| /* end confdefs.h.  */
| /* Define sync to an innocuous variant, in case <limits.h> declares sync.
|    For example, HP-UX 11i <limits.h> declares gettimeofday.  */
| #define sync innocuous_sync
| 
| /* System header to define __stub macros and hopefully few prototypes,
|    which can conflict with char sync (void); below.  */
| 
| #include <limits.h>
| #undef sync
| 
| /* Override any GCC internal prototype to avoid an error.
|    Use char because int might match the return type of a GCC
|    builtin and then its argument prototype would still apply.  */
| #ifdef __cplusplus
| extern "C"
| #endif
| char sync (void);
| /* The GNU C library defines this for functions which it implements
|     to always fail with ENOSYS.  Some functions are actually named
|     something starting with __ and the normal name is an alias.  */
| #if defined __stub_sync || defined __stub___sync
| choke me
| #endif
| 
| int
| main (void)
| {
| return sync ();
|   ;
|   return 0;
| }
configure:9804: result: no
configure:9804: checking for syncfs
configure:9804: /home/clang+llvm-16.0.4-x86_64-linux-gnu-ubuntu-22.04/bin/clang-16 -pthread --target=wasm32-unknown-wasi --sysroot /home/lind-wasm/glibc/sysroot -Wl,--import-memory,--export-memory,--max-memory=67108864,--export=__stack_pointer -g -O0 -o conftest -g -O2   conftest.c  >&5
In file included from conftest.c:84:
In file included from /home/clang+llvm-16.0.4-x86_64-linux-gnu-ubuntu-22.04/lib/clang/16/include/limits.h:21:
In file included from /home/lind-wasm/glibc/sysroot/include/wasm32-wasi/limits.h:195:
In file included from /home/lind-wasm/glibc/sysroot/include/wasm32-wasi/bits/posix1_lim.h:161:
/home/lind-wasm/glibc/sysroot/include/wasm32-wasi/bits/local_lim.h:38:10: fatal error: 'linux/limits.h' file not found
#include <linux/limits.h>
         ^~~~~~~~~~~~~~~~
1 error generated.
configure:9804: $? = 1
configure: failed program was:
| /* confdefs.h */
| #define PACKAGE_NAME "GNU coreutils"
| #define PACKAGE_TARNAME "coreutils"
| #define PACKAGE_VERSION "9.3"
| #define PACKAGE_STRING "GNU coreutils 9.3"
| #define PACKAGE_BUGREPORT "bug-coreutils@gnu.org"
| #define PACKAGE_URL "https://www.gnu.org/software/coreutils/"
| #define PACKAGE "coreutils"
| #define VERSION "9.3"
| #define HAVE_STDIO_H 1
| #define HAVE_STDLIB_H 1
| #define HAVE_STRING_H 1
| #define HAVE_INTTYPES_H 1
| #define HAVE_STDINT_H 1
| #define HAVE_STRINGS_H 1
| #define HAVE_SYS_STAT_H 1
| #define HAVE_SYS_TYPES_H 1
| #define HAVE_UNISTD_H 1
| #define HAVE_WCHAR_H 1
| #define HAVE_FEATURES_H 1
| #define HAVE_ERROR_H 1
| #define HAVE_FNMATCH_H 1
| #define HAVE_STDIO_EXT_H 1
| #define HAVE_SYS_VFS_H 1
| #define HAVE_GETOPT_H 1
| #define HAVE_SYS_CDEFS_H 1
| #define HAVE_TERMIOS_H 1
| #define HAVE_SYS_TIME_H 1
| #define HAVE_GRP_H 1
| #define HAVE_THREADS_H 1
| #define HAVE_ICONV_H 1
| #define HAVE_WCTYPE_H 1
| #define HAVE_LANGINFO_H 1
| #define HAVE_MATH_H 1
| #define HAVE_SYS_MMAN_H 1
| #define HAVE_SYS_STATVFS_H 1
| #define HAVE_SYS_SELECT_H 1
| #define HAVE_PTHREAD_H 1
| #define HAVE_UTMP_H 1
| #define HAVE_UTMPX_H 1
| #define HAVE_MALLOC_H 1
| #define HAVE_STDBOOL_H 1
| #define HAVE_SYS_IOCTL_H 1
| #define HAVE_SYS_RANDOM_H 1
| #define HAVE_SYS_RESOURCE_H 1
| #define HAVE_SYS_UIO_H 1
| #define HAVE_SYS_UTSNAME_H 1
| #define HAVE_SYS_WAIT_H 1
| #define HAVE_UTIME_H 1
| #define HAVE_SEMAPHORE_H 1
| #define HAVE_LINUX_FALLOC_H 1
| #define HAVE_PATHS_H 1
| #define HAVE_SYS_MTIO_H 1
| #define HAVE_SYSLOG_H 1
| #define HAVE_PWD_H 1
| #define STDC_HEADERS 1
| #define _ALL_SOURCE 1
| #define _DARWIN_C_SOURCE 1
| #define _GNU_SOURCE 1
| #define _HPUX_ALT_XOPEN_SOCKET_API 1
| #define _NETBSD_SOURCE 1
| #define _OPENBSD_SOURCE 1
| #define _POSIX_PTHREAD_SEMANTICS 1
| #define __STDC_WANT_IEC_60559_ATTRIBS_EXT__ 1
| #define __STDC_WANT_IEC_60559_BFP_EXT__ 1
| #define __STDC_WANT_IEC_60559_DFP_EXT__ 1
| #define __STDC_WANT_IEC_60559_EXT__ 1
| #define __STDC_WANT_IEC_60559_FUNCS_EXT__ 1
| #define __STDC_WANT_IEC_60559_TYPES_EXT__ 1
| #define __STDC_WANT_LIB_EXT2__ 1
| #define __STDC_WANT_MATH_SPEC_FUNCS__ 1
| #define _TANDEM_SOURCE 1
| #define __EXTENSIONS__ 1
| #define _FILE_OFFSET_BITS 64
| #define _TIME_BITS 64
| /* end confdefs.h.  */
| /* Define syncfs to an innocuous variant, in case <limits.h> declares syncfs.
|    For example, HP-UX 11i <limits.h> declares gettimeofday.  */
| #define syncfs innocuous_syncfs
| 
| /* System header to define __stub macros and hopefully few prototypes,
|    which can conflict with char syncfs (void); below.  */
| 
| #include <limits.h>
| #undef syncfs
| 
| /* Override any GCC internal prototype to avoid an error.
|    Use char because int might match the return type of a GCC
|    builtin and then its argument prototype would still apply.  */
| #ifdef __cplusplus
| extern "C"
| #endif
| char syncfs (void);
| /* The GNU C library defines this for functions which it implements
|     to always fail with ENOSYS.  Some functions are actually named
|     something starting with __ and the normal name is an alias.  */
| #if defined __stub_syncfs || defined __stub___syncfs
| choke me
| #endif
| 
| int
| main (void)
| {
| return syncfs ();
|   ;
|   return 0;
| }
configure:9804: result: no
configure:9804: checking for sysctl
configure:9804: /home/clang+llvm-16.0.4-x86_64-linux-gnu-ubuntu-22.04/bin/clang-16 -pthread --target=wasm32-unknown-wasi --sysroot /home/lind-wasm/glibc/sysroot -Wl,--import-memory,--export-memory,--max-memory=67108864,--export=__stack_pointer -g -O0 -o conftest -g -O2   conftest.c  >&5
In file included from conftest.c:84:
In file included from /home/clang+llvm-16.0.4-x86_64-linux-gnu-ubuntu-22.04/lib/clang/16/include/limits.h:21:
In file included from /home/lind-wasm/glibc/sysroot/include/wasm32-wasi/limits.h:195:
In file included from /home/lind-wasm/glibc/sysroot/include/wasm32-wasi/bits/posix1_lim.h:161:
/home/lind-wasm/glibc/sysroot/include/wasm32-wasi/bits/local_lim.h:38:10: fatal error: 'linux/limits.h' file not found
#include <linux/limits.h>
         ^~~~~~~~~~~~~~~~
1 error generated.
configure:9804: $? = 1
configure: failed program was:
| /* confdefs.h */
| #define PACKAGE_NAME "GNU coreutils"
| #define PACKAGE_TARNAME "coreutils"
| #define PACKAGE_VERSION "9.3"
| #define PACKAGE_STRING "GNU coreutils 9.3"
| #define PACKAGE_BUGREPORT "bug-coreutils@gnu.org"
| #define PACKAGE_URL "https://www.gnu.org/software/coreutils/"
| #define PACKAGE "coreutils"
| #define VERSION "9.3"
| #define HAVE_STDIO_H 1
| #define HAVE_STDLIB_H 1
| #define HAVE_STRING_H 1
| #define HAVE_INTTYPES_H 1
| #define HAVE_STDINT_H 1
| #define HAVE_STRINGS_H 1
| #define HAVE_SYS_STAT_H 1
| #define HAVE_SYS_TYPES_H 1
| #define HAVE_UNISTD_H 1
| #define HAVE_WCHAR_H 1
| #define HAVE_FEATURES_H 1
| #define HAVE_ERROR_H 1
| #define HAVE_FNMATCH_H 1
| #define HAVE_STDIO_EXT_H 1
| #define HAVE_SYS_VFS_H 1
| #define HAVE_GETOPT_H 1
| #define HAVE_SYS_CDEFS_H 1
| #define HAVE_TERMIOS_H 1
| #define HAVE_SYS_TIME_H 1
| #define HAVE_GRP_H 1
| #define HAVE_THREADS_H 1
| #define HAVE_ICONV_H 1
| #define HAVE_WCTYPE_H 1
| #define HAVE_LANGINFO_H 1
| #define HAVE_MATH_H 1
| #define HAVE_SYS_MMAN_H 1
| #define HAVE_SYS_STATVFS_H 1
| #define HAVE_SYS_SELECT_H 1
| #define HAVE_PTHREAD_H 1
| #define HAVE_UTMP_H 1
| #define HAVE_UTMPX_H 1
| #define HAVE_MALLOC_H 1
| #define HAVE_STDBOOL_H 1
| #define HAVE_SYS_IOCTL_H 1
| #define HAVE_SYS_RANDOM_H 1
| #define HAVE_SYS_RESOURCE_H 1
| #define HAVE_SYS_UIO_H 1
| #define HAVE_SYS_UTSNAME_H 1
| #define HAVE_SYS_WAIT_H 1
| #define HAVE_UTIME_H 1
| #define HAVE_SEMAPHORE_H 1
| #define HAVE_LINUX_FALLOC_H 1
| #define HAVE_PATHS_H 1
| #define HAVE_SYS_MTIO_H 1
| #define HAVE_SYSLOG_H 1
| #define HAVE_PWD_H 1
| #define STDC_HEADERS 1
| #define _ALL_SOURCE 1
| #define _DARWIN_C_SOURCE 1
| #define _GNU_SOURCE 1
| #define _HPUX_ALT_XOPEN_SOCKET_API 1
| #define _NETBSD_SOURCE 1
| #define _OPENBSD_SOURCE 1
| #define _POSIX_PTHREAD_SEMANTICS 1
| #define __STDC_WANT_IEC_60559_ATTRIBS_EXT__ 1
| #define __STDC_WANT_IEC_60559_BFP_EXT__ 1
| #define __STDC_WANT_IEC_60559_DFP_EXT__ 1
| #define __STDC_WANT_IEC_60559_EXT__ 1
| #define __STDC_WANT_IEC_60559_FUNCS_EXT__ 1
| #define __STDC_WANT_IEC_60559_TYPES_EXT__ 1
| #define __STDC_WANT_LIB_EXT2__ 1
| #define __STDC_WANT_MATH_SPEC_FUNCS__ 1
| #define _TANDEM_SOURCE 1
| #define __EXTENSIONS__ 1
| #define _FILE_OFFSET_BITS 64
| #define _TIME_BITS 64
| /* end confdefs.h.  */
| /* Define sysctl to an innocuous variant, in case <limits.h> declares sysctl.
|    For example, HP-UX 11i <limits.h> declares gettimeofday.  */
| #define sysctl innocuous_sysctl
| 
| /* System header to define __stub macros and hopefully few prototypes,
|    which can conflict with char sysctl (void); below.  */
| 
| #include <limits.h>
| #undef sysctl
| 
| /* Override any GCC internal prototype to avoid an error.
|    Use char because int might match the return type of a GCC
|    builtin and then its argument prototype would still apply.  */
| #ifdef __cplusplus
| extern "C"
| #endif
| char sysctl (void);
| /* The GNU C library defines this for functions which it implements
|     to always fail with ENOSYS.  Some functions are actually named
|     something starting with __ and the normal name is an alias.  */
| #if defined __stub_sysctl || defined __stub___sysctl
| choke me
| #endif
| 
| int
| main (void)
| {
| return sysctl ();
|   ;
|   return 0;
| }
configure:9804: result: no
configure:9804: checking for sysinfo
configure:9804: /home/clang+llvm-16.0.4-x86_64-linux-gnu-ubuntu-22.04/bin/clang-16 -pthread --target=wasm32-unknown-wasi --sysroot /home/lind-wasm/glibc/sysroot -Wl,--import-memory,--export-memory,--max-memory=67108864,--export=__stack_pointer -g -O0 -o conftest -g -O2   conftest.c  >&5
In file included from conftest.c:84:
In file included from /home/clang+llvm-16.0.4-x86_64-linux-gnu-ubuntu-22.04/lib/clang/16/include/limits.h:21:
In file included from /home/lind-wasm/glibc/sysroot/include/wasm32-wasi/limits.h:195:
In file included from /home/lind-wasm/glibc/sysroot/include/wasm32-wasi/bits/posix1_lim.h:161:
/home/lind-wasm/glibc/sysroot/include/wasm32-wasi/bits/local_lim.h:38:10: fatal error: 'linux/limits.h' file not found
#include <linux/limits.h>
         ^~~~~~~~~~~~~~~~
1 error generated.
configure:9804: $? = 1
configure: failed program was:
| /* confdefs.h */
| #define PACKAGE_NAME "GNU coreutils"
| #define PACKAGE_TARNAME "coreutils"
| #define PACKAGE_VERSION "9.3"
| #define PACKAGE_STRING "GNU coreutils 9.3"
| #define PACKAGE_BUGREPORT "bug-coreutils@gnu.org"
| #define PACKAGE_URL "https://www.gnu.org/software/coreutils/"
| #define PACKAGE "coreutils"
| #define VERSION "9.3"
| #define HAVE_STDIO_H 1
| #define HAVE_STDLIB_H 1
| #define HAVE_STRING_H 1
| #define HAVE_INTTYPES_H 1
| #define HAVE_STDINT_H 1
| #define HAVE_STRINGS_H 1
| #define HAVE_SYS_STAT_H 1
| #define HAVE_SYS_TYPES_H 1
| #define HAVE_UNISTD_H 1
| #define HAVE_WCHAR_H 1
| #define HAVE_FEATURES_H 1
| #define HAVE_ERROR_H 1
| #define HAVE_FNMATCH_H 1
| #define HAVE_STDIO_EXT_H 1
| #define HAVE_SYS_VFS_H 1
| #define HAVE_GETOPT_H 1
| #define HAVE_SYS_CDEFS_H 1
| #define HAVE_TERMIOS_H 1
| #define HAVE_SYS_TIME_H 1
| #define HAVE_GRP_H 1
| #define HAVE_THREADS_H 1
| #define HAVE_ICONV_H 1
| #define HAVE_WCTYPE_H 1
| #define HAVE_LANGINFO_H 1
| #define HAVE_MATH_H 1
| #define HAVE_SYS_MMAN_H 1
| #define HAVE_SYS_STATVFS_H 1
| #define HAVE_SYS_SELECT_H 1
| #define HAVE_PTHREAD_H 1
| #define HAVE_UTMP_H 1
| #define HAVE_UTMPX_H 1
| #define HAVE_MALLOC_H 1
| #define HAVE_STDBOOL_H 1
| #define HAVE_SYS_IOCTL_H 1
| #define HAVE_SYS_RANDOM_H 1
| #define HAVE_SYS_RESOURCE_H 1
| #define HAVE_SYS_UIO_H 1
| #define HAVE_SYS_UTSNAME_H 1
| #define HAVE_SYS_WAIT_H 1
| #define HAVE_UTIME_H 1
| #define HAVE_SEMAPHORE_H 1
| #define HAVE_LINUX_FALLOC_H 1
| #define HAVE_PATHS_H 1
| #define HAVE_SYS_MTIO_H 1
| #define HAVE_SYSLOG_H 1
| #define HAVE_PWD_H 1
| #define STDC_HEADERS 1
| #define _ALL_SOURCE 1
| #define _DARWIN_C_SOURCE 1
| #define _GNU_SOURCE 1
| #define _HPUX_ALT_XOPEN_SOCKET_API 1
| #define _NETBSD_SOURCE 1
| #define _OPENBSD_SOURCE 1
| #define _POSIX_PTHREAD_SEMANTICS 1
| #define __STDC_WANT_IEC_60559_ATTRIBS_EXT__ 1
| #define __STDC_WANT_IEC_60559_BFP_EXT__ 1
| #define __STDC_WANT_IEC_60559_DFP_EXT__ 1
| #define __STDC_WANT_IEC_60559_EXT__ 1
| #define __STDC_WANT_IEC_60559_FUNCS_EXT__ 1
| #define __STDC_WANT_IEC_60559_TYPES_EXT__ 1
| #define __STDC_WANT_LIB_EXT2__ 1
| #define __STDC_WANT_MATH_SPEC_FUNCS__ 1
| #define _TANDEM_SOURCE 1
| #define __EXTENSIONS__ 1
| #define _FILE_OFFSET_BITS 64
| #define _TIME_BITS 64
| /* end confdefs.h.  */
| /* Define sysinfo to an innocuous variant, in case <limits.h> declares sysinfo.
|    For example, HP-UX 11i <limits.h> declares gettimeofday.  */
| #define sysinfo innocuous_sysinfo
| 
| /* System header to define __stub macros and hopefully few prototypes,
|    which can conflict with char sysinfo (void); below.  */
| 
| #include <limits.h>
| #undef sysinfo
| 
| /* Override any GCC internal prototype to avoid an error.
|    Use char because int might match the return type of a GCC
|    builtin and then its argument prototype would still apply.  */
| #ifdef __cplusplus
| extern "C"
| #endif
| char sysinfo (void);
| /* The GNU C library defines this for functions which it implements
|     to always fail with ENOSYS.  Some functions are actually named
|     something starting with __ and the normal name is an alias.  */
| #if defined __stub_sysinfo || defined __stub___sysinfo
| choke me
| #endif
| 
| int
| main (void)
| {
| return sysinfo ();
|   ;
|   return 0;
| }
configure:9804: result: no
configure:9804: checking for tcgetpgrp
configure:9804: /home/clang+llvm-16.0.4-x86_64-linux-gnu-ubuntu-22.04/bin/clang-16 -pthread --target=wasm32-unknown-wasi --sysroot /home/lind-wasm/glibc/sysroot -Wl,--import-memory,--export-memory,--max-memory=67108864,--export=__stack_pointer -g -O0 -o conftest -g -O2   conftest.c  >&5
In file included from conftest.c:84:
In file included from /home/clang+llvm-16.0.4-x86_64-linux-gnu-ubuntu-22.04/lib/clang/16/include/limits.h:21:
In file included from /home/lind-wasm/glibc/sysroot/include/wasm32-wasi/limits.h:195:
In file included from /home/lind-wasm/glibc/sysroot/include/wasm32-wasi/bits/posix1_lim.h:161:
/home/lind-wasm/glibc/sysroot/include/wasm32-wasi/bits/local_lim.h:38:10: fatal error: 'linux/limits.h' file not found
#include <linux/limits.h>
         ^~~~~~~~~~~~~~~~
1 error generated.
configure:9804: $? = 1
configure: failed program was:
| /* confdefs.h */
| #define PACKAGE_NAME "GNU coreutils"
| #define PACKAGE_TARNAME "coreutils"
| #define PACKAGE_VERSION "9.3"
| #define PACKAGE_STRING "GNU coreutils 9.3"
| #define PACKAGE_BUGREPORT "bug-coreutils@gnu.org"
| #define PACKAGE_URL "https://www.gnu.org/software/coreutils/"
| #define PACKAGE "coreutils"
| #define VERSION "9.3"
| #define HAVE_STDIO_H 1
| #define HAVE_STDLIB_H 1
| #define HAVE_STRING_H 1
| #define HAVE_INTTYPES_H 1
| #define HAVE_STDINT_H 1
| #define HAVE_STRINGS_H 1
| #define HAVE_SYS_STAT_H 1
| #define HAVE_SYS_TYPES_H 1
| #define HAVE_UNISTD_H 1
| #define HAVE_WCHAR_H 1
| #define HAVE_FEATURES_H 1
| #define HAVE_ERROR_H 1
| #define HAVE_FNMATCH_H 1
| #define HAVE_STDIO_EXT_H 1
| #define HAVE_SYS_VFS_H 1
| #define HAVE_GETOPT_H 1
| #define HAVE_SYS_CDEFS_H 1
| #define HAVE_TERMIOS_H 1
| #define HAVE_SYS_TIME_H 1
| #define HAVE_GRP_H 1
| #define HAVE_THREADS_H 1
| #define HAVE_ICONV_H 1
| #define HAVE_WCTYPE_H 1
| #define HAVE_LANGINFO_H 1
| #define HAVE_MATH_H 1
| #define HAVE_SYS_MMAN_H 1
| #define HAVE_SYS_STATVFS_H 1
| #define HAVE_SYS_SELECT_H 1
| #define HAVE_PTHREAD_H 1
| #define HAVE_UTMP_H 1
| #define HAVE_UTMPX_H 1
| #define HAVE_MALLOC_H 1
| #define HAVE_STDBOOL_H 1
| #define HAVE_SYS_IOCTL_H 1
| #define HAVE_SYS_RANDOM_H 1
| #define HAVE_SYS_RESOURCE_H 1
| #define HAVE_SYS_UIO_H 1
| #define HAVE_SYS_UTSNAME_H 1
| #define HAVE_SYS_WAIT_H 1
| #define HAVE_UTIME_H 1
| #define HAVE_SEMAPHORE_H 1
| #define HAVE_LINUX_FALLOC_H 1
| #define HAVE_PATHS_H 1
| #define HAVE_SYS_MTIO_H 1
| #define HAVE_SYSLOG_H 1
| #define HAVE_PWD_H 1
| #define STDC_HEADERS 1
| #define _ALL_SOURCE 1
| #define _DARWIN_C_SOURCE 1
| #define _GNU_SOURCE 1
| #define _HPUX_ALT_XOPEN_SOCKET_API 1
| #define _NETBSD_SOURCE 1
| #define _OPENBSD_SOURCE 1
| #define _POSIX_PTHREAD_SEMANTICS 1
| #define __STDC_WANT_IEC_60559_ATTRIBS_EXT__ 1
| #define __STDC_WANT_IEC_60559_BFP_EXT__ 1
| #define __STDC_WANT_IEC_60559_DFP_EXT__ 1
| #define __STDC_WANT_IEC_60559_EXT__ 1
| #define __STDC_WANT_IEC_60559_FUNCS_EXT__ 1
| #define __STDC_WANT_IEC_60559_TYPES_EXT__ 1
| #define __STDC_WANT_LIB_EXT2__ 1
| #define __STDC_WANT_MATH_SPEC_FUNCS__ 1
| #define _TANDEM_SOURCE 1
| #define __EXTENSIONS__ 1
| #define _FILE_OFFSET_BITS 64
| #define _TIME_BITS 64
| /* end confdefs.h.  */
| /* Define tcgetpgrp to an innocuous variant, in case <limits.h> declares tcgetpgrp.
|    For example, HP-UX 11i <limits.h> declares gettimeofday.  */
| #define tcgetpgrp innocuous_tcgetpgrp
| 
| /* System header to define __stub macros and hopefully few prototypes,
|    which can conflict with char tcgetpgrp (void); below.  */
| 
| #include <limits.h>
| #undef tcgetpgrp
| 
| /* Override any GCC internal prototype to avoid an error.
|    Use char because int might match the return type of a GCC
|    builtin and then its argument prototype would still apply.  */
| #ifdef __cplusplus
| extern "C"
| #endif
| char tcgetpgrp (void);
| /* The GNU C library defines this for functions which it implements
|     to always fail with ENOSYS.  Some functions are actually named
|     something starting with __ and the normal name is an alias.  */
| #if defined __stub_tcgetpgrp || defined __stub___tcgetpgrp
| choke me
| #endif
| 
| int
| main (void)
| {
| return tcgetpgrp ();
|   ;
|   return 0;
| }
configure:9804: result: no
configure:9804: checking for getgrgid_nomembers
configure:9804: /home/clang+llvm-16.0.4-x86_64-linux-gnu-ubuntu-22.04/bin/clang-16 -pthread --target=wasm32-unknown-wasi --sysroot /home/lind-wasm/glibc/sysroot -Wl,--import-memory,--export-memory,--max-memory=67108864,--export=__stack_pointer -g -O0 -o conftest -g -O2   conftest.c  >&5
In file included from conftest.c:84:
In file included from /home/clang+llvm-16.0.4-x86_64-linux-gnu-ubuntu-22.04/lib/clang/16/include/limits.h:21:
In file included from /home/lind-wasm/glibc/sysroot/include/wasm32-wasi/limits.h:195:
In file included from /home/lind-wasm/glibc/sysroot/include/wasm32-wasi/bits/posix1_lim.h:161:
/home/lind-wasm/glibc/sysroot/include/wasm32-wasi/bits/local_lim.h:38:10: fatal error: 'linux/limits.h' file not found
#include <linux/limits.h>
         ^~~~~~~~~~~~~~~~
1 error generated.
configure:9804: $? = 1
configure: failed program was:
| /* confdefs.h */
| #define PACKAGE_NAME "GNU coreutils"
| #define PACKAGE_TARNAME "coreutils"
| #define PACKAGE_VERSION "9.3"
| #define PACKAGE_STRING "GNU coreutils 9.3"
| #define PACKAGE_BUGREPORT "bug-coreutils@gnu.org"
| #define PACKAGE_URL "https://www.gnu.org/software/coreutils/"
| #define PACKAGE "coreutils"
| #define VERSION "9.3"
| #define HAVE_STDIO_H 1
| #define HAVE_STDLIB_H 1
| #define HAVE_STRING_H 1
| #define HAVE_INTTYPES_H 1
| #define HAVE_STDINT_H 1
| #define HAVE_STRINGS_H 1
| #define HAVE_SYS_STAT_H 1
| #define HAVE_SYS_TYPES_H 1
| #define HAVE_UNISTD_H 1
| #define HAVE_WCHAR_H 1
| #define HAVE_FEATURES_H 1
| #define HAVE_ERROR_H 1
| #define HAVE_FNMATCH_H 1
| #define HAVE_STDIO_EXT_H 1
| #define HAVE_SYS_VFS_H 1
| #define HAVE_GETOPT_H 1
| #define HAVE_SYS_CDEFS_H 1
| #define HAVE_TERMIOS_H 1
| #define HAVE_SYS_TIME_H 1
| #define HAVE_GRP_H 1
| #define HAVE_THREADS_H 1
| #define HAVE_ICONV_H 1
| #define HAVE_WCTYPE_H 1
| #define HAVE_LANGINFO_H 1
| #define HAVE_MATH_H 1
| #define HAVE_SYS_MMAN_H 1
| #define HAVE_SYS_STATVFS_H 1
| #define HAVE_SYS_SELECT_H 1
| #define HAVE_PTHREAD_H 1
| #define HAVE_UTMP_H 1
| #define HAVE_UTMPX_H 1
| #define HAVE_MALLOC_H 1
| #define HAVE_STDBOOL_H 1
| #define HAVE_SYS_IOCTL_H 1
| #define HAVE_SYS_RANDOM_H 1
| #define HAVE_SYS_RESOURCE_H 1
| #define HAVE_SYS_UIO_H 1
| #define HAVE_SYS_UTSNAME_H 1
| #define HAVE_SYS_WAIT_H 1
| #define HAVE_UTIME_H 1
| #define HAVE_SEMAPHORE_H 1
| #define HAVE_LINUX_FALLOC_H 1
| #define HAVE_PATHS_H 1
| #define HAVE_SYS_MTIO_H 1
| #define HAVE_SYSLOG_H 1
| #define HAVE_PWD_H 1
| #define STDC_HEADERS 1
| #define _ALL_SOURCE 1
| #define _DARWIN_C_SOURCE 1
| #define _GNU_SOURCE 1
| #define _HPUX_ALT_XOPEN_SOCKET_API 1
| #define _NETBSD_SOURCE 1
| #define _OPENBSD_SOURCE 1
| #define _POSIX_PTHREAD_SEMANTICS 1
| #define __STDC_WANT_IEC_60559_ATTRIBS_EXT__ 1
| #define __STDC_WANT_IEC_60559_BFP_EXT__ 1
| #define __STDC_WANT_IEC_60559_DFP_EXT__ 1
| #define __STDC_WANT_IEC_60559_EXT__ 1
| #define __STDC_WANT_IEC_60559_FUNCS_EXT__ 1
| #define __STDC_WANT_IEC_60559_TYPES_EXT__ 1
| #define __STDC_WANT_LIB_EXT2__ 1
| #define __STDC_WANT_MATH_SPEC_FUNCS__ 1
| #define _TANDEM_SOURCE 1
| #define __EXTENSIONS__ 1
| #define _FILE_OFFSET_BITS 64
| #define _TIME_BITS 64
| /* end confdefs.h.  */
| /* Define getgrgid_nomembers to an innocuous variant, in case <limits.h> declares getgrgid_nomembers.
|    For example, HP-UX 11i <limits.h> declares gettimeofday.  */
| #define getgrgid_nomembers innocuous_getgrgid_nomembers
| 
| /* System header to define __stub macros and hopefully few prototypes,
|    which can conflict with char getgrgid_nomembers (void); below.  */
| 
| #include <limits.h>
| #undef getgrgid_nomembers
| 
| /* Override any GCC internal prototype to avoid an error.
|    Use char because int might match the return type of a GCC
|    builtin and then its argument prototype would still apply.  */
| #ifdef __cplusplus
| extern "C"
| #endif
| char getgrgid_nomembers (void);
| /* The GNU C library defines this for functions which it implements
|     to always fail with ENOSYS.  Some functions are actually named
|     something starting with __ and the normal name is an alias.  */
| #if defined __stub_getgrgid_nomembers || defined __stub___getgrgid_nomembers
| choke me
| #endif
| 
| int
| main (void)
| {
| return getgrgid_nomembers ();
|   ;
|   return 0;
| }
configure:9804: result: no
configure:9804: checking for getgrnam_nomembers
configure:9804: /home/clang+llvm-16.0.4-x86_64-linux-gnu-ubuntu-22.04/bin/clang-16 -pthread --target=wasm32-unknown-wasi --sysroot /home/lind-wasm/glibc/sysroot -Wl,--import-memory,--export-memory,--max-memory=67108864,--export=__stack_pointer -g -O0 -o conftest -g -O2   conftest.c  >&5
In file included from conftest.c:84:
In file included from /home/clang+llvm-16.0.4-x86_64-linux-gnu-ubuntu-22.04/lib/clang/16/include/limits.h:21:
In file included from /home/lind-wasm/glibc/sysroot/include/wasm32-wasi/limits.h:195:
In file included from /home/lind-wasm/glibc/sysroot/include/wasm32-wasi/bits/posix1_lim.h:161:
/home/lind-wasm/glibc/sysroot/include/wasm32-wasi/bits/local_lim.h:38:10: fatal error: 'linux/limits.h' file not found
#include <linux/limits.h>
         ^~~~~~~~~~~~~~~~
1 error generated.
configure:9804: $? = 1
configure: failed program was:
| /* confdefs.h */
| #define PACKAGE_NAME "GNU coreutils"
| #define PACKAGE_TARNAME "coreutils"
| #define PACKAGE_VERSION "9.3"
| #define PACKAGE_STRING "GNU coreutils 9.3"
| #define PACKAGE_BUGREPORT "bug-coreutils@gnu.org"
| #define PACKAGE_URL "https://www.gnu.org/software/coreutils/"
| #define PACKAGE "coreutils"
| #define VERSION "9.3"
| #define HAVE_STDIO_H 1
| #define HAVE_STDLIB_H 1
| #define HAVE_STRING_H 1
| #define HAVE_INTTYPES_H 1
| #define HAVE_STDINT_H 1
| #define HAVE_STRINGS_H 1
| #define HAVE_SYS_STAT_H 1
| #define HAVE_SYS_TYPES_H 1
| #define HAVE_UNISTD_H 1
| #define HAVE_WCHAR_H 1
| #define HAVE_FEATURES_H 1
| #define HAVE_ERROR_H 1
| #define HAVE_FNMATCH_H 1
| #define HAVE_STDIO_EXT_H 1
| #define HAVE_SYS_VFS_H 1
| #define HAVE_GETOPT_H 1
| #define HAVE_SYS_CDEFS_H 1
| #define HAVE_TERMIOS_H 1
| #define HAVE_SYS_TIME_H 1
| #define HAVE_GRP_H 1
| #define HAVE_THREADS_H 1
| #define HAVE_ICONV_H 1
| #define HAVE_WCTYPE_H 1
| #define HAVE_LANGINFO_H 1
| #define HAVE_MATH_H 1
| #define HAVE_SYS_MMAN_H 1
| #define HAVE_SYS_STATVFS_H 1
| #define HAVE_SYS_SELECT_H 1
| #define HAVE_PTHREAD_H 1
| #define HAVE_UTMP_H 1
| #define HAVE_UTMPX_H 1
| #define HAVE_MALLOC_H 1
| #define HAVE_STDBOOL_H 1
| #define HAVE_SYS_IOCTL_H 1
| #define HAVE_SYS_RANDOM_H 1
| #define HAVE_SYS_RESOURCE_H 1
| #define HAVE_SYS_UIO_H 1
| #define HAVE_SYS_UTSNAME_H 1
| #define HAVE_SYS_WAIT_H 1
| #define HAVE_UTIME_H 1
| #define HAVE_SEMAPHORE_H 1
| #define HAVE_LINUX_FALLOC_H 1
| #define HAVE_PATHS_H 1
| #define HAVE_SYS_MTIO_H 1
| #define HAVE_SYSLOG_H 1
| #define HAVE_PWD_H 1
| #define STDC_HEADERS 1
| #define _ALL_SOURCE 1
| #define _DARWIN_C_SOURCE 1
| #define _GNU_SOURCE 1
| #define _HPUX_ALT_XOPEN_SOCKET_API 1
| #define _NETBSD_SOURCE 1
| #define _OPENBSD_SOURCE 1
| #define _POSIX_PTHREAD_SEMANTICS 1
| #define __STDC_WANT_IEC_60559_ATTRIBS_EXT__ 1
| #define __STDC_WANT_IEC_60559_BFP_EXT__ 1
| #define __STDC_WANT_IEC_60559_DFP_EXT__ 1
| #define __STDC_WANT_IEC_60559_EXT__ 1
| #define __STDC_WANT_IEC_60559_FUNCS_EXT__ 1
| #define __STDC_WANT_IEC_60559_TYPES_EXT__ 1
| #define __STDC_WANT_LIB_EXT2__ 1
| #define __STDC_WANT_MATH_SPEC_FUNCS__ 1
| #define _TANDEM_SOURCE 1
| #define __EXTENSIONS__ 1
| #define _FILE_OFFSET_BITS 64
| #define _TIME_BITS 64
| /* end confdefs.h.  */
| /* Define getgrnam_nomembers to an innocuous variant, in case <limits.h> declares getgrnam_nomembers.
|    For example, HP-UX 11i <limits.h> declares gettimeofday.  */
| #define getgrnam_nomembers innocuous_getgrnam_nomembers
| 
| /* System header to define __stub macros and hopefully few prototypes,
|    which can conflict with char getgrnam_nomembers (void); below.  */
| 
| #include <limits.h>
| #undef getgrnam_nomembers
| 
| /* Override any GCC internal prototype to avoid an error.
|    Use char because int might match the return type of a GCC
|    builtin and then its argument prototype would still apply.  */
| #ifdef __cplusplus
| extern "C"
| #endif
| char getgrnam_nomembers (void);
| /* The GNU C library defines this for functions which it implements
|     to always fail with ENOSYS.  Some functions are actually named
|     something starting with __ and the normal name is an alias.  */
| #if defined __stub_getgrnam_nomembers || defined __stub___getgrnam_nomembers
| choke me
| #endif
| 
| int
| main (void)
| {
| return getgrnam_nomembers ();
|   ;
|   return 0;
| }
configure:9804: result: no
configure:9804: checking for getgrent_nomembers
configure:9804: /home/clang+llvm-16.0.4-x86_64-linux-gnu-ubuntu-22.04/bin/clang-16 -pthread --target=wasm32-unknown-wasi --sysroot /home/lind-wasm/glibc/sysroot -Wl,--import-memory,--export-memory,--max-memory=67108864,--export=__stack_pointer -g -O0 -o conftest -g -O2   conftest.c  >&5
In file included from conftest.c:84:
In file included from /home/clang+llvm-16.0.4-x86_64-linux-gnu-ubuntu-22.04/lib/clang/16/include/limits.h:21:
In file included from /home/lind-wasm/glibc/sysroot/include/wasm32-wasi/limits.h:195:
In file included from /home/lind-wasm/glibc/sysroot/include/wasm32-wasi/bits/posix1_lim.h:161:
/home/lind-wasm/glibc/sysroot/include/wasm32-wasi/bits/local_lim.h:38:10: fatal error: 'linux/limits.h' file not found
#include <linux/limits.h>
         ^~~~~~~~~~~~~~~~
1 error generated.
configure:9804: $? = 1
configure: failed program was:
| /* confdefs.h */
| #define PACKAGE_NAME "GNU coreutils"
| #define PACKAGE_TARNAME "coreutils"
| #define PACKAGE_VERSION "9.3"
| #define PACKAGE_STRING "GNU coreutils 9.3"
| #define PACKAGE_BUGREPORT "bug-coreutils@gnu.org"
| #define PACKAGE_URL "https://www.gnu.org/software/coreutils/"
| #define PACKAGE "coreutils"
| #define VERSION "9.3"
| #define HAVE_STDIO_H 1
| #define HAVE_STDLIB_H 1
| #define HAVE_STRING_H 1
| #define HAVE_INTTYPES_H 1
| #define HAVE_STDINT_H 1
| #define HAVE_STRINGS_H 1
| #define HAVE_SYS_STAT_H 1
| #define HAVE_SYS_TYPES_H 1
| #define HAVE_UNISTD_H 1
| #define HAVE_WCHAR_H 1
| #define HAVE_FEATURES_H 1
| #define HAVE_ERROR_H 1
| #define HAVE_FNMATCH_H 1
| #define HAVE_STDIO_EXT_H 1
| #define HAVE_SYS_VFS_H 1
| #define HAVE_GETOPT_H 1
| #define HAVE_SYS_CDEFS_H 1
| #define HAVE_TERMIOS_H 1
| #define HAVE_SYS_TIME_H 1
| #define HAVE_GRP_H 1
| #define HAVE_THREADS_H 1
| #define HAVE_ICONV_H 1
| #define HAVE_WCTYPE_H 1
| #define HAVE_LANGINFO_H 1
| #define HAVE_MATH_H 1
| #define HAVE_SYS_MMAN_H 1
| #define HAVE_SYS_STATVFS_H 1
| #define HAVE_SYS_SELECT_H 1
| #define HAVE_PTHREAD_H 1
| #define HAVE_UTMP_H 1
| #define HAVE_UTMPX_H 1
| #define HAVE_MALLOC_H 1
| #define HAVE_STDBOOL_H 1
| #define HAVE_SYS_IOCTL_H 1
| #define HAVE_SYS_RANDOM_H 1
| #define HAVE_SYS_RESOURCE_H 1
| #define HAVE_SYS_UIO_H 1
| #define HAVE_SYS_UTSNAME_H 1
| #define HAVE_SYS_WAIT_H 1
| #define HAVE_UTIME_H 1
| #define HAVE_SEMAPHORE_H 1
| #define HAVE_LINUX_FALLOC_H 1
| #define HAVE_PATHS_H 1
| #define HAVE_SYS_MTIO_H 1
| #define HAVE_SYSLOG_H 1
| #define HAVE_PWD_H 1
| #define STDC_HEADERS 1
| #define _ALL_SOURCE 1
| #define _DARWIN_C_SOURCE 1
| #define _GNU_SOURCE 1
| #define _HPUX_ALT_XOPEN_SOCKET_API 1
| #define _NETBSD_SOURCE 1
| #define _OPENBSD_SOURCE 1
| #define _POSIX_PTHREAD_SEMANTICS 1
| #define __STDC_WANT_IEC_60559_ATTRIBS_EXT__ 1
| #define __STDC_WANT_IEC_60559_BFP_EXT__ 1
| #define __STDC_WANT_IEC_60559_DFP_EXT__ 1
| #define __STDC_WANT_IEC_60559_EXT__ 1
| #define __STDC_WANT_IEC_60559_FUNCS_EXT__ 1
| #define __STDC_WANT_IEC_60559_TYPES_EXT__ 1
| #define __STDC_WANT_LIB_EXT2__ 1
| #define __STDC_WANT_MATH_SPEC_FUNCS__ 1
| #define _TANDEM_SOURCE 1
| #define __EXTENSIONS__ 1
| #define _FILE_OFFSET_BITS 64
| #define _TIME_BITS 64
| /* end confdefs.h.  */
| /* Define getgrent_nomembers to an innocuous variant, in case <limits.h> declares getgrent_nomembers.
|    For example, HP-UX 11i <limits.h> declares gettimeofday.  */
| #define getgrent_nomembers innocuous_getgrent_nomembers
| 
| /* System header to define __stub macros and hopefully few prototypes,
|    which can conflict with char getgrent_nomembers (void); below.  */
| 
| #include <limits.h>
| #undef getgrent_nomembers
| 
| /* Override any GCC internal prototype to avoid an error.
|    Use char because int might match the return type of a GCC
|    builtin and then its argument prototype would still apply.  */
| #ifdef __cplusplus
| extern "C"
| #endif
| char getgrent_nomembers (void);
| /* The GNU C library defines this for functions which it implements
|     to always fail with ENOSYS.  Some functions are actually named
|     something starting with __ and the normal name is an alias.  */
| #if defined __stub_getgrent_nomembers || defined __stub___getgrent_nomembers
| choke me
| #endif
| 
| int
| main (void)
| {
| return getgrent_nomembers ();
|   ;
|   return 0;
| }
configure:9804: result: no
configure:9804: checking for fork
configure:9804: /home/clang+llvm-16.0.4-x86_64-linux-gnu-ubuntu-22.04/bin/clang-16 -pthread --target=wasm32-unknown-wasi --sysroot /home/lind-wasm/glibc/sysroot -Wl,--import-memory,--export-memory,--max-memory=67108864,--export=__stack_pointer -g -O0 -o conftest -g -O2   conftest.c  >&5
In file included from conftest.c:84:
In file included from /home/clang+llvm-16.0.4-x86_64-linux-gnu-ubuntu-22.04/lib/clang/16/include/limits.h:21:
In file included from /home/lind-wasm/glibc/sysroot/include/wasm32-wasi/limits.h:195:
In file included from /home/lind-wasm/glibc/sysroot/include/wasm32-wasi/bits/posix1_lim.h:161:
/home/lind-wasm/glibc/sysroot/include/wasm32-wasi/bits/local_lim.h:38:10: fatal error: 'linux/limits.h' file not found
#include <linux/limits.h>
         ^~~~~~~~~~~~~~~~
1 error generated.
configure:9804: $? = 1
configure: failed program was:
| /* confdefs.h */
| #define PACKAGE_NAME "GNU coreutils"
| #define PACKAGE_TARNAME "coreutils"
| #define PACKAGE_VERSION "9.3"
| #define PACKAGE_STRING "GNU coreutils 9.3"
| #define PACKAGE_BUGREPORT "bug-coreutils@gnu.org"
| #define PACKAGE_URL "https://www.gnu.org/software/coreutils/"
| #define PACKAGE "coreutils"
| #define VERSION "9.3"
| #define HAVE_STDIO_H 1
| #define HAVE_STDLIB_H 1
| #define HAVE_STRING_H 1
| #define HAVE_INTTYPES_H 1
| #define HAVE_STDINT_H 1
| #define HAVE_STRINGS_H 1
| #define HAVE_SYS_STAT_H 1
| #define HAVE_SYS_TYPES_H 1
| #define HAVE_UNISTD_H 1
| #define HAVE_WCHAR_H 1
| #define HAVE_FEATURES_H 1
| #define HAVE_ERROR_H 1
| #define HAVE_FNMATCH_H 1
| #define HAVE_STDIO_EXT_H 1
| #define HAVE_SYS_VFS_H 1
| #define HAVE_GETOPT_H 1
| #define HAVE_SYS_CDEFS_H 1
| #define HAVE_TERMIOS_H 1
| #define HAVE_SYS_TIME_H 1
| #define HAVE_GRP_H 1
| #define HAVE_THREADS_H 1
| #define HAVE_ICONV_H 1
| #define HAVE_WCTYPE_H 1
| #define HAVE_LANGINFO_H 1
| #define HAVE_MATH_H 1
| #define HAVE_SYS_MMAN_H 1
| #define HAVE_SYS_STATVFS_H 1
| #define HAVE_SYS_SELECT_H 1
| #define HAVE_PTHREAD_H 1
| #define HAVE_UTMP_H 1
| #define HAVE_UTMPX_H 1
| #define HAVE_MALLOC_H 1
| #define HAVE_STDBOOL_H 1
| #define HAVE_SYS_IOCTL_H 1
| #define HAVE_SYS_RANDOM_H 1
| #define HAVE_SYS_RESOURCE_H 1
| #define HAVE_SYS_UIO_H 1
| #define HAVE_SYS_UTSNAME_H 1
| #define HAVE_SYS_WAIT_H 1
| #define HAVE_UTIME_H 1
| #define HAVE_SEMAPHORE_H 1
| #define HAVE_LINUX_FALLOC_H 1
| #define HAVE_PATHS_H 1
| #define HAVE_SYS_MTIO_H 1
| #define HAVE_SYSLOG_H 1
| #define HAVE_PWD_H 1
| #define STDC_HEADERS 1
| #define _ALL_SOURCE 1
| #define _DARWIN_C_SOURCE 1
| #define _GNU_SOURCE 1
| #define _HPUX_ALT_XOPEN_SOCKET_API 1
| #define _NETBSD_SOURCE 1
| #define _OPENBSD_SOURCE 1
| #define _POSIX_PTHREAD_SEMANTICS 1
| #define __STDC_WANT_IEC_60559_ATTRIBS_EXT__ 1
| #define __STDC_WANT_IEC_60559_BFP_EXT__ 1
| #define __STDC_WANT_IEC_60559_DFP_EXT__ 1
| #define __STDC_WANT_IEC_60559_EXT__ 1
| #define __STDC_WANT_IEC_60559_FUNCS_EXT__ 1
| #define __STDC_WANT_IEC_60559_TYPES_EXT__ 1
| #define __STDC_WANT_LIB_EXT2__ 1
| #define __STDC_WANT_MATH_SPEC_FUNCS__ 1
| #define _TANDEM_SOURCE 1
| #define __EXTENSIONS__ 1
| #define _FILE_OFFSET_BITS 64
| #define _TIME_BITS 64
| /* end confdefs.h.  */
| /* Define fork to an innocuous variant, in case <limits.h> declares fork.
|    For example, HP-UX 11i <limits.h> declares gettimeofday.  */
| #define fork innocuous_fork
| 
| /* System header to define __stub macros and hopefully few prototypes,
|    which can conflict with char fork (void); below.  */
| 
| #include <limits.h>
| #undef fork
| 
| /* Override any GCC internal prototype to avoid an error.
|    Use char because int might match the return type of a GCC
|    builtin and then its argument prototype would still apply.  */
| #ifdef __cplusplus
| extern "C"
| #endif
| char fork (void);
| /* The GNU C library defines this for functions which it implements
|     to always fail with ENOSYS.  Some functions are actually named
|     something starting with __ and the normal name is an alias.  */
| #if defined __stub_fork || defined __stub___fork
| choke me
| #endif
| 
| int
| main (void)
| {
| return fork ();
|   ;
|   return 0;
| }
configure:9804: result: no
configure:9804: checking for vfork
configure:9804: /home/clang+llvm-16.0.4-x86_64-linux-gnu-ubuntu-22.04/bin/clang-16 -pthread --target=wasm32-unknown-wasi --sysroot /home/lind-wasm/glibc/sysroot -Wl,--import-memory,--export-memory,--max-memory=67108864,--export=__stack_pointer -g -O0 -o conftest -g -O2   conftest.c  >&5
In file included from conftest.c:84:
In file included from /home/clang+llvm-16.0.4-x86_64-linux-gnu-ubuntu-22.04/lib/clang/16/include/limits.h:21:
In file included from /home/lind-wasm/glibc/sysroot/include/wasm32-wasi/limits.h:195:
In file included from /home/lind-wasm/glibc/sysroot/include/wasm32-wasi/bits/posix1_lim.h:161:
/home/lind-wasm/glibc/sysroot/include/wasm32-wasi/bits/local_lim.h:38:10: fatal error: 'linux/limits.h' file not found
#include <linux/limits.h>
         ^~~~~~~~~~~~~~~~
1 error generated.
configure:9804: $? = 1
configure: failed program was:
| /* confdefs.h */
| #define PACKAGE_NAME "GNU coreutils"
| #define PACKAGE_TARNAME "coreutils"
| #define PACKAGE_VERSION "9.3"
| #define PACKAGE_STRING "GNU coreutils 9.3"
| #define PACKAGE_BUGREPORT "bug-coreutils@gnu.org"
| #define PACKAGE_URL "https://www.gnu.org/software/coreutils/"
| #define PACKAGE "coreutils"
| #define VERSION "9.3"
| #define HAVE_STDIO_H 1
| #define HAVE_STDLIB_H 1
| #define HAVE_STRING_H 1
| #define HAVE_INTTYPES_H 1
| #define HAVE_STDINT_H 1
| #define HAVE_STRINGS_H 1
| #define HAVE_SYS_STAT_H 1
| #define HAVE_SYS_TYPES_H 1
| #define HAVE_UNISTD_H 1
| #define HAVE_WCHAR_H 1
| #define HAVE_FEATURES_H 1
| #define HAVE_ERROR_H 1
| #define HAVE_FNMATCH_H 1
| #define HAVE_STDIO_EXT_H 1
| #define HAVE_SYS_VFS_H 1
| #define HAVE_GETOPT_H 1
| #define HAVE_SYS_CDEFS_H 1
| #define HAVE_TERMIOS_H 1
| #define HAVE_SYS_TIME_H 1
| #define HAVE_GRP_H 1
| #define HAVE_THREADS_H 1
| #define HAVE_ICONV_H 1
| #define HAVE_WCTYPE_H 1
| #define HAVE_LANGINFO_H 1
| #define HAVE_MATH_H 1
| #define HAVE_SYS_MMAN_H 1
| #define HAVE_SYS_STATVFS_H 1
| #define HAVE_SYS_SELECT_H 1
| #define HAVE_PTHREAD_H 1
| #define HAVE_UTMP_H 1
| #define HAVE_UTMPX_H 1
| #define HAVE_MALLOC_H 1
| #define HAVE_STDBOOL_H 1
| #define HAVE_SYS_IOCTL_H 1
| #define HAVE_SYS_RANDOM_H 1
| #define HAVE_SYS_RESOURCE_H 1
| #define HAVE_SYS_UIO_H 1
| #define HAVE_SYS_UTSNAME_H 1
| #define HAVE_SYS_WAIT_H 1
| #define HAVE_UTIME_H 1
| #define HAVE_SEMAPHORE_H 1
| #define HAVE_LINUX_FALLOC_H 1
| #define HAVE_PATHS_H 1
| #define HAVE_SYS_MTIO_H 1
| #define HAVE_SYSLOG_H 1
| #define HAVE_PWD_H 1
| #define STDC_HEADERS 1
| #define _ALL_SOURCE 1
| #define _DARWIN_C_SOURCE 1
| #define _GNU_SOURCE 1
| #define _HPUX_ALT_XOPEN_SOCKET_API 1
| #define _NETBSD_SOURCE 1
| #define _OPENBSD_SOURCE 1
| #define _POSIX_PTHREAD_SEMANTICS 1
| #define __STDC_WANT_IEC_60559_ATTRIBS_EXT__ 1
| #define __STDC_WANT_IEC_60559_BFP_EXT__ 1
| #define __STDC_WANT_IEC_60559_DFP_EXT__ 1
| #define __STDC_WANT_IEC_60559_EXT__ 1
| #define __STDC_WANT_IEC_60559_FUNCS_EXT__ 1
| #define __STDC_WANT_IEC_60559_TYPES_EXT__ 1
| #define __STDC_WANT_LIB_EXT2__ 1
| #define __STDC_WANT_MATH_SPEC_FUNCS__ 1
| #define _TANDEM_SOURCE 1
| #define __EXTENSIONS__ 1
| #define _FILE_OFFSET_BITS 64
| #define _TIME_BITS 64
| /* end confdefs.h.  */
| /* Define vfork to an innocuous variant, in case <limits.h> declares vfork.
|    For example, HP-UX 11i <limits.h> declares gettimeofday.  */
| #define vfork innocuous_vfork
| 
| /* System header to define __stub macros and hopefully few prototypes,
|    which can conflict with char vfork (void); below.  */
| 
| #include <limits.h>
| #undef vfork
| 
| /* Override any GCC internal prototype to avoid an error.
|    Use char because int might match the return type of a GCC
|    builtin and then its argument prototype would still apply.  */
| #ifdef __cplusplus
| extern "C"
| #endif
| char vfork (void);
| /* The GNU C library defines this for functions which it implements
|     to always fail with ENOSYS.  Some functions are actually named
|     something starting with __ and the normal name is an alias.  */
| #if defined __stub_vfork || defined __stub___vfork
| choke me
| #endif
| 
| int
| main (void)
| {
| return vfork ();
|   ;
|   return 0;
| }
configure:9804: result: no
configure:9819: checking for sys/acl.h
configure:9819: /home/clang+llvm-16.0.4-x86_64-linux-gnu-ubuntu-22.04/bin/clang-16 -pthread --target=wasm32-unknown-wasi --sysroot /home/lind-wasm/glibc/sysroot -Wl,--import-memory,--export-memory,--max-memory=67108864,--export=__stack_pointer -g -O0 -c -g -O2  conftest.c >&5
clang-16: warning: -Wl,--import-memory,--export-memory,--max-memory=67108864,--export=__stack_pointer: 'linker' input unused [-Wunused-command-line-argument]
conftest.c:105:10: fatal error: 'sys/acl.h' file not found
#include <sys/acl.h>
         ^~~~~~~~~~~
1 error generated.
configure:9819: $? = 1
configure: failed program was:
| /* confdefs.h */
| #define PACKAGE_NAME "GNU coreutils"
| #define PACKAGE_TARNAME "coreutils"
| #define PACKAGE_VERSION "9.3"
| #define PACKAGE_STRING "GNU coreutils 9.3"
| #define PACKAGE_BUGREPORT "bug-coreutils@gnu.org"
| #define PACKAGE_URL "https://www.gnu.org/software/coreutils/"
| #define PACKAGE "coreutils"
| #define VERSION "9.3"
| #define HAVE_STDIO_H 1
| #define HAVE_STDLIB_H 1
| #define HAVE_STRING_H 1
| #define HAVE_INTTYPES_H 1
| #define HAVE_STDINT_H 1
| #define HAVE_STRINGS_H 1
| #define HAVE_SYS_STAT_H 1
| #define HAVE_SYS_TYPES_H 1
| #define HAVE_UNISTD_H 1
| #define HAVE_WCHAR_H 1
| #define HAVE_FEATURES_H 1
| #define HAVE_ERROR_H 1
| #define HAVE_FNMATCH_H 1
| #define HAVE_STDIO_EXT_H 1
| #define HAVE_SYS_VFS_H 1
| #define HAVE_GETOPT_H 1
| #define HAVE_SYS_CDEFS_H 1
| #define HAVE_TERMIOS_H 1
| #define HAVE_SYS_TIME_H 1
| #define HAVE_GRP_H 1
| #define HAVE_THREADS_H 1
| #define HAVE_ICONV_H 1
| #define HAVE_WCTYPE_H 1
| #define HAVE_LANGINFO_H 1
| #define HAVE_MATH_H 1
| #define HAVE_SYS_MMAN_H 1
| #define HAVE_SYS_STATVFS_H 1
| #define HAVE_SYS_SELECT_H 1
| #define HAVE_PTHREAD_H 1
| #define HAVE_UTMP_H 1
| #define HAVE_UTMPX_H 1
| #define HAVE_MALLOC_H 1
| #define HAVE_STDBOOL_H 1
| #define HAVE_SYS_IOCTL_H 1
| #define HAVE_SYS_RANDOM_H 1
| #define HAVE_SYS_RESOURCE_H 1
| #define HAVE_SYS_UIO_H 1
| #define HAVE_SYS_UTSNAME_H 1
| #define HAVE_SYS_WAIT_H 1
| #define HAVE_UTIME_H 1
| #define HAVE_SEMAPHORE_H 1
| #define HAVE_LINUX_FALLOC_H 1
| #define HAVE_PATHS_H 1
| #define HAVE_SYS_MTIO_H 1
| #define HAVE_SYSLOG_H 1
| #define HAVE_PWD_H 1
| #define STDC_HEADERS 1
| #define _ALL_SOURCE 1
| #define _DARWIN_C_SOURCE 1
| #define _GNU_SOURCE 1
| #define _HPUX_ALT_XOPEN_SOCKET_API 1
| #define _NETBSD_SOURCE 1
| #define _OPENBSD_SOURCE 1
| #define _POSIX_PTHREAD_SEMANTICS 1
| #define __STDC_WANT_IEC_60559_ATTRIBS_EXT__ 1
| #define __STDC_WANT_IEC_60559_BFP_EXT__ 1
| #define __STDC_WANT_IEC_60559_DFP_EXT__ 1
| #define __STDC_WANT_IEC_60559_EXT__ 1
| #define __STDC_WANT_IEC_60559_FUNCS_EXT__ 1
| #define __STDC_WANT_IEC_60559_TYPES_EXT__ 1
| #define __STDC_WANT_LIB_EXT2__ 1
| #define __STDC_WANT_MATH_SPEC_FUNCS__ 1
| #define _TANDEM_SOURCE 1
| #define __EXTENSIONS__ 1
| #define _FILE_OFFSET_BITS 64
| #define _TIME_BITS 64
| /* end confdefs.h.  */
| #include <stddef.h>
| #ifdef HAVE_STDIO_H
| # include <stdio.h>
| #endif
| #ifdef HAVE_STDLIB_H
| # include <stdlib.h>
| #endif
| #ifdef HAVE_STRING_H
| # include <string.h>
| #endif
| #ifdef HAVE_INTTYPES_H
| # include <inttypes.h>
| #endif
| #ifdef HAVE_STDINT_H
| # include <stdint.h>
| #endif
| #ifdef HAVE_STRINGS_H
| # include <strings.h>
| #endif
| #ifdef HAVE_SYS_TYPES_H
| # include <sys/types.h>
| #endif
| #ifdef HAVE_SYS_STAT_H
| # include <sys/stat.h>
| #endif
| #ifdef HAVE_UNISTD_H
| # include <unistd.h>
| #endif
| #include <sys/acl.h>
configure:9819: result: no
configure:10301: WARNING: libacl development library was not found or not usable.
configure:10303: WARNING: GNU coreutils will be built without ACL support.
configure:10317: checking for /home/clang+llvm-16.0.4-x86_64-linux-gnu-ubuntu-22.04/bin/clang-16 -pthread --target=wasm32-unknown-wasi --sysroot /home/lind-wasm/glibc/sysroot -Wl,--import-memory,--export-memory,--max-memory=67108864,--export=__stack_pointer -g -O0 options needed to detect all undeclared functions
configure:10339: /home/clang+llvm-16.0.4-x86_64-linux-gnu-ubuntu-22.04/bin/clang-16 -pthread --target=wasm32-unknown-wasi --sysroot /home/lind-wasm/glibc/sysroot -Wl,--import-memory,--export-memory,--max-memory=67108864,--export=__stack_pointer -g -O0 -c -g -O2   conftest.c >&5
clang-16: warning: -Wl,--import-memory,--export-memory,--max-memory=67108864,--export=__stack_pointer: 'linker' input unused [-Wunused-command-line-argument]
conftest.c:82:8: error: call to undeclared library function 'strchr' with type 'char *(const char *, int)'; ISO C99 and later do not support implicit function declarations [-Wimplicit-function-declaration]
(void) strchr;
       ^
conftest.c:82:8: note: include the header <string.h> or explicitly provide a declaration for 'strchr'
1 error generated.
configure:10339: $? = 1
configure: failed program was:
| /* confdefs.h */
| #define PACKAGE_NAME "GNU coreutils"
| #define PACKAGE_TARNAME "coreutils"
| #define PACKAGE_VERSION "9.3"
| #define PACKAGE_STRING "GNU coreutils 9.3"
| #define PACKAGE_BUGREPORT "bug-coreutils@gnu.org"
| #define PACKAGE_URL "https://www.gnu.org/software/coreutils/"
| #define PACKAGE "coreutils"
| #define VERSION "9.3"
| #define HAVE_STDIO_H 1
| #define HAVE_STDLIB_H 1
| #define HAVE_STRING_H 1
| #define HAVE_INTTYPES_H 1
| #define HAVE_STDINT_H 1
| #define HAVE_STRINGS_H 1
| #define HAVE_SYS_STAT_H 1
| #define HAVE_SYS_TYPES_H 1
| #define HAVE_UNISTD_H 1
| #define HAVE_WCHAR_H 1
| #define HAVE_FEATURES_H 1
| #define HAVE_ERROR_H 1
| #define HAVE_FNMATCH_H 1
| #define HAVE_STDIO_EXT_H 1
| #define HAVE_SYS_VFS_H 1
| #define HAVE_GETOPT_H 1
| #define HAVE_SYS_CDEFS_H 1
| #define HAVE_TERMIOS_H 1
| #define HAVE_SYS_TIME_H 1
| #define HAVE_GRP_H 1
| #define HAVE_THREADS_H 1
| #define HAVE_ICONV_H 1
| #define HAVE_WCTYPE_H 1
| #define HAVE_LANGINFO_H 1
| #define HAVE_MATH_H 1
| #define HAVE_SYS_MMAN_H 1
| #define HAVE_SYS_STATVFS_H 1
| #define HAVE_SYS_SELECT_H 1
| #define HAVE_PTHREAD_H 1
| #define HAVE_UTMP_H 1
| #define HAVE_UTMPX_H 1
| #define HAVE_MALLOC_H 1
| #define HAVE_STDBOOL_H 1
| #define HAVE_SYS_IOCTL_H 1
| #define HAVE_SYS_RANDOM_H 1
| #define HAVE_SYS_RESOURCE_H 1
| #define HAVE_SYS_UIO_H 1
| #define HAVE_SYS_UTSNAME_H 1
| #define HAVE_SYS_WAIT_H 1
| #define HAVE_UTIME_H 1
| #define HAVE_SEMAPHORE_H 1
| #define HAVE_LINUX_FALLOC_H 1
| #define HAVE_PATHS_H 1
| #define HAVE_SYS_MTIO_H 1
| #define HAVE_SYSLOG_H 1
| #define HAVE_PWD_H 1
| #define STDC_HEADERS 1
| #define _ALL_SOURCE 1
| #define _DARWIN_C_SOURCE 1
| #define _GNU_SOURCE 1
| #define _HPUX_ALT_XOPEN_SOCKET_API 1
| #define _NETBSD_SOURCE 1
| #define _OPENBSD_SOURCE 1
| #define _POSIX_PTHREAD_SEMANTICS 1
| #define __STDC_WANT_IEC_60559_ATTRIBS_EXT__ 1
| #define __STDC_WANT_IEC_60559_BFP_EXT__ 1
| #define __STDC_WANT_IEC_60559_DFP_EXT__ 1
| #define __STDC_WANT_IEC_60559_EXT__ 1
| #define __STDC_WANT_IEC_60559_FUNCS_EXT__ 1
| #define __STDC_WANT_IEC_60559_TYPES_EXT__ 1
| #define __STDC_WANT_LIB_EXT2__ 1
| #define __STDC_WANT_MATH_SPEC_FUNCS__ 1
| #define _TANDEM_SOURCE 1
| #define __EXTENSIONS__ 1
| #define _FILE_OFFSET_BITS 64
| #define _TIME_BITS 64
| #define USE_ACL 0
| /* end confdefs.h.  */
| 
| int
| main (void)
| {
| (void) strchr;
|   ;
|   return 0;
| }
configure:10366: /home/clang+llvm-16.0.4-x86_64-linux-gnu-ubuntu-22.04/bin/clang-16 -pthread --target=wasm32-unknown-wasi --sysroot /home/lind-wasm/glibc/sysroot -Wl,--import-memory,--export-memory,--max-memory=67108864,--export=__stack_pointer -g -O0 -c -g -O2   conftest.c >&5
clang-16: warning: -Wl,--import-memory,--export-memory,--max-memory=67108864,--export=__stack_pointer: 'linker' input unused [-Wunused-command-line-argument]
In file included from conftest.c:79:
In file included from /home/clang+llvm-16.0.4-x86_64-linux-gnu-ubuntu-22.04/lib/clang/16/include/limits.h:21:
In file included from /home/lind-wasm/glibc/sysroot/include/wasm32-wasi/limits.h:195:
In file included from /home/lind-wasm/glibc/sysroot/include/wasm32-wasi/bits/posix1_lim.h:161:
/home/lind-wasm/glibc/sysroot/include/wasm32-wasi/bits/local_lim.h:38:10: fatal error: 'linux/limits.h' file not found
#include <linux/limits.h>
         ^~~~~~~~~~~~~~~~
1 error generated.
configure:10366: $? = 1
configure: failed program was:
| /* confdefs.h */
| #define PACKAGE_NAME "GNU coreutils"
| #define PACKAGE_TARNAME "coreutils"
| #define PACKAGE_VERSION "9.3"
| #define PACKAGE_STRING "GNU coreutils 9.3"
| #define PACKAGE_BUGREPORT "bug-coreutils@gnu.org"
| #define PACKAGE_URL "https://www.gnu.org/software/coreutils/"
| #define PACKAGE "coreutils"
| #define VERSION "9.3"
| #define HAVE_STDIO_H 1
| #define HAVE_STDLIB_H 1
| #define HAVE_STRING_H 1
| #define HAVE_INTTYPES_H 1
| #define HAVE_STDINT_H 1
| #define HAVE_STRINGS_H 1
| #define HAVE_SYS_STAT_H 1
| #define HAVE_SYS_TYPES_H 1
| #define HAVE_UNISTD_H 1
| #define HAVE_WCHAR_H 1
| #define HAVE_FEATURES_H 1
| #define HAVE_ERROR_H 1
| #define HAVE_FNMATCH_H 1
| #define HAVE_STDIO_EXT_H 1
| #define HAVE_SYS_VFS_H 1
| #define HAVE_GETOPT_H 1
| #define HAVE_SYS_CDEFS_H 1
| #define HAVE_TERMIOS_H 1
| #define HAVE_SYS_TIME_H 1
| #define HAVE_GRP_H 1
| #define HAVE_THREADS_H 1
| #define HAVE_ICONV_H 1
| #define HAVE_WCTYPE_H 1
| #define HAVE_LANGINFO_H 1
| #define HAVE_MATH_H 1
| #define HAVE_SYS_MMAN_H 1
| #define HAVE_SYS_STATVFS_H 1
| #define HAVE_SYS_SELECT_H 1
| #define HAVE_PTHREAD_H 1
| #define HAVE_UTMP_H 1
| #define HAVE_UTMPX_H 1
| #define HAVE_MALLOC_H 1
| #define HAVE_STDBOOL_H 1
| #define HAVE_SYS_IOCTL_H 1
| #define HAVE_SYS_RANDOM_H 1
| #define HAVE_SYS_RESOURCE_H 1
| #define HAVE_SYS_UIO_H 1
| #define HAVE_SYS_UTSNAME_H 1
| #define HAVE_SYS_WAIT_H 1
| #define HAVE_UTIME_H 1
| #define HAVE_SEMAPHORE_H 1
| #define HAVE_LINUX_FALLOC_H 1
| #define HAVE_PATHS_H 1
| #define HAVE_SYS_MTIO_H 1
| #define HAVE_SYSLOG_H 1
| #define HAVE_PWD_H 1
| #define STDC_HEADERS 1
| #define _ALL_SOURCE 1
| #define _DARWIN_C_SOURCE 1
| #define _GNU_SOURCE 1
| #define _HPUX_ALT_XOPEN_SOCKET_API 1
| #define _NETBSD_SOURCE 1
| #define _OPENBSD_SOURCE 1
| #define _POSIX_PTHREAD_SEMANTICS 1
| #define __STDC_WANT_IEC_60559_ATTRIBS_EXT__ 1
| #define __STDC_WANT_IEC_60559_BFP_EXT__ 1
| #define __STDC_WANT_IEC_60559_DFP_EXT__ 1
| #define __STDC_WANT_IEC_60559_EXT__ 1
| #define __STDC_WANT_IEC_60559_FUNCS_EXT__ 1
| #define __STDC_WANT_IEC_60559_TYPES_EXT__ 1
| #define __STDC_WANT_LIB_EXT2__ 1
| #define __STDC_WANT_MATH_SPEC_FUNCS__ 1
| #define _TANDEM_SOURCE 1
| #define __EXTENSIONS__ 1
| #define _FILE_OFFSET_BITS 64
| #define _TIME_BITS 64
| #define USE_ACL 0
| /* end confdefs.h.  */
| #include <float.h>
| #include <limits.h>
| #include <stdarg.h>
| #include <stddef.h>
| extern void ac_decl (int, char *);
| 
| int
| main (void)
| {
| (void) ac_decl (0, (char *) 0);
|   (void) ac_decl;
| 
|   ;
|   return 0;
| }
configure:10339: /home/clang+llvm-16.0.4-x86_64-linux-gnu-ubuntu-22.04/bin/clang-16 -pthread --target=wasm32-unknown-wasi --sysroot /home/lind-wasm/glibc/sysroot -Wl,--import-memory,--export-memory,--max-memory=67108864,--export=__stack_pointer -g -O0 -c -g -O2 -fno-builtin  conftest.c >&5
clang-16: warning: -Wl,--import-memory,--export-memory,--max-memory=67108864,--export=__stack_pointer: 'linker' input unused [-Wunused-command-line-argument]
conftest.c:82:8: error: use of undeclared identifier 'strchr'
(void) strchr;
       ^
1 error generated.
configure:10339: $? = 1
configure: failed program was:
| /* confdefs.h */
| #define PACKAGE_NAME "GNU coreutils"
| #define PACKAGE_TARNAME "coreutils"
| #define PACKAGE_VERSION "9.3"
| #define PACKAGE_STRING "GNU coreutils 9.3"
| #define PACKAGE_BUGREPORT "bug-coreutils@gnu.org"
| #define PACKAGE_URL "https://www.gnu.org/software/coreutils/"
| #define PACKAGE "coreutils"
| #define VERSION "9.3"
| #define HAVE_STDIO_H 1
| #define HAVE_STDLIB_H 1
| #define HAVE_STRING_H 1
| #define HAVE_INTTYPES_H 1
| #define HAVE_STDINT_H 1
| #define HAVE_STRINGS_H 1
| #define HAVE_SYS_STAT_H 1
| #define HAVE_SYS_TYPES_H 1
| #define HAVE_UNISTD_H 1
| #define HAVE_WCHAR_H 1
| #define HAVE_FEATURES_H 1
| #define HAVE_ERROR_H 1
| #define HAVE_FNMATCH_H 1
| #define HAVE_STDIO_EXT_H 1
| #define HAVE_SYS_VFS_H 1
| #define HAVE_GETOPT_H 1
| #define HAVE_SYS_CDEFS_H 1
| #define HAVE_TERMIOS_H 1
| #define HAVE_SYS_TIME_H 1
| #define HAVE_GRP_H 1
| #define HAVE_THREADS_H 1
| #define HAVE_ICONV_H 1
| #define HAVE_WCTYPE_H 1
| #define HAVE_LANGINFO_H 1
| #define HAVE_MATH_H 1
| #define HAVE_SYS_MMAN_H 1
| #define HAVE_SYS_STATVFS_H 1
| #define HAVE_SYS_SELECT_H 1
| #define HAVE_PTHREAD_H 1
| #define HAVE_UTMP_H 1
| #define HAVE_UTMPX_H 1
| #define HAVE_MALLOC_H 1
| #define HAVE_STDBOOL_H 1
| #define HAVE_SYS_IOCTL_H 1
| #define HAVE_SYS_RANDOM_H 1
| #define HAVE_SYS_RESOURCE_H 1
| #define HAVE_SYS_UIO_H 1
| #define HAVE_SYS_UTSNAME_H 1
| #define HAVE_SYS_WAIT_H 1
| #define HAVE_UTIME_H 1
| #define HAVE_SEMAPHORE_H 1
| #define HAVE_LINUX_FALLOC_H 1
| #define HAVE_PATHS_H 1
| #define HAVE_SYS_MTIO_H 1
| #define HAVE_SYSLOG_H 1
| #define HAVE_PWD_H 1
| #define STDC_HEADERS 1
| #define _ALL_SOURCE 1
| #define _DARWIN_C_SOURCE 1
| #define _GNU_SOURCE 1
| #define _HPUX_ALT_XOPEN_SOCKET_API 1
| #define _NETBSD_SOURCE 1
| #define _OPENBSD_SOURCE 1
| #define _POSIX_PTHREAD_SEMANTICS 1
| #define __STDC_WANT_IEC_60559_ATTRIBS_EXT__ 1
| #define __STDC_WANT_IEC_60559_BFP_EXT__ 1
| #define __STDC_WANT_IEC_60559_DFP_EXT__ 1
| #define __STDC_WANT_IEC_60559_EXT__ 1
| #define __STDC_WANT_IEC_60559_FUNCS_EXT__ 1
| #define __STDC_WANT_IEC_60559_TYPES_EXT__ 1
| #define __STDC_WANT_LIB_EXT2__ 1
| #define __STDC_WANT_MATH_SPEC_FUNCS__ 1
| #define _TANDEM_SOURCE 1
| #define __EXTENSIONS__ 1
| #define _FILE_OFFSET_BITS 64
| #define _TIME_BITS 64
| #define USE_ACL 0
| /* end confdefs.h.  */
| 
| int
| main (void)
| {
| (void) strchr;
|   ;
|   return 0;
| }
configure:10366: /home/clang+llvm-16.0.4-x86_64-linux-gnu-ubuntu-22.04/bin/clang-16 -pthread --target=wasm32-unknown-wasi --sysroot /home/lind-wasm/glibc/sysroot -Wl,--import-memory,--export-memory,--max-memory=67108864,--export=__stack_pointer -g -O0 -c -g -O2 -fno-builtin  conftest.c >&5
clang-16: warning: -Wl,--import-memory,--export-memory,--max-memory=67108864,--export=__stack_pointer: 'linker' input unused [-Wunused-command-line-argument]
In file included from conftest.c:79:
In file included from /home/clang+llvm-16.0.4-x86_64-linux-gnu-ubuntu-22.04/lib/clang/16/include/limits.h:21:
In file included from /home/lind-wasm/glibc/sysroot/include/wasm32-wasi/limits.h:195:
In file included from /home/lind-wasm/glibc/sysroot/include/wasm32-wasi/bits/posix1_lim.h:161:
/home/lind-wasm/glibc/sysroot/include/wasm32-wasi/bits/local_lim.h:38:10: fatal error: 'linux/limits.h' file not found
#include <linux/limits.h>
         ^~~~~~~~~~~~~~~~
1 error generated.
configure:10366: $? = 1
configure: failed program was:
| /* confdefs.h */
| #define PACKAGE_NAME "GNU coreutils"
| #define PACKAGE_TARNAME "coreutils"
| #define PACKAGE_VERSION "9.3"
| #define PACKAGE_STRING "GNU coreutils 9.3"
| #define PACKAGE_BUGREPORT "bug-coreutils@gnu.org"
| #define PACKAGE_URL "https://www.gnu.org/software/coreutils/"
| #define PACKAGE "coreutils"
| #define VERSION "9.3"
| #define HAVE_STDIO_H 1
| #define HAVE_STDLIB_H 1
| #define HAVE_STRING_H 1
| #define HAVE_INTTYPES_H 1
| #define HAVE_STDINT_H 1
| #define HAVE_STRINGS_H 1
| #define HAVE_SYS_STAT_H 1
| #define HAVE_SYS_TYPES_H 1
| #define HAVE_UNISTD_H 1
| #define HAVE_WCHAR_H 1
| #define HAVE_FEATURES_H 1
| #define HAVE_ERROR_H 1
| #define HAVE_FNMATCH_H 1
| #define HAVE_STDIO_EXT_H 1
| #define HAVE_SYS_VFS_H 1
| #define HAVE_GETOPT_H 1
| #define HAVE_SYS_CDEFS_H 1
| #define HAVE_TERMIOS_H 1
| #define HAVE_SYS_TIME_H 1
| #define HAVE_GRP_H 1
| #define HAVE_THREADS_H 1
| #define HAVE_ICONV_H 1
| #define HAVE_WCTYPE_H 1
| #define HAVE_LANGINFO_H 1
| #define HAVE_MATH_H 1
| #define HAVE_SYS_MMAN_H 1
| #define HAVE_SYS_STATVFS_H 1
| #define HAVE_SYS_SELECT_H 1
| #define HAVE_PTHREAD_H 1
| #define HAVE_UTMP_H 1
| #define HAVE_UTMPX_H 1
| #define HAVE_MALLOC_H 1
| #define HAVE_STDBOOL_H 1
| #define HAVE_SYS_IOCTL_H 1
| #define HAVE_SYS_RANDOM_H 1
| #define HAVE_SYS_RESOURCE_H 1
| #define HAVE_SYS_UIO_H 1
| #define HAVE_SYS_UTSNAME_H 1
| #define HAVE_SYS_WAIT_H 1
| #define HAVE_UTIME_H 1
| #define HAVE_SEMAPHORE_H 1
| #define HAVE_LINUX_FALLOC_H 1
| #define HAVE_PATHS_H 1
| #define HAVE_SYS_MTIO_H 1
| #define HAVE_SYSLOG_H 1
| #define HAVE_PWD_H 1
| #define STDC_HEADERS 1
| #define _ALL_SOURCE 1
| #define _DARWIN_C_SOURCE 1
| #define _GNU_SOURCE 1
| #define _HPUX_ALT_XOPEN_SOCKET_API 1
| #define _NETBSD_SOURCE 1
| #define _OPENBSD_SOURCE 1
| #define _POSIX_PTHREAD_SEMANTICS 1
| #define __STDC_WANT_IEC_60559_ATTRIBS_EXT__ 1
| #define __STDC_WANT_IEC_60559_BFP_EXT__ 1
| #define __STDC_WANT_IEC_60559_DFP_EXT__ 1
| #define __STDC_WANT_IEC_60559_EXT__ 1
| #define __STDC_WANT_IEC_60559_FUNCS_EXT__ 1
| #define __STDC_WANT_IEC_60559_TYPES_EXT__ 1
| #define __STDC_WANT_LIB_EXT2__ 1
| #define __STDC_WANT_MATH_SPEC_FUNCS__ 1
| #define _TANDEM_SOURCE 1
| #define __EXTENSIONS__ 1
| #define _FILE_OFFSET_BITS 64
| #define _TIME_BITS 64
| #define USE_ACL 0
| /* end confdefs.h.  */
| #include <float.h>
| #include <limits.h>
| #include <stdarg.h>
| #include <stddef.h>
| extern void ac_decl (int, char *);
| 
| int
| main (void)
| {
| (void) ac_decl (0, (char *) 0);
|   (void) ac_decl;
| 
|   ;
|   return 0;
| }
configure:10386: result: cannot detect
configure:10390: error: in '/home/lind-wasm/lind-wasm-tests/coreutils/coreutils-9.3':
configure:10392: error: cannot make /home/clang+llvm-16.0.4-x86_64-linux-gnu-ubuntu-22.04/bin/clang-16 -pthread --target=wasm32-unknown-wasi --sysroot /home/lind-wasm/glibc/sysroot -Wl,--import-memory,--export-memory,--max-memory=67108864,--export=__stack_pointer -g -O0 report undeclared builtins
See 'config.log' for more details

## ---------------- ##
## Cache variables. ##
## ---------------- ##

ac_cv_build=x86_64-pc-linux-gnux32
ac_cv_c_compiler_gnu=yes
ac_cv_c_undeclared_builtin_options='cannot detect'
ac_cv_env_CC_set=set
ac_cv_env_CC_value='/home/clang+llvm-16.0.4-x86_64-linux-gnu-ubuntu-22.04/bin/clang-16 -pthread --target=wasm32-unknown-wasi --sysroot /home/lind-wasm/glibc/sysroot -Wl,--import-memory,--export-memory,--max-memory=67108864,--export=__stack_pointer -g -O0'
ac_cv_env_CFLAGS_set=
ac_cv_env_CFLAGS_value=
ac_cv_env_CPPFLAGS_set=
ac_cv_env_CPPFLAGS_value=
ac_cv_env_CPP_set=
ac_cv_env_CPP_value=
ac_cv_env_DEFAULT_POSIX2_VERSION_set=
ac_cv_env_DEFAULT_POSIX2_VERSION_value=
ac_cv_env_LDFLAGS_set=
ac_cv_env_LDFLAGS_value=
ac_cv_env_LIBS_set=
ac_cv_env_LIBS_value=
ac_cv_env_YACC_set=
ac_cv_env_YACC_value=
ac_cv_env_YFLAGS_set=
ac_cv_env_YFLAGS_value=
ac_cv_env_build_alias_set=
ac_cv_env_build_alias_value=
ac_cv_env_host_alias_set=set
ac_cv_env_host_alias_value=wasm32-unknown-wasi
ac_cv_env_target_alias_set=
ac_cv_env_target_alias_value=
ac_cv_func___freadahead=no
ac_cv_func___freadptr=no
ac_cv_func___freadptrinc=no
ac_cv_func___xpg_strerror_r=no
ac_cv_func__set_invalid_parameter_handler=no
ac_cv_func_btowc=no
ac_cv_func_canonicalize_file_name=no
ac_cv_func_chown=no
ac_cv_func_directio=no
ac_cv_func_endgrent=no
ac_cv_func_endpwent=no
ac_cv_func_explicit_bzero=no
ac_cv_func_fallocate=no
ac_cv_func_fchdir=no
ac_cv_func_fchmod=no
ac_cv_func_fchmodat=no
ac_cv_func_fchown=no
ac_cv_func_fcntl=no
ac_cv_func_fdopendir=no
ac_cv_func_flockfile=no
ac_cv_func_fnmatch=no
ac_cv_func_fork=no
ac_cv_func_fpathconf=no
ac_cv_func_fpurge=no
ac_cv_func_fstatat=no
ac_cv_func_fstatfs=no
ac_cv_func_fsync=no
ac_cv_func_ftruncate=no
ac_cv_func_funlockfile=no
ac_cv_func_getdtablesize=no
ac_cv_func_getegid=no
ac_cv_func_geteuid=no
ac_cv_func_getexecname=no
ac_cv_func_getgid=no
ac_cv_func_getgrent_nomembers=no
ac_cv_func_getgrgid_nomembers=no
ac_cv_func_getgrnam_nomembers=no
ac_cv_func_getgrouplist=no
ac_cv_func_getlogin=no
ac_cv_func_getpass=no
ac_cv_func_getrusage=no
ac_cv_func_gettimeofday=no
ac_cv_func_getuid=no
ac_cv_func_getusershell=no
ac_cv_func_isascii=no
ac_cv_func_isblank=no
ac_cv_func_iswcntrl=no
ac_cv_func_iswctype=no
ac_cv_func_iswspace=no
ac_cv_func_lchmod=no
ac_cv_func_link=no
ac_cv_func_localtime_r=no
ac_cv_func_lstat=no
ac_cv_func_mbrlen=no
ac_cv_func_mbrtowc=no
ac_cv_func_mbsinit=no
ac_cv_func_mbslen=no
ac_cv_func_mbsrtowcs=no
ac_cv_func_memset_explicit=no
ac_cv_func_memset_s=no
ac_cv_func_microuptime=no
ac_cv_func_mkdirat=no
ac_cv_func_mkfifo=no
ac_cv_func_mknod=no
ac_cv_func_mkstemp=no
ac_cv_func_mprotect=no
ac_cv_func_mquery=no
ac_cv_func_nanouptime=no
ac_cv_func_nl_langinfo=no
ac_cv_func_openat=no
ac_cv_func_pathconf=no
ac_cv_func_pause=no
ac_cv_func_pipe=no
ac_cv_func_posix_fadvise=no
ac_cv_func_prctl=no
ac_cv_func_pselect=no
ac_cv_func_pstat_getprocvm=no
ac_cv_func_pthread_sigmask=no
ac_cv_func_readlink=no
ac_cv_func_realpath=no
ac_cv_func_renameat=no
ac_cv_func_secure_getenv=no
ac_cv_func_setenv=no
ac_cv_func_setgroups=no
ac_cv_func_sethostname=no
ac_cv_func_setitimer=no
ac_cv_func_setrlimit=no
ac_cv_func_settimeofday=no
ac_cv_func_shutdown=no
ac_cv_func_sigaction=no
ac_cv_func_sigaltstack=no
ac_cv_func_siginterrupt=no
ac_cv_func_sleep=no
ac_cv_func_snprintf=no
ac_cv_func_stime=no
ac_cv_func_strtoimax=no
ac_cv_func_strtold=no
ac_cv_func_strtoumax=no
ac_cv_func_symlink=no
ac_cv_func_sync=no
ac_cv_func_syncfs=no
ac_cv_func_sysctl=no
ac_cv_func_sysinfo=no
ac_cv_func_tcgetpgrp=no
ac_cv_func_timespec_getres=no
ac_cv_func_unlinkat=no
ac_cv_func_usleep=no
ac_cv_func_utmpname=no
ac_cv_func_utmpxname=no
ac_cv_func_vasnprintf=no
ac_cv_func_vfork=no
ac_cv_func_wcrtomb=no
ac_cv_func_wcswidth=no
ac_cv_func_wctob=no
ac_cv_func_wcwidth=no
ac_cv_header_OS_h=no
ac_cv_header_arpa_inet_h=no
ac_cv_header_crtdefs_h=no
ac_cv_header_dirent_h=no
ac_cv_header_error_h=yes
ac_cv_header_features_h=yes
ac_cv_header_fnmatch_h=yes
ac_cv_header_getopt_h=yes
ac_cv_header_grp_h=yes
ac_cv_header_hurd_h=no
ac_cv_header_iconv_h=yes
ac_cv_header_inttypes_h=yes
ac_cv_header_langinfo_h=yes
ac_cv_header_limits_h=no
ac_cv_header_linux_falloc_h=yes
ac_cv_header_linux_fs_h=no
ac_cv_header_malloc_h=yes
ac_cv_header_math_h=yes
ac_cv_header_minix_config_h=no
ac_cv_header_netdb_h=no
ac_cv_header_netinet_in_h=no
ac_cv_header_paths_h=yes
ac_cv_header_priv_h=no
ac_cv_header_pthread_h=yes
ac_cv_header_pwd_h=yes
ac_cv_header_selinux_selinux_h=no
ac_cv_header_semaphore_h=yes
ac_cv_header_stdbool_h=yes
ac_cv_header_stdckdint_h=no
ac_cv_header_stdint_h=yes
ac_cv_header_stdio_ext_h=yes
ac_cv_header_stdio_h=yes
ac_cv_header_stdlib_h=yes
ac_cv_header_string_h=yes
ac_cv_header_strings_h=yes
ac_cv_header_stropts_h=no
ac_cv_header_sys_acl_h=no
ac_cv_header_sys_cdefs_h=yes
ac_cv_header_sys_fs_types_h=no
ac_cv_header_sys_ioctl_h=yes
ac_cv_header_sys_mman_h=yes
ac_cv_header_sys_mtio_h=yes
ac_cv_header_sys_param_h=no
ac_cv_header_sys_random_h=yes
ac_cv_header_sys_resource_h=yes
ac_cv_header_sys_select_h=yes
ac_cv_header_sys_socket_h=no
ac_cv_header_sys_stat_h=yes
ac_cv_header_sys_statvfs_h=yes
ac_cv_header_sys_systeminfo_h=no
ac_cv_header_sys_time_h=yes
ac_cv_header_sys_types_h=yes
ac_cv_header_sys_uio_h=yes
ac_cv_header_sys_utsname_h=yes
ac_cv_header_sys_vfs_h=yes
ac_cv_header_sys_wait_h=yes
ac_cv_header_syslog_h=yes
ac_cv_header_termios_h=yes
ac_cv_header_threads_h=yes
ac_cv_header_unistd_h=yes
ac_cv_header_utime_h=yes
ac_cv_header_utmp_h=yes
ac_cv_header_utmpx_h=yes
ac_cv_header_vfork_h=no
ac_cv_header_wchar_h=yes
ac_cv_header_wctype_h=yes
ac_cv_header_xlocale_h=no
ac_cv_host=wasm32-unknown-wasi
ac_cv_objext=o
ac_cv_path_EGREP='/usr/bin/grep -E'
ac_cv_path_EGREP_TRADITIONAL='/usr/bin/grep -E'
ac_cv_path_GREP=/usr/bin/grep
ac_cv_path_install='/usr/bin/install -c'
ac_cv_path_mkdir=/usr/bin/mkdir
ac_cv_prog_AWK=gawk
ac_cv_prog_CC='/home/clang+llvm-16.0.4-x86_64-linux-gnu-ubuntu-22.04/bin/clang-16 -pthread --target=wasm32-unknown-wasi --sysroot /home/lind-wasm/glibc/sysroot -Wl,--import-memory,--export-memory,--max-memory=67108864,--export=__stack_pointer -g -O0'
ac_cv_prog_CPP=cpp
ac_cv_prog_ac_ct_AR=ar
ac_cv_prog_ac_ct_RANLIB=ranlib
ac_cv_prog_ac_ct_STRIP=strip
ac_cv_prog_cc_c11=
ac_cv_prog_cc_g=yes
ac_cv_prog_cc_stdc=
ac_cv_prog_make_make_set=yes
ac_cv_safe_to_define___extensions__=yes
ac_cv_should_define__xopen_source=no
ac_cv_sys_largefile_opts=-D_FILE_OFFSET_BITS=64
ac_cv_sys_year2038_opts=-D_TIME_BITS=64
am_cv_CC_dependencies_compiler_type=gcc3
am_cv_make_support_nested_variables=yes
am_cv_prog_cc_c_o=yes
gl_cv_c_amsterdam_compiler=no
gl_cv_compiler_check_decl_option=-Werror=implicit-function-declaration
gl_cv_compiler_clang=yes

## ----------------- ##
## Output variables. ##
## ----------------- ##

ACLOCAL='${SHELL} '\''/home/lind-wasm/lind-wasm-tests/coreutils/coreutils-9.3/build-aux/missing'\'' aclocal-1.16'
ALLOCA=''
ALLOCA_H=''
AMDEPBACKSLASH='\'
AMDEP_FALSE='#'
AMDEP_TRUE=''
AMTAR='$${TAR-tar}'
AM_BACKSLASH='\'
AM_DEFAULT_V='$(AM_DEFAULT_VERBOSITY)'
AM_DEFAULT_VERBOSITY='0'
AM_V='$(V)'
APPLE_UNIVERSAL_BUILD=''
AR='ar'
ARFLAGS='cr'
ASSERT_H=''
AUTOCONF='${SHELL} '\''/home/lind-wasm/lind-wasm-tests/coreutils/coreutils-9.3/build-aux/missing'\'' autoconf'
AUTOHEADER='${SHELL} '\''/home/lind-wasm/lind-wasm-tests/coreutils/coreutils-9.3/build-aux/missing'\'' autoheader'
AUTOMAKE='${SHELL} '\''/home/lind-wasm/lind-wasm-tests/coreutils/coreutils-9.3/build-aux/missing'\'' automake-1.16'
AWK='gawk'
BITSIZEOF_PTRDIFF_T=''
BITSIZEOF_SIG_ATOMIC_T=''
BITSIZEOF_SIZE_T=''
BITSIZEOF_WCHAR_T=''
BITSIZEOF_WINT_T=''
BOLD_MAN_REFS_FALSE=''
BOLD_MAN_REFS_TRUE=''
BYTESWAP_H=''
CC='/home/clang+llvm-16.0.4-x86_64-linux-gnu-ubuntu-22.04/bin/clang-16 -pthread --target=wasm32-unknown-wasi --sysroot /home/lind-wasm/glibc/sysroot -Wl,--import-memory,--export-memory,--max-memory=67108864,--export=__stack_pointer -g -O0'
CCDEPMODE='depmode=gcc3'
CFLAGS='-g -O2'
CFLAG_VISIBILITY=''
CLOCK_TIME_LIB=''
CONFIG_INCLUDE=''
CPP='cpp'
CPPFLAGS=''
CROSS_COMPILING_FALSE=''
CROSS_COMPILING_TRUE=''
CSCOPE='cscope'
CTAGS='ctags'
CYGPATH_W='echo'
DEFAULT_POSIX2_VERSION=''
DEFS=''
DEPDIR='.deps'
ECHO_C=''
ECHO_N='-n'
ECHO_T=''
EGREP='/usr/bin/grep -E'
EMULTIHOP_HIDDEN=''
EMULTIHOP_VALUE=''
ENOLINK_HIDDEN=''
ENOLINK_VALUE=''
EOVERFLOW_HIDDEN=''
EOVERFLOW_VALUE=''
ERRNO_H=''
ERROR_H=''
ETAGS='etags'
EUIDACCESS_LIBGEN=''
EXEEXT=''
EXTRA_MANS=''
FDATASYNC_LIB=''
FILE_HAS_ACL_LIB=''
FLOAT_H=''
FNMATCH_H=''
GETADDRINFO_LIB=''
GETHOSTNAME_LIB=''
GETHRXTIME_LIB=''
GETLOADAVG_LIBS=''
GETLOGIN_LIB=''
GETOPT_CDEFS_H=''
GETOPT_H=''
GETRANDOM_LIB=''
GETTEXT_MACRO_VERSION=''
GL_CFLAG_ALLOW_WARNINGS=''
GL_CFLAG_GNULIB_WARNINGS=''
GL_COND_LIBTOOL_FALSE=''
GL_COND_LIBTOOL_TRUE=''
GL_COND_OBJ_ACCEPT_FALSE=''
GL_COND_OBJ_ACCEPT_TRUE=''
GL_COND_OBJ_ATOLL_FALSE=''
GL_COND_OBJ_ATOLL_TRUE=''
GL_COND_OBJ_BIND_FALSE=''
GL_COND_OBJ_BIND_TRUE=''
GL_COND_OBJ_BTOWC_FALSE=''
GL_COND_OBJ_BTOWC_TRUE=''
GL_COND_OBJ_CHDIR_LONG_FALSE=''
GL_COND_OBJ_CHDIR_LONG_TRUE=''
GL_COND_OBJ_CHMOD_FALSE=''
GL_COND_OBJ_CHMOD_TRUE=''
GL_COND_OBJ_CHOWN_FALSE=''
GL_COND_OBJ_CHOWN_TRUE=''
GL_COND_OBJ_CLOSEDIR_FALSE=''
GL_COND_OBJ_CLOSEDIR_TRUE=''
GL_COND_OBJ_CLOSE_FALSE=''
GL_COND_OBJ_CLOSE_TRUE=''
GL_COND_OBJ_CONNECT_FALSE=''
GL_COND_OBJ_CONNECT_TRUE=''
GL_COND_OBJ_COPY_FILE_RANGE_FALSE=''
GL_COND_OBJ_COPY_FILE_RANGE_TRUE=''
GL_COND_OBJ_DIRFD_FALSE=''
GL_COND_OBJ_DIRFD_TRUE=''
GL_COND_OBJ_DUP2_FALSE=''
GL_COND_OBJ_DUP2_TRUE=''
GL_COND_OBJ_DUP_FALSE=''
GL_COND_OBJ_DUP_TRUE=''
GL_COND_OBJ_ERROR_FALSE=''
GL_COND_OBJ_ERROR_TRUE=''
GL_COND_OBJ_EUIDACCESS_FALSE=''
GL_COND_OBJ_EUIDACCESS_TRUE=''
GL_COND_OBJ_EXPLICIT_BZERO_FALSE=''
GL_COND_OBJ_EXPLICIT_BZERO_TRUE=''
GL_COND_OBJ_FACCESSAT_FALSE=''
GL_COND_OBJ_FACCESSAT_TRUE=''
GL_COND_OBJ_FCHDIR_FALSE=''
GL_COND_OBJ_FCHDIR_TRUE=''
GL_COND_OBJ_FCHMODAT_FALSE=''
GL_COND_OBJ_FCHMODAT_TRUE=''
GL_COND_OBJ_FCHOWNAT_FALSE=''
GL_COND_OBJ_FCHOWNAT_TRUE=''
GL_COND_OBJ_FCHOWN_STUB_FALSE=''
GL_COND_OBJ_FCHOWN_STUB_TRUE=''
GL_COND_OBJ_FCLOSE_FALSE=''
GL_COND_OBJ_FCLOSE_TRUE=''
GL_COND_OBJ_FCNTL_FALSE=''
GL_COND_OBJ_FCNTL_TRUE=''
GL_COND_OBJ_FDATASYNC_FALSE=''
GL_COND_OBJ_FDATASYNC_TRUE=''
GL_COND_OBJ_FDOPENDIR_FALSE=''
GL_COND_OBJ_FDOPENDIR_TRUE=''
GL_COND_OBJ_FDOPEN_FALSE=''
GL_COND_OBJ_FDOPEN_TRUE=''
GL_COND_OBJ_FFLUSH_FALSE=''
GL_COND_OBJ_FFLUSH_TRUE=''
GL_COND_OBJ_FILEBLOCKS_FALSE=''
GL_COND_OBJ_FILEBLOCKS_TRUE=''
GL_COND_OBJ_FLOAT_FALSE=''
GL_COND_OBJ_FLOAT_TRUE=''
GL_COND_OBJ_FPENDING_FALSE=''
GL_COND_OBJ_FPENDING_TRUE=''
GL_COND_OBJ_FPURGE_FALSE=''
GL_COND_OBJ_FPURGE_TRUE=''
GL_COND_OBJ_FREADAHEAD_FALSE=''
GL_COND_OBJ_FREADAHEAD_TRUE=''
GL_COND_OBJ_FREADPTR_FALSE=''
GL_COND_OBJ_FREADPTR_TRUE=''
GL_COND_OBJ_FREE_FALSE=''
GL_COND_OBJ_FREE_TRUE=''
GL_COND_OBJ_FREOPEN_FALSE=''
GL_COND_OBJ_FREOPEN_TRUE=''
GL_COND_OBJ_FSEEKO_FALSE=''
GL_COND_OBJ_FSEEKO_TRUE=''
GL_COND_OBJ_FSEEK_FALSE=''
GL_COND_OBJ_FSEEK_TRUE=''
GL_COND_OBJ_FSETERR_FALSE=''
GL_COND_OBJ_FSETERR_TRUE=''
GL_COND_OBJ_FSTATAT_FALSE=''
GL_COND_OBJ_FSTATAT_TRUE=''
GL_COND_OBJ_FSTAT_FALSE=''
GL_COND_OBJ_FSTAT_TRUE=''
GL_COND_OBJ_FSUSAGE_FALSE=''
GL_COND_OBJ_FSUSAGE_TRUE=''
GL_COND_OBJ_FSYNC_FALSE=''
GL_COND_OBJ_FSYNC_TRUE=''
GL_COND_OBJ_FTELLO_FALSE=''
GL_COND_OBJ_FTELLO_TRUE=''
GL_COND_OBJ_FTELL_FALSE=''
GL_COND_OBJ_FTELL_TRUE=''
GL_COND_OBJ_FTRUNCATE_FALSE=''
GL_COND_OBJ_FTRUNCATE_TRUE=''
GL_COND_OBJ_FTS_FALSE=''
GL_COND_OBJ_FTS_TRUE=''
GL_COND_OBJ_FUTIMENS_FALSE=''
GL_COND_OBJ_FUTIMENS_TRUE=''
GL_COND_OBJ_GAI_STRERROR_FALSE=''
GL_COND_OBJ_GAI_STRERROR_TRUE=''
GL_COND_OBJ_GETADDRINFO_FALSE=''
GL_COND_OBJ_GETADDRINFO_TRUE=''
GL_COND_OBJ_GETCWD_FALSE=''
GL_COND_OBJ_GETCWD_LGPL_FALSE=''
GL_COND_OBJ_GETCWD_LGPL_TRUE=''
GL_COND_OBJ_GETCWD_TRUE=''
GL_COND_OBJ_GETDELIM_FALSE=''
GL_COND_OBJ_GETDELIM_TRUE=''
GL_COND_OBJ_GETDTABLESIZE_FALSE=''
GL_COND_OBJ_GETDTABLESIZE_TRUE=''
GL_COND_OBJ_GETFILECON_FALSE=''
GL_COND_OBJ_GETFILECON_TRUE=''
GL_COND_OBJ_GETGROUPS_FALSE=''
GL_COND_OBJ_GETGROUPS_TRUE=''
GL_COND_OBJ_GETHOSTNAME_FALSE=''
GL_COND_OBJ_GETHOSTNAME_TRUE=''
GL_COND_OBJ_GETLINE_FALSE=''
GL_COND_OBJ_GETLINE_TRUE=''
GL_COND_OBJ_GETLOADAVG_FALSE=''
GL_COND_OBJ_GETLOADAVG_TRUE=''
GL_COND_OBJ_GETLOGIN_FALSE=''
GL_COND_OBJ_GETLOGIN_TRUE=''
GL_COND_OBJ_GETOPT_FALSE=''
GL_COND_OBJ_GETOPT_TRUE=''
GL_COND_OBJ_GETPAGESIZE_FALSE=''
GL_COND_OBJ_GETPAGESIZE_TRUE=''
GL_COND_OBJ_GETPROGNAME_FALSE=''
GL_COND_OBJ_GETPROGNAME_TRUE=''
GL_COND_OBJ_GETRANDOM_FALSE=''
GL_COND_OBJ_GETRANDOM_TRUE=''
GL_COND_OBJ_GETRUSAGE_FALSE=''
GL_COND_OBJ_GETRUSAGE_TRUE=''
GL_COND_OBJ_GETTIMEOFDAY_FALSE=''
GL_COND_OBJ_GETTIMEOFDAY_TRUE=''
GL_COND_OBJ_GETUSERSHELL_FALSE=''
GL_COND_OBJ_GETUSERSHELL_TRUE=''
GL_COND_OBJ_GROUP_MEMBER_FALSE=''
GL_COND_OBJ_GROUP_MEMBER_TRUE=''
GL_COND_OBJ_ICONV_FALSE=''
GL_COND_OBJ_ICONV_OPEN_FALSE=''
GL_COND_OBJ_ICONV_OPEN_TRUE=''
GL_COND_OBJ_ICONV_TRUE=''
GL_COND_OBJ_INET_NTOP_FALSE=''
GL_COND_OBJ_INET_NTOP_TRUE=''
GL_COND_OBJ_INET_PTON_FALSE=''
GL_COND_OBJ_INET_PTON_TRUE=''
GL_COND_OBJ_IOCTL_FALSE=''
GL_COND_OBJ_IOCTL_TRUE=''
GL_COND_OBJ_ISAPIPE_FALSE=''
GL_COND_OBJ_ISAPIPE_TRUE=''
GL_COND_OBJ_ISATTY_FALSE=''
GL_COND_OBJ_ISATTY_TRUE=''
GL_COND_OBJ_ISBLANK_FALSE=''
GL_COND_OBJ_ISBLANK_TRUE=''
GL_COND_OBJ_ISWBLANK_FALSE=''
GL_COND_OBJ_ISWBLANK_TRUE=''
GL_COND_OBJ_ISWDIGIT_FALSE=''
GL_COND_OBJ_ISWDIGIT_TRUE=''
GL_COND_OBJ_ISWXDIGIT_FALSE=''
GL_COND_OBJ_ISWXDIGIT_TRUE=''
GL_COND_OBJ_ITOLD_FALSE=''
GL_COND_OBJ_ITOLD_TRUE=''
GL_COND_OBJ_LCHMOD_FALSE=''
GL_COND_OBJ_LCHMOD_TRUE=''
GL_COND_OBJ_LCHOWN_FALSE=''
GL_COND_OBJ_LCHOWN_TRUE=''
GL_COND_OBJ_LINKAT_FALSE=''
GL_COND_OBJ_LINKAT_TRUE=''
GL_COND_OBJ_LINK_FALSE=''
GL_COND_OBJ_LINK_TRUE=''
GL_COND_OBJ_LISTEN_FALSE=''
GL_COND_OBJ_LISTEN_TRUE=''
GL_COND_OBJ_LOCALECONV_FALSE=''
GL_COND_OBJ_LOCALECONV_TRUE=''
GL_COND_OBJ_LSEEK_FALSE=''
GL_COND_OBJ_LSEEK_TRUE=''
GL_COND_OBJ_LSTAT_FALSE=''
GL_COND_OBJ_LSTAT_TRUE=''
GL_COND_OBJ_MBRLEN_FALSE=''
GL_COND_OBJ_MBRLEN_TRUE=''
GL_COND_OBJ_MBRTOWC_FALSE=''
GL_COND_OBJ_MBRTOWC_TRUE=''
GL_COND_OBJ_MBSINIT_FALSE=''
GL_COND_OBJ_MBSINIT_TRUE=''
GL_COND_OBJ_MBSRTOWCS_FALSE=''
GL_COND_OBJ_MBSRTOWCS_TRUE=''
GL_COND_OBJ_MBTOWC_FALSE=''
GL_COND_OBJ_MBTOWC_TRUE=''
GL_COND_OBJ_MEMCHR_FALSE=''
GL_COND_OBJ_MEMCHR_TRUE=''
GL_COND_OBJ_MEMPCPY_FALSE=''
GL_COND_OBJ_MEMPCPY_TRUE=''
GL_COND_OBJ_MEMRCHR_FALSE=''
GL_COND_OBJ_MEMRCHR_TRUE=''
GL_COND_OBJ_MEMSET_EXPLICIT_FALSE=''
GL_COND_OBJ_MEMSET_EXPLICIT_TRUE=''
GL_COND_OBJ_MINI_GMP_GNULIB_FALSE=''
GL_COND_OBJ_MINI_GMP_GNULIB_TRUE=''
GL_COND_OBJ_MKDIRAT_FALSE=''
GL_COND_OBJ_MKDIRAT_TRUE=''
GL_COND_OBJ_MKDIR_FALSE=''
GL_COND_OBJ_MKDIR_TRUE=''
GL_COND_OBJ_MKFIFOAT_FALSE=''
GL_COND_OBJ_MKFIFOAT_TRUE=''
GL_COND_OBJ_MKFIFO_FALSE=''
GL_COND_OBJ_MKFIFO_TRUE=''
GL_COND_OBJ_MKNODAT_FALSE=''
GL_COND_OBJ_MKNODAT_TRUE=''
GL_COND_OBJ_MKNOD_FALSE=''
GL_COND_OBJ_MKNOD_TRUE=''
GL_COND_OBJ_MKOSTEMP_FALSE=''
GL_COND_OBJ_MKOSTEMP_TRUE=''
GL_COND_OBJ_MKSTEMP_FALSE=''
GL_COND_OBJ_MKSTEMP_TRUE=''
GL_COND_OBJ_MOUNTLIST_FALSE=''
GL_COND_OBJ_MOUNTLIST_TRUE=''
GL_COND_OBJ_MSVC_INVAL_FALSE=''
GL_COND_OBJ_MSVC_INVAL_TRUE=''
GL_COND_OBJ_MSVC_NOTHROW_FALSE=''
GL_COND_OBJ_MSVC_NOTHROW_TRUE=''
GL_COND_OBJ_NANOSLEEP_FALSE=''
GL_COND_OBJ_NANOSLEEP_TRUE=''
GL_COND_OBJ_NL_LANGINFO_FALSE=''
GL_COND_OBJ_NL_LANGINFO_LOCK_FALSE=''
GL_COND_OBJ_NL_LANGINFO_LOCK_TRUE=''
GL_COND_OBJ_NL_LANGINFO_TRUE=''
GL_COND_OBJ_OBSTACK_FALSE=''
GL_COND_OBJ_OBSTACK_TRUE=''
GL_COND_OBJ_OPENAT_FALSE=''
GL_COND_OBJ_OPENAT_TRUE=''
GL_COND_OBJ_OPENDIR_FALSE=''
GL_COND_OBJ_OPENDIR_TRUE=''
GL_COND_OBJ_OPEN_FALSE=''
GL_COND_OBJ_OPEN_TRUE=''
GL_COND_OBJ_PERROR_FALSE=''
GL_COND_OBJ_PERROR_TRUE=''
GL_COND_OBJ_PIPE_FALSE=''
GL_COND_OBJ_PIPE_TRUE=''
GL_COND_OBJ_POSIX_MEMALIGN_FALSE=''
GL_COND_OBJ_POSIX_MEMALIGN_TRUE=''
GL_COND_OBJ_PSELECT_FALSE=''
GL_COND_OBJ_PSELECT_TRUE=''
GL_COND_OBJ_PTHREAD_COND_FALSE=''
GL_COND_OBJ_PTHREAD_COND_TRUE=''
GL_COND_OBJ_PTHREAD_MUTEX_FALSE=''
GL_COND_OBJ_PTHREAD_MUTEX_TIMEDLOCK_FALSE=''
GL_COND_OBJ_PTHREAD_MUTEX_TIMEDLOCK_TRUE=''
GL_COND_OBJ_PTHREAD_MUTEX_TRUE=''
GL_COND_OBJ_PTHREAD_SIGMASK_FALSE=''
GL_COND_OBJ_PTHREAD_SIGMASK_TRUE=''
GL_COND_OBJ_PTHREAD_THREAD_FALSE=''
GL_COND_OBJ_PTHREAD_THREAD_TRUE=''
GL_COND_OBJ_PUTENV_FALSE=''
GL_COND_OBJ_PUTENV_TRUE=''
GL_COND_OBJ_RAISE_FALSE=''
GL_COND_OBJ_RAISE_TRUE=''
GL_COND_OBJ_RAWMEMCHR_FALSE=''
GL_COND_OBJ_RAWMEMCHR_TRUE=''
GL_COND_OBJ_READDIR_FALSE=''
GL_COND_OBJ_READDIR_TRUE=''
GL_COND_OBJ_READLINKAT_FALSE=''
GL_COND_OBJ_READLINKAT_TRUE=''
GL_COND_OBJ_READLINK_FALSE=''
GL_COND_OBJ_READLINK_TRUE=''
GL_COND_OBJ_READUTMP_FALSE=''
GL_COND_OBJ_READUTMP_TRUE=''
GL_COND_OBJ_READ_FALSE=''
GL_COND_OBJ_READ_TRUE=''
GL_COND_OBJ_REALLOCARRAY_FALSE=''
GL_COND_OBJ_REALLOCARRAY_TRUE=''
GL_COND_OBJ_REGEX_FALSE=''
GL_COND_OBJ_REGEX_TRUE=''
GL_COND_OBJ_REMOVE_FALSE=''
GL_COND_OBJ_REMOVE_TRUE=''
GL_COND_OBJ_RENAMEAT_FALSE=''
GL_COND_OBJ_RENAMEAT_TRUE=''
GL_COND_OBJ_RENAME_FALSE=''
GL_COND_OBJ_RENAME_TRUE=''
GL_COND_OBJ_REWINDDIR_FALSE=''
GL_COND_OBJ_REWINDDIR_TRUE=''
GL_COND_OBJ_RMDIR_FALSE=''
GL_COND_OBJ_RMDIR_TRUE=''
GL_COND_OBJ_RPMATCH_FALSE=''
GL_COND_OBJ_RPMATCH_TRUE=''
GL_COND_OBJ_SCHED_YIELD_FALSE=''
GL_COND_OBJ_SCHED_YIELD_TRUE=''
GL_COND_OBJ_SECURE_GETENV_FALSE=''
GL_COND_OBJ_SECURE_GETENV_TRUE=''
GL_COND_OBJ_SELECT_FALSE=''
GL_COND_OBJ_SELECT_TRUE=''
GL_COND_OBJ_SETENV_FALSE=''
GL_COND_OBJ_SETENV_TRUE=''
GL_COND_OBJ_SETLOCALE_FALSE=''
GL_COND_OBJ_SETLOCALE_LOCK_FALSE=''
GL_COND_OBJ_SETLOCALE_LOCK_TRUE=''
GL_COND_OBJ_SETLOCALE_TRUE=''
GL_COND_OBJ_SETSOCKOPT_FALSE=''
GL_COND_OBJ_SETSOCKOPT_TRUE=''
GL_COND_OBJ_SIG2STR_FALSE=''
GL_COND_OBJ_SIG2STR_TRUE=''
GL_COND_OBJ_SIGACTION_FALSE=''
GL_COND_OBJ_SIGACTION_TRUE=''
GL_COND_OBJ_SIGNBIT3_FALSE=''
GL_COND_OBJ_SIGNBIT3_TRUE=''
GL_COND_OBJ_SIGPROCMASK_FALSE=''
GL_COND_OBJ_SIGPROCMASK_TRUE=''
GL_COND_OBJ_SLEEP_FALSE=''
GL_COND_OBJ_SLEEP_TRUE=''
GL_COND_OBJ_SOCKET_FALSE=''
GL_COND_OBJ_SOCKET_TRUE=''
GL_COND_OBJ_STAT_FALSE=''
GL_COND_OBJ_STAT_TRUE=''
GL_COND_OBJ_STDIO_READ_FALSE=''
GL_COND_OBJ_STDIO_READ_TRUE=''
GL_COND_OBJ_STDIO_WRITE_FALSE=''
GL_COND_OBJ_STDIO_WRITE_TRUE=''
GL_COND_OBJ_STPCPY_FALSE=''
GL_COND_OBJ_STPCPY_TRUE=''
GL_COND_OBJ_STPNCPY_FALSE=''
GL_COND_OBJ_STPNCPY_TRUE=''
GL_COND_OBJ_STRDUP_FALSE=''
GL_COND_OBJ_STRDUP_TRUE=''
GL_COND_OBJ_STRERROR_FALSE=''
GL_COND_OBJ_STRERROR_OVERRIDE_FALSE=''
GL_COND_OBJ_STRERROR_OVERRIDE_TRUE=''
GL_COND_OBJ_STRERROR_TRUE=''
GL_COND_OBJ_STRNCAT_FALSE=''
GL_COND_OBJ_STRNCAT_TRUE=''
GL_COND_OBJ_STRNLEN_FALSE=''
GL_COND_OBJ_STRNLEN_TRUE=''
GL_COND_OBJ_STRSIGNAL_FALSE=''
GL_COND_OBJ_STRSIGNAL_TRUE=''
GL_COND_OBJ_STRTOD_FALSE=''
GL_COND_OBJ_STRTOD_TRUE=''
GL_COND_OBJ_STRTOIMAX_FALSE=''
GL_COND_OBJ_STRTOIMAX_TRUE=''
GL_COND_OBJ_STRTOLD_FALSE=''
GL_COND_OBJ_STRTOLD_TRUE=''
GL_COND_OBJ_STRTOLL_FALSE=''
GL_COND_OBJ_STRTOLL_TRUE=''
GL_COND_OBJ_STRTOULL_FALSE=''
GL_COND_OBJ_STRTOULL_TRUE=''
GL_COND_OBJ_STRTOUMAX_FALSE=''
GL_COND_OBJ_STRTOUMAX_TRUE=''
GL_COND_OBJ_SYMLINKAT_FALSE=''
GL_COND_OBJ_SYMLINKAT_TRUE=''
GL_COND_OBJ_SYMLINK_FALSE=''
GL_COND_OBJ_SYMLINK_TRUE=''
GL_COND_OBJ_TIMEGM_FALSE=''
GL_COND_OBJ_TIMEGM_TRUE=''
GL_COND_OBJ_TIME_FALSE=''
GL_COND_OBJ_TIME_RZ_FALSE=''
GL_COND_OBJ_TIME_RZ_TRUE=''
GL_COND_OBJ_TIME_R_FALSE=''
GL_COND_OBJ_TIME_R_TRUE=''
GL_COND_OBJ_TIME_TRUE=''
GL_COND_OBJ_TMPFILE_FALSE=''
GL_COND_OBJ_TMPFILE_TRUE=''
GL_COND_OBJ_TZSET_FALSE=''
GL_COND_OBJ_TZSET_TRUE=''
GL_COND_OBJ_UNAME_FALSE=''
GL_COND_OBJ_UNAME_TRUE=''
GL_COND_OBJ_UNLINKAT_FALSE=''
GL_COND_OBJ_UNLINKAT_TRUE=''
GL_COND_OBJ_UNLINK_FALSE=''
GL_COND_OBJ_UNLINK_TRUE=''
GL_COND_OBJ_UNSETENV_FALSE=''
GL_COND_OBJ_UNSETENV_TRUE=''
GL_COND_OBJ_USLEEP_FALSE=''
GL_COND_OBJ_USLEEP_TRUE=''
GL_COND_OBJ_UTIMENSAT_FALSE=''
GL_COND_OBJ_UTIMENSAT_TRUE=''
GL_COND_OBJ_UTIME_FALSE=''
GL_COND_OBJ_UTIME_TRUE=''
GL_COND_OBJ_WCRTOMB_FALSE=''
GL_COND_OBJ_WCRTOMB_TRUE=''
GL_COND_OBJ_WCSWIDTH_FALSE=''
GL_COND_OBJ_WCSWIDTH_TRUE=''
GL_COND_OBJ_WCTOB_FALSE=''
GL_COND_OBJ_WCTOB_TRUE=''
GL_COND_OBJ_WCTOMB_FALSE=''
GL_COND_OBJ_WCTOMB_TRUE=''
GL_COND_OBJ_WCWIDTH_FALSE=''
GL_COND_OBJ_WCWIDTH_TRUE=''
GL_COND_OBJ_WINDOWS_COND_FALSE=''
GL_COND_OBJ_WINDOWS_COND_TRUE=''
GL_COND_OBJ_WINDOWS_MUTEX_FALSE=''
GL_COND_OBJ_WINDOWS_MUTEX_TRUE=''
GL_COND_OBJ_WINDOWS_ONCE_FALSE=''
GL_COND_OBJ_WINDOWS_ONCE_TRUE=''
GL_COND_OBJ_WINDOWS_RECMUTEX_FALSE=''
GL_COND_OBJ_WINDOWS_RECMUTEX_TRUE=''
GL_COND_OBJ_WINDOWS_RWLOCK_FALSE=''
GL_COND_OBJ_WINDOWS_RWLOCK_TRUE=''
GL_COND_OBJ_WINDOWS_THREAD_FALSE=''
GL_COND_OBJ_WINDOWS_THREAD_TRUE=''
GL_COND_OBJ_WINDOWS_TIMEDMUTEX_FALSE=''
GL_COND_OBJ_WINDOWS_TIMEDMUTEX_TRUE=''
GL_COND_OBJ_WINDOWS_TIMEDRECMUTEX_FALSE=''
GL_COND_OBJ_WINDOWS_TIMEDRECMUTEX_TRUE=''
GL_COND_OBJ_WINDOWS_TLS_FALSE=''
GL_COND_OBJ_WINDOWS_TLS_TRUE=''
GL_COND_OBJ_WMEMCHR_FALSE=''
GL_COND_OBJ_WMEMCHR_TRUE=''
GL_COND_OBJ_WMEMPCPY_FALSE=''
GL_COND_OBJ_WMEMPCPY_TRUE=''
GL_COND_OBJ_WRITE_FALSE=''
GL_COND_OBJ_WRITE_TRUE=''
GL_CXXFLAG_ALLOW_WARNINGS=''
GL_GENERATE_ALLOCA_H_FALSE=''
GL_GENERATE_ALLOCA_H_TRUE=''
GL_GENERATE_ASSERT_H_FALSE=''
GL_GENERATE_ASSERT_H_TRUE=''
GL_GENERATE_BYTESWAP_H_FALSE=''
GL_GENERATE_BYTESWAP_H_TRUE=''
GL_GENERATE_ERRNO_H_FALSE=''
GL_GENERATE_ERRNO_H_TRUE=''
GL_GENERATE_ERROR_H_FALSE=''
GL_GENERATE_ERROR_H_TRUE=''
GL_GENERATE_FLOAT_H_FALSE=''
GL_GENERATE_FLOAT_H_TRUE=''
GL_GENERATE_FNMATCH_H_FALSE=''
GL_GENERATE_FNMATCH_H_TRUE=''
GL_GENERATE_GETOPT_CDEFS_H_FALSE=''
GL_GENERATE_GETOPT_CDEFS_H_TRUE=''
GL_GENERATE_GETOPT_H_FALSE=''
GL_GENERATE_GETOPT_H_TRUE=''
GL_GENERATE_GMP_GMP_H_FALSE=''
GL_GENERATE_GMP_GMP_H_TRUE=''
GL_GENERATE_GMP_H_FALSE=''
GL_GENERATE_GMP_H_TRUE=''
GL_GENERATE_ICONV_H_FALSE=''
GL_GENERATE_ICONV_H_TRUE=''
GL_GENERATE_LIMITS_H_FALSE=''
GL_GENERATE_LIMITS_H_TRUE=''
GL_GENERATE_MINI_GMP_H_FALSE=''
GL_GENERATE_MINI_GMP_H_TRUE=''
GL_GENERATE_NETINET_IN_H_FALSE=''
GL_GENERATE_NETINET_IN_H_TRUE=''
GL_GENERATE_SELINUX_CONTEXT_H_FALSE=''
GL_GENERATE_SELINUX_CONTEXT_H_TRUE=''
GL_GENERATE_SELINUX_LABEL_H_FALSE=''
GL_GENERATE_SELINUX_LABEL_H_TRUE=''
GL_GENERATE_STDARG_H_FALSE=''
GL_GENERATE_STDARG_H_TRUE=''
GL_GENERATE_STDCKDINT_H_FALSE=''
GL_GENERATE_STDCKDINT_H_TRUE=''
GL_GENERATE_STDDEF_H_FALSE=''
GL_GENERATE_STDDEF_H_TRUE=''
GL_GENERATE_STDINT_H_FALSE=''
GL_GENERATE_STDINT_H_TRUE=''
GL_GNULIB_ACCEPT4=''
GL_GNULIB_ACCEPT=''
GL_GNULIB_ACCESS=''
GL_GNULIB_ACOSF=''
GL_GNULIB_ACOSL=''
GL_GNULIB_ALIGNED_ALLOC=''
GL_GNULIB_ALPHASORT=''
GL_GNULIB_ASINF=''
GL_GNULIB_ASINL=''
GL_GNULIB_ATAN2F=''
GL_GNULIB_ATANF=''
GL_GNULIB_ATANL=''
GL_GNULIB_ATOLL=''
GL_GNULIB_BIND=''
GL_GNULIB_BTOWC=''
GL_GNULIB_CALLOC_GNU=''
GL_GNULIB_CALLOC_POSIX=''
GL_GNULIB_CANONICALIZE_FILE_NAME=''
GL_GNULIB_CBRT=''
GL_GNULIB_CBRTF=''
GL_GNULIB_CBRTL=''
GL_GNULIB_CEIL=''
GL_GNULIB_CEILF=''
GL_GNULIB_CEILL=''
GL_GNULIB_CHDIR=''
GL_GNULIB_CHMOD=''
GL_GNULIB_CHOWN=''
GL_GNULIB_CLOSE=''
GL_GNULIB_CLOSEDIR=''
GL_GNULIB_CONNECT=''
GL_GNULIB_COPYSIGN=''
GL_GNULIB_COPYSIGNF=''
GL_GNULIB_COPYSIGNL=''
GL_GNULIB_COPY_FILE_RANGE=''
GL_GNULIB_COSF=''
GL_GNULIB_COSHF=''
GL_GNULIB_COSL=''
GL_GNULIB_CREAT=''
GL_GNULIB_CTIME=''
GL_GNULIB_DIRFD=''
GL_GNULIB_DPRINTF=''
GL_GNULIB_DUP2=''
GL_GNULIB_DUP3=''
GL_GNULIB_DUP=''
GL_GNULIB_DUPLOCALE=''
GL_GNULIB_ENVIRON=''
GL_GNULIB_EUIDACCESS=''
GL_GNULIB_EXECL=''
GL_GNULIB_EXECLE=''
GL_GNULIB_EXECLP=''
GL_GNULIB_EXECV=''
GL_GNULIB_EXECVE=''
GL_GNULIB_EXECVP=''
GL_GNULIB_EXECVPE=''
GL_GNULIB_EXP2=''
GL_GNULIB_EXP2F=''
GL_GNULIB_EXP2L=''
GL_GNULIB_EXPF=''
GL_GNULIB_EXPL=''
GL_GNULIB_EXPLICIT_BZERO=''
GL_GNULIB_EXPM1=''
GL_GNULIB_EXPM1F=''
GL_GNULIB_EXPM1L=''
GL_GNULIB_FABSF=''
GL_GNULIB_FABSL=''
GL_GNULIB_FACCESSAT=''
GL_GNULIB_FCHDIR=''
GL_GNULIB_FCHMODAT=''
GL_GNULIB_FCHOWNAT=''
GL_GNULIB_FCLOSE=''
GL_GNULIB_FCNTL=''
GL_GNULIB_FDATASYNC=''
GL_GNULIB_FDOPEN=''
GL_GNULIB_FDOPENDIR=''
GL_GNULIB_FFLUSH=''
GL_GNULIB_FFSL=''
GL_GNULIB_FFSLL=''
GL_GNULIB_FGETC=''
GL_GNULIB_FGETS=''
GL_GNULIB_FLOOR=''
GL_GNULIB_FLOORF=''
GL_GNULIB_FLOORL=''
GL_GNULIB_FMA=''
GL_GNULIB_FMAF=''
GL_GNULIB_FMAL=''
GL_GNULIB_FMOD=''
GL_GNULIB_FMODF=''
GL_GNULIB_FMODL=''
GL_GNULIB_FNMATCH=''
GL_GNULIB_FOPEN=''
GL_GNULIB_FOPEN_GNU=''
GL_GNULIB_FPRINTF=''
GL_GNULIB_FPRINTF_POSIX=''
GL_GNULIB_FPURGE=''
GL_GNULIB_FPUTC=''
GL_GNULIB_FPUTS=''
GL_GNULIB_FREAD=''
GL_GNULIB_FREE_POSIX=''
GL_GNULIB_FREOPEN=''
GL_GNULIB_FREXP=''
GL_GNULIB_FREXPF=''
GL_GNULIB_FREXPL=''
GL_GNULIB_FSCANF=''
GL_GNULIB_FSEEK=''
GL_GNULIB_FSEEKO=''
GL_GNULIB_FSTAT=''
GL_GNULIB_FSTATAT=''
GL_GNULIB_FSYNC=''
GL_GNULIB_FTELL=''
GL_GNULIB_FTELLO=''
GL_GNULIB_FTRUNCATE=''
GL_GNULIB_FUTIMENS=''
GL_GNULIB_FWRITE=''
GL_GNULIB_GETADDRINFO=''
GL_GNULIB_GETC=''
GL_GNULIB_GETCHAR=''
GL_GNULIB_GETCWD=''
GL_GNULIB_GETDELIM=''
GL_GNULIB_GETDOMAINNAME=''
GL_GNULIB_GETDTABLESIZE=''
GL_GNULIB_GETENTROPY=''
GL_GNULIB_GETGROUPS=''
GL_GNULIB_GETHOSTNAME=''
GL_GNULIB_GETLINE=''
GL_GNULIB_GETLOADAVG=''
GL_GNULIB_GETLOGIN=''
GL_GNULIB_GETLOGIN_R=''
GL_GNULIB_GETOPT_POSIX=''
GL_GNULIB_GETPAGESIZE=''
GL_GNULIB_GETPASS=''
GL_GNULIB_GETPASS_GNU=''
GL_GNULIB_GETPEERNAME=''
GL_GNULIB_GETPROGNAME=''
GL_GNULIB_GETRANDOM=''
GL_GNULIB_GETRUSAGE=''
GL_GNULIB_GETSOCKNAME=''
GL_GNULIB_GETSOCKOPT=''
GL_GNULIB_GETSUBOPT=''
GL_GNULIB_GETTIMEOFDAY=''
GL_GNULIB_GETUMASK=''
GL_GNULIB_GETUSERSHELL=''
GL_GNULIB_GRANTPT=''
GL_GNULIB_GROUP_MEMBER=''
GL_GNULIB_HYPOT=''
GL_GNULIB_HYPOTF=''
GL_GNULIB_HYPOTL=''
GL_GNULIB_ICONV=''
GL_GNULIB_ILOGB=''
GL_GNULIB_ILOGBF=''
GL_GNULIB_ILOGBL=''
GL_GNULIB_IMAXABS=''
GL_GNULIB_IMAXDIV=''
GL_GNULIB_INET_NTOP=''
GL_GNULIB_INET_PTON=''
GL_GNULIB_IOCTL=''
GL_GNULIB_ISATTY=''
GL_GNULIB_ISBLANK=''
GL_GNULIB_ISFINITE=''
GL_GNULIB_ISINF=''
GL_GNULIB_ISNAN=''
GL_GNULIB_ISNAND=''
GL_GNULIB_ISNANF=''
GL_GNULIB_ISNANL=''
GL_GNULIB_ISWBLANK=''
GL_GNULIB_ISWCTYPE=''
GL_GNULIB_ISWDIGIT=''
GL_GNULIB_ISWXDIGIT=''
GL_GNULIB_LCHMOD=''
GL_GNULIB_LCHOWN=''
GL_GNULIB_LDEXPF=''
GL_GNULIB_LDEXPL=''
GL_GNULIB_LINK=''
GL_GNULIB_LINKAT=''
GL_GNULIB_LISTEN=''
GL_GNULIB_LOCALECONV=''
GL_GNULIB_LOCALENAME=''
GL_GNULIB_LOCALTIME=''
GL_GNULIB_LOG10=''
GL_GNULIB_LOG10F=''
GL_GNULIB_LOG10L=''
GL_GNULIB_LOG1P=''
GL_GNULIB_LOG1PF=''
GL_GNULIB_LOG1PL=''
GL_GNULIB_LOG2=''
GL_GNULIB_LOG2F=''
GL_GNULIB_LOG2L=''
GL_GNULIB_LOG=''
GL_GNULIB_LOGB=''
GL_GNULIB_LOGBF=''
GL_GNULIB_LOGBL=''
GL_GNULIB_LOGF=''
GL_GNULIB_LOGL=''
GL_GNULIB_LSEEK=''
GL_GNULIB_LSTAT=''
GL_GNULIB_MALLOC_GNU=''
GL_GNULIB_MALLOC_POSIX=''
GL_GNULIB_MBRLEN=''
GL_GNULIB_MBRTOWC=''
GL_GNULIB_MBSCASECMP=''
GL_GNULIB_MBSCASESTR=''
GL_GNULIB_MBSCHR=''
GL_GNULIB_MBSCSPN=''
GL_GNULIB_MBSINIT=''
GL_GNULIB_MBSLEN=''
GL_GNULIB_MBSNCASECMP=''
GL_GNULIB_MBSNLEN=''
GL_GNULIB_MBSNRTOWCS=''
GL_GNULIB_MBSPBRK=''
GL_GNULIB_MBSPCASECMP=''
GL_GNULIB_MBSRCHR=''
GL_GNULIB_MBSRTOWCS=''
GL_GNULIB_MBSSEP=''
GL_GNULIB_MBSSPN=''
GL_GNULIB_MBSSTR=''
GL_GNULIB_MBSTOK_R=''
GL_GNULIB_MBSTOWCS=''
GL_GNULIB_MBTOWC=''
GL_GNULIB_MDA_ACCESS=''
GL_GNULIB_MDA_CHDIR=''
GL_GNULIB_MDA_CHMOD=''
GL_GNULIB_MDA_CLOSE=''
GL_GNULIB_MDA_CREAT=''
GL_GNULIB_MDA_DUP2=''
GL_GNULIB_MDA_DUP=''
GL_GNULIB_MDA_ECVT=''
GL_GNULIB_MDA_EXECL=''
GL_GNULIB_MDA_EXECLE=''
GL_GNULIB_MDA_EXECLP=''
GL_GNULIB_MDA_EXECV=''
GL_GNULIB_MDA_EXECVE=''
GL_GNULIB_MDA_EXECVP=''
GL_GNULIB_MDA_EXECVPE=''
GL_GNULIB_MDA_FCLOSEALL=''
GL_GNULIB_MDA_FCVT=''
GL_GNULIB_MDA_FDOPEN=''
GL_GNULIB_MDA_FILENO=''
GL_GNULIB_MDA_GCVT=''
GL_GNULIB_MDA_GETCWD=''
GL_GNULIB_MDA_GETPID=''
GL_GNULIB_MDA_GETW=''
GL_GNULIB_MDA_ISATTY=''
GL_GNULIB_MDA_J0=''
GL_GNULIB_MDA_J1=''
GL_GNULIB_MDA_JN=''
GL_GNULIB_MDA_LSEEK=''
GL_GNULIB_MDA_MEMCCPY=''
GL_GNULIB_MDA_MKDIR=''
GL_GNULIB_MDA_MKTEMP=''
GL_GNULIB_MDA_OPEN=''
GL_GNULIB_MDA_PUTENV=''
GL_GNULIB_MDA_PUTW=''
GL_GNULIB_MDA_READ=''
GL_GNULIB_MDA_RMDIR=''
GL_GNULIB_MDA_STRDUP=''
GL_GNULIB_MDA_SWAB=''
GL_GNULIB_MDA_TEMPNAM=''
GL_GNULIB_MDA_TZSET=''
GL_GNULIB_MDA_UMASK=''
GL_GNULIB_MDA_UNLINK=''
GL_GNULIB_MDA_UTIME=''
GL_GNULIB_MDA_WCSDUP=''
GL_GNULIB_MDA_WRITE=''
GL_GNULIB_MDA_Y0=''
GL_GNULIB_MDA_Y1=''
GL_GNULIB_MDA_YN=''
GL_GNULIB_MEMCHR=''
GL_GNULIB_MEMMEM=''
GL_GNULIB_MEMPCPY=''
GL_GNULIB_MEMRCHR=''
GL_GNULIB_MEMSET_EXPLICIT=''
GL_GNULIB_MKDIR=''
GL_GNULIB_MKDIRAT=''
GL_GNULIB_MKDTEMP=''
GL_GNULIB_MKFIFO=''
GL_GNULIB_MKFIFOAT=''
GL_GNULIB_MKNOD=''
GL_GNULIB_MKNODAT=''
GL_GNULIB_MKOSTEMP=''
GL_GNULIB_MKOSTEMPS=''
GL_GNULIB_MKSTEMP=''
GL_GNULIB_MKSTEMPS=''
GL_GNULIB_MKTIME=''
GL_GNULIB_MODF=''
GL_GNULIB_MODFF=''
GL_GNULIB_MODFL=''
GL_GNULIB_NANOSLEEP=''
GL_GNULIB_NL_LANGINFO=''
GL_GNULIB_NONBLOCKING=''
GL_GNULIB_OBSTACK_PRINTF=''
GL_GNULIB_OBSTACK_PRINTF_POSIX=''
GL_GNULIB_OPEN=''
GL_GNULIB_OPENAT=''
GL_GNULIB_OPENDIR=''
GL_GNULIB_OVERRIDES_STRUCT_STAT=''
GL_GNULIB_PCLOSE=''
GL_GNULIB_PERROR=''
GL_GNULIB_PIPE2=''
GL_GNULIB_PIPE=''
GL_GNULIB_POPEN=''
GL_GNULIB_POSIX_MEMALIGN=''
GL_GNULIB_POSIX_OPENPT=''
GL_GNULIB_POWF=''
GL_GNULIB_PREAD=''
GL_GNULIB_PRINTF=''
GL_GNULIB_PRINTF_POSIX=''
GL_GNULIB_PSELECT=''
GL_GNULIB_PTHREAD_COND=''
GL_GNULIB_PTHREAD_MUTEX=''
GL_GNULIB_PTHREAD_MUTEX_TIMEDLOCK=''
GL_GNULIB_PTHREAD_ONCE=''
GL_GNULIB_PTHREAD_RWLOCK=''
GL_GNULIB_PTHREAD_SIGMASK=''
GL_GNULIB_PTHREAD_SPIN=''
GL_GNULIB_PTHREAD_THREAD=''
GL_GNULIB_PTHREAD_TSS=''
GL_GNULIB_PTSNAME=''
GL_GNULIB_PTSNAME_R=''
GL_GNULIB_PUTC=''
GL_GNULIB_PUTCHAR=''
GL_GNULIB_PUTENV=''
GL_GNULIB_PUTS=''
GL_GNULIB_PWRITE=''
GL_GNULIB_QSORT_R=''
GL_GNULIB_RAISE=''
GL_GNULIB_RANDOM=''
GL_GNULIB_RANDOM_R=''
GL_GNULIB_RAWMEMCHR=''
GL_GNULIB_READ=''
GL_GNULIB_READDIR=''
GL_GNULIB_READLINK=''
GL_GNULIB_READLINKAT=''
GL_GNULIB_REALLOCARRAY=''
GL_GNULIB_REALLOC_GNU=''
GL_GNULIB_REALLOC_POSIX=''
GL_GNULIB_REALPATH=''
GL_GNULIB_RECV=''
GL_GNULIB_RECVFROM=''
GL_GNULIB_REMAINDER=''
GL_GNULIB_REMAINDERF=''
GL_GNULIB_REMAINDERL=''
GL_GNULIB_REMOVE=''
GL_GNULIB_RENAME=''
GL_GNULIB_RENAMEAT=''
GL_GNULIB_REWINDDIR=''
GL_GNULIB_RINT=''
GL_GNULIB_RINTF=''
GL_GNULIB_RINTL=''
GL_GNULIB_RMDIR=''
GL_GNULIB_ROUND=''
GL_GNULIB_ROUNDF=''
GL_GNULIB_ROUNDL=''
GL_GNULIB_RPMATCH=''
GL_GNULIB_SCANDIR=''
GL_GNULIB_SCANF=''
GL_GNULIB_SCHED_YIELD=''
GL_GNULIB_SECURE_GETENV=''
GL_GNULIB_SELECT=''
GL_GNULIB_SEND=''
GL_GNULIB_SENDTO=''
GL_GNULIB_SETENV=''
GL_GNULIB_SETHOSTNAME=''
GL_GNULIB_SETLOCALE=''
GL_GNULIB_SETLOCALE_NULL=''
GL_GNULIB_SETSOCKOPT=''
GL_GNULIB_SHUTDOWN=''
GL_GNULIB_SIGABBREV_NP=''
GL_GNULIB_SIGACTION=''
GL_GNULIB_SIGDESCR_NP=''
GL_GNULIB_SIGNAL_H_SIGPIPE=''
GL_GNULIB_SIGNBIT=''
GL_GNULIB_SIGPROCMASK=''
GL_GNULIB_SINF=''
GL_GNULIB_SINHF=''
GL_GNULIB_SINL=''
GL_GNULIB_SLEEP=''
GL_GNULIB_SNPRINTF=''
GL_GNULIB_SOCKET=''
GL_GNULIB_SPRINTF_POSIX=''
GL_GNULIB_SQRTF=''
GL_GNULIB_SQRTL=''
GL_GNULIB_STAT=''
GL_GNULIB_STDIO_H_NONBLOCKING=''
GL_GNULIB_STDIO_H_SIGPIPE=''
GL_GNULIB_STPCPY=''
GL_GNULIB_STPNCPY=''
GL_GNULIB_STRCASESTR=''
GL_GNULIB_STRCHRNUL=''
GL_GNULIB_STRDUP=''
GL_GNULIB_STRERROR=''
GL_GNULIB_STRERRORNAME_NP=''
GL_GNULIB_STRERROR_R=''
GL_GNULIB_STRFTIME=''
GL_GNULIB_STRNCAT=''
GL_GNULIB_STRNDUP=''
GL_GNULIB_STRNLEN=''
GL_GNULIB_STRPBRK=''
GL_GNULIB_STRPTIME=''
GL_GNULIB_STRSEP=''
GL_GNULIB_STRSIGNAL=''
GL_GNULIB_STRSTR=''
GL_GNULIB_STRTOD=''
GL_GNULIB_STRTOIMAX=''
GL_GNULIB_STRTOK_R=''
GL_GNULIB_STRTOL=''
GL_GNULIB_STRTOLD=''
GL_GNULIB_STRTOLL=''
GL_GNULIB_STRTOUL=''
GL_GNULIB_STRTOULL=''
GL_GNULIB_STRTOUMAX=''
GL_GNULIB_STRVERSCMP=''
GL_GNULIB_SYMLINK=''
GL_GNULIB_SYMLINKAT=''
GL_GNULIB_SYSTEM_POSIX=''
GL_GNULIB_TANF=''
GL_GNULIB_TANHF=''
GL_GNULIB_TANL=''
GL_GNULIB_TCGETSID=''
GL_GNULIB_TIME=''
GL_GNULIB_TIMEGM=''
GL_GNULIB_TIMESPEC_GET=''
GL_GNULIB_TIMESPEC_GETRES=''
GL_GNULIB_TIME_R=''
GL_GNULIB_TIME_RZ=''
GL_GNULIB_TMPFILE=''
GL_GNULIB_TOWCTRANS=''
GL_GNULIB_TRUNC=''
GL_GNULIB_TRUNCATE=''
GL_GNULIB_TRUNCF=''
GL_GNULIB_TRUNCL=''
GL_GNULIB_TTYNAME_R=''
GL_GNULIB_TZSET=''
GL_GNULIB_UNAME=''
GL_GNULIB_UNISTD_H_GETOPT=''
GL_GNULIB_UNISTD_H_NONBLOCKING=''
GL_GNULIB_UNISTD_H_SIGPIPE=''
GL_GNULIB_UNLINK=''
GL_GNULIB_UNLINKAT=''
GL_GNULIB_UNLOCKPT=''
GL_GNULIB_UNSETENV=''
GL_GNULIB_USLEEP=''
GL_GNULIB_UTIME=''
GL_GNULIB_UTIMENSAT=''
GL_GNULIB_VASPRINTF=''
GL_GNULIB_VDPRINTF=''
GL_GNULIB_VFPRINTF=''
GL_GNULIB_VFPRINTF_POSIX=''
GL_GNULIB_VFSCANF=''
GL_GNULIB_VPRINTF=''
GL_GNULIB_VPRINTF_POSIX=''
GL_GNULIB_VSCANF=''
GL_GNULIB_VSNPRINTF=''
GL_GNULIB_VSPRINTF_POSIX=''
GL_GNULIB_WAITPID=''
GL_GNULIB_WCPCPY=''
GL_GNULIB_WCPNCPY=''
GL_GNULIB_WCRTOMB=''
GL_GNULIB_WCSCASECMP=''
GL_GNULIB_WCSCAT=''
GL_GNULIB_WCSCHR=''
GL_GNULIB_WCSCMP=''
GL_GNULIB_WCSCOLL=''
GL_GNULIB_WCSCPY=''
GL_GNULIB_WCSCSPN=''
GL_GNULIB_WCSDUP=''
GL_GNULIB_WCSFTIME=''
GL_GNULIB_WCSLEN=''
GL_GNULIB_WCSNCASECMP=''
GL_GNULIB_WCSNCAT=''
GL_GNULIB_WCSNCMP=''
GL_GNULIB_WCSNCPY=''
GL_GNULIB_WCSNLEN=''
GL_GNULIB_WCSNRTOMBS=''
GL_GNULIB_WCSPBRK=''
GL_GNULIB_WCSRCHR=''
GL_GNULIB_WCSRTOMBS=''
GL_GNULIB_WCSSPN=''
GL_GNULIB_WCSSTR=''
GL_GNULIB_WCSTOK=''
GL_GNULIB_WCSWIDTH=''
GL_GNULIB_WCSXFRM=''
GL_GNULIB_WCTOB=''
GL_GNULIB_WCTOMB=''
GL_GNULIB_WCTRANS=''
GL_GNULIB_WCTYPE=''
GL_GNULIB_WCWIDTH=''
GL_GNULIB_WMEMCHR=''
GL_GNULIB_WMEMCMP=''
GL_GNULIB_WMEMCPY=''
GL_GNULIB_WMEMMOVE=''
GL_GNULIB_WMEMPCPY=''
GL_GNULIB_WMEMSET=''
GL_GNULIB_WRITE=''
GL_GNULIB__EXIT=''
GMP_H=''
GMSGFMT=''
GMSGFMT_015=''
GNULIBHEADERS_OVERRIDE_WINT_T=''
GNULIB_GETTIMEOFDAY=''
GNULIB_TEST_WARN_CFLAGS=''
GNULIB_WARN_CFLAGS=''
GNU_MAKE_FALSE=''
GNU_MAKE_TRUE=''
GREP='/usr/bin/grep'
HARD_LOCALE_LIB=''
HAVE_ACCEPT4=''
HAVE_ACOSF=''
HAVE_ACOSL=''
HAVE_ALIGNED_ALLOC=''
HAVE_ALLOCA_H=''
HAVE_ALPHASORT=''
HAVE_ARPA_INET_H=''
HAVE_ASINF=''
HAVE_ASINL=''
HAVE_ATAN2F=''
HAVE_ATANF=''
HAVE_ATANL=''
HAVE_ATOLL=''
HAVE_BTOWC=''
HAVE_C99_STDINT_H=''
HAVE_CANONICALIZE_FILE_NAME=''
HAVE_CBRT=''
HAVE_CBRTF=''
HAVE_CBRTL=''
HAVE_CHOWN=''
HAVE_CLOSEDIR=''
HAVE_COPYSIGN=''
HAVE_COPYSIGNL=''
HAVE_COPY_FILE_RANGE=''
HAVE_COSF=''
HAVE_COSHF=''
HAVE_COSL=''
HAVE_CRTDEFS_H=''
HAVE_DECL_ACOSL=''
HAVE_DECL_ASINL=''
HAVE_DECL_ATANL=''
HAVE_DECL_CBRTF=''
HAVE_DECL_CBRTL=''
HAVE_DECL_CEILF=''
HAVE_DECL_CEILL=''
HAVE_DECL_COPYSIGNF=''
HAVE_DECL_COSL=''
HAVE_DECL_DIRFD=''
HAVE_DECL_ECVT=''
HAVE_DECL_ENVIRON=''
HAVE_DECL_EXECVPE=''
HAVE_DECL_EXP2=''
HAVE_DECL_EXP2F=''
HAVE_DECL_EXP2L=''
HAVE_DECL_EXPL=''
HAVE_DECL_EXPM1L=''
HAVE_DECL_FCHDIR=''
HAVE_DECL_FCLOSEALL=''
HAVE_DECL_FCVT=''
HAVE_DECL_FDATASYNC=''
HAVE_DECL_FDOPENDIR=''
HAVE_DECL_FLOORF=''
HAVE_DECL_FLOORL=''
HAVE_DECL_FPURGE=''
HAVE_DECL_FREEADDRINFO=''
HAVE_DECL_FREXPL=''
HAVE_DECL_FSEEKO=''
HAVE_DECL_FTELLO=''
HAVE_DECL_GAI_STRERROR=''
HAVE_DECL_GCVT=''
HAVE_DECL_GETADDRINFO=''
HAVE_DECL_GETDELIM=''
HAVE_DECL_GETDOMAINNAME=''
HAVE_DECL_GETLINE=''
HAVE_DECL_GETLOADAVG=''
HAVE_DECL_GETLOGIN=''
HAVE_DECL_GETLOGIN_R=''
HAVE_DECL_GETNAMEINFO=''
HAVE_DECL_GETPAGESIZE=''
HAVE_DECL_GETUSERSHELL=''
HAVE_DECL_GETW=''
HAVE_DECL_IMAXABS=''
HAVE_DECL_IMAXDIV=''
HAVE_DECL_INET_NTOP=''
HAVE_DECL_INET_PTON=''
HAVE_DECL_INITSTATE=''
HAVE_DECL_LDEXPL=''
HAVE_DECL_LOCALTIME_R=''
HAVE_DECL_LOG10L=''
HAVE_DECL_LOG2=''
HAVE_DECL_LOG2F=''
HAVE_DECL_LOG2L=''
HAVE_DECL_LOGB=''
HAVE_DECL_LOGL=''
HAVE_DECL_MEMMEM=''
HAVE_DECL_MEMRCHR=''
HAVE_DECL_OBSTACK_PRINTF=''
HAVE_DECL_PUTW=''
HAVE_DECL_REMAINDER=''
HAVE_DECL_REMAINDERL=''
HAVE_DECL_RINTF=''
HAVE_DECL_ROUND=''
HAVE_DECL_ROUNDF=''
HAVE_DECL_ROUNDL=''
HAVE_DECL_SETENV=''
HAVE_DECL_SETHOSTNAME=''
HAVE_DECL_SETSTATE=''
HAVE_DECL_SINL=''
HAVE_DECL_SNPRINTF=''
HAVE_DECL_SQRTL=''
HAVE_DECL_STRDUP=''
HAVE_DECL_STRERROR_R=''
HAVE_DECL_STRNDUP=''
HAVE_DECL_STRNLEN=''
HAVE_DECL_STRSIGNAL=''
HAVE_DECL_STRTOIMAX=''
HAVE_DECL_STRTOK_R=''
HAVE_DECL_STRTOUMAX=''
HAVE_DECL_TANL=''
HAVE_DECL_TCGETSID=''
HAVE_DECL_TRUNC=''
HAVE_DECL_TRUNCATE=''
HAVE_DECL_TRUNCF=''
HAVE_DECL_TRUNCL=''
HAVE_DECL_TTYNAME_R=''
HAVE_DECL_UNSETENV=''
HAVE_DECL_VSNPRINTF=''
HAVE_DECL_WCSDUP=''
HAVE_DECL_WCTOB=''
HAVE_DECL_WCWIDTH=''
HAVE_DIRENT_H=''
HAVE_DPRINTF=''
HAVE_DUP3=''
HAVE_DUPLOCALE=''
HAVE_ERROR=''
HAVE_ERROR_AT_LINE=''
HAVE_ERROR_H=''
HAVE_EUIDACCESS=''
HAVE_EXECVPE=''
HAVE_EXPF=''
HAVE_EXPL=''
HAVE_EXPLICIT_BZERO=''
HAVE_EXPM1=''
HAVE_EXPM1F=''
HAVE_FABSF=''
HAVE_FABSL=''
HAVE_FACCESSAT=''
HAVE_FCHDIR=''
HAVE_FCHMODAT=''
HAVE_FCHOWNAT=''
HAVE_FCNTL=''
HAVE_FDATASYNC=''
HAVE_FDOPENDIR=''
HAVE_FEATURES_H=''
HAVE_FFSL=''
HAVE_FFSLL=''
HAVE_FMA=''
HAVE_FMAF=''
HAVE_FMAL=''
HAVE_FMODF=''
HAVE_FMODL=''
HAVE_FNMATCH=''
HAVE_FNMATCH_H=''
HAVE_FREELOCALE=''
HAVE_FREXPF=''
HAVE_FSEEKO=''
HAVE_FSTATAT=''
HAVE_FSYNC=''
HAVE_FTELLO=''
HAVE_FTRUNCATE=''
HAVE_FUTIMENS=''
HAVE_GETDTABLESIZE=''
HAVE_GETENTROPY=''
HAVE_GETGROUPS=''
HAVE_GETHOSTNAME=''
HAVE_GETLOGIN=''
HAVE_GETOPT_H=''
HAVE_GETPAGESIZE=''
HAVE_GETPASS=''
HAVE_GETPROGNAME=''
HAVE_GETRANDOM=''
HAVE_GETRUSAGE=''
HAVE_GETSUBOPT=''
HAVE_GETTIMEOFDAY=''
HAVE_GETUMASK=''
HAVE_GRANTPT=''
HAVE_GROUP_MEMBER=''
HAVE_HYPOTF=''
HAVE_HYPOTL=''
HAVE_ILOGB=''
HAVE_ILOGBF=''
HAVE_ILOGBL=''
HAVE_IMAXABS=''
HAVE_IMAXDIV=''
HAVE_IMAXDIV_T=''
HAVE_INITSTATE=''
HAVE_INTTYPES_H=''
HAVE_ISBLANK=''
HAVE_ISNAND=''
HAVE_ISNANF=''
HAVE_ISNANL=''
HAVE_ISWBLANK=''
HAVE_ISWCNTRL=''
HAVE_LANGINFO_ALTMON=''
HAVE_LANGINFO_CODESET=''
HAVE_LANGINFO_ERA=''
HAVE_LANGINFO_H=''
HAVE_LANGINFO_T_FMT_AMPM=''
HAVE_LANGINFO_YESEXPR=''
HAVE_LCHMOD=''
HAVE_LCHOWN=''
HAVE_LDEXPF=''
HAVE_LIBGMP=''
HAVE_LINK=''
HAVE_LINKAT=''
HAVE_LOG10F=''
HAVE_LOG10L=''
HAVE_LOG1P=''
HAVE_LOG1PF=''
HAVE_LOG1PL=''
HAVE_LOGBF=''
HAVE_LOGBL=''
HAVE_LOGF=''
HAVE_LOGL=''
HAVE_LSTAT=''
HAVE_MAX_ALIGN_T=''
HAVE_MBRLEN=''
HAVE_MBRTOWC=''
HAVE_MBSINIT=''
HAVE_MBSLEN=''
HAVE_MBSNRTOWCS=''
HAVE_MBSRTOWCS=''
HAVE_MBTOWC=''
HAVE_MEMPCPY=''
HAVE_MEMSET_EXPLICIT=''
HAVE_MKDIRAT=''
HAVE_MKDTEMP=''
HAVE_MKFIFO=''
HAVE_MKFIFOAT=''
HAVE_MKNOD=''
HAVE_MKNODAT=''
HAVE_MKOSTEMP=''
HAVE_MKOSTEMPS=''
HAVE_MKSTEMP=''
HAVE_MKSTEMPS=''
HAVE_MODFF=''
HAVE_MODFL=''
HAVE_MSVC_INVALID_PARAMETER_HANDLER=''
HAVE_NANOSLEEP=''
HAVE_NETDB_H=''
HAVE_NETINET_IN_H=''
HAVE_NEWLOCALE=''
HAVE_NL_LANGINFO=''
HAVE_OPENAT=''
HAVE_OPENDIR=''
HAVE_OS_H=''
HAVE_PCLOSE=''
HAVE_PERL_FALSE=''
HAVE_PERL_TRUE=''
HAVE_PIPE2=''
HAVE_PIPE=''
HAVE_POPEN=''
HAVE_POSIX_MEMALIGN=''
HAVE_POSIX_OPENPT=''
HAVE_POSIX_SIGNALBLOCKING=''
HAVE_POWF=''
HAVE_PREAD=''
HAVE_PSELECT=''
HAVE_PTHREAD_ATTR_DESTROY=''
HAVE_PTHREAD_ATTR_GETDETACHSTATE=''
HAVE_PTHREAD_ATTR_INIT=''
HAVE_PTHREAD_ATTR_SETDETACHSTATE=''
HAVE_PTHREAD_CONDATTR_DESTROY=''
HAVE_PTHREAD_CONDATTR_INIT=''
HAVE_PTHREAD_COND_BROADCAST=''
HAVE_PTHREAD_COND_DESTROY=''
HAVE_PTHREAD_COND_INIT=''
HAVE_PTHREAD_COND_SIGNAL=''
HAVE_PTHREAD_COND_TIMEDWAIT=''
HAVE_PTHREAD_COND_WAIT=''
HAVE_PTHREAD_CREATE=''
HAVE_PTHREAD_CREATE_DETACHED=''
HAVE_PTHREAD_DETACH=''
HAVE_PTHREAD_EQUAL=''
HAVE_PTHREAD_EXIT=''
HAVE_PTHREAD_GETSPECIFIC=''
HAVE_PTHREAD_H=''
HAVE_PTHREAD_JOIN=''
HAVE_PTHREAD_KEY_CREATE=''
HAVE_PTHREAD_KEY_DELETE=''
HAVE_PTHREAD_MUTEXATTR_DESTROY=''
HAVE_PTHREAD_MUTEXATTR_GETROBUST=''
HAVE_PTHREAD_MUTEXATTR_GETTYPE=''
HAVE_PTHREAD_MUTEXATTR_INIT=''
HAVE_PTHREAD_MUTEXATTR_SETROBUST=''
HAVE_PTHREAD_MUTEXATTR_SETTYPE=''
HAVE_PTHREAD_MUTEX_DESTROY=''
HAVE_PTHREAD_MUTEX_INIT=''
HAVE_PTHREAD_MUTEX_LOCK=''
HAVE_PTHREAD_MUTEX_RECURSIVE=''
HAVE_PTHREAD_MUTEX_ROBUST=''
HAVE_PTHREAD_MUTEX_TIMEDLOCK=''
HAVE_PTHREAD_MUTEX_TRYLOCK=''
HAVE_PTHREAD_MUTEX_UNLOCK=''
HAVE_PTHREAD_ONCE=''
HAVE_PTHREAD_PROCESS_SHARED=''
HAVE_PTHREAD_RWLOCKATTR_DESTROY=''
HAVE_PTHREAD_RWLOCKATTR_INIT=''
HAVE_PTHREAD_RWLOCK_DESTROY=''
HAVE_PTHREAD_RWLOCK_INIT=''
HAVE_PTHREAD_RWLOCK_RDLOCK=''
HAVE_PTHREAD_RWLOCK_TIMEDRDLOCK=''
HAVE_PTHREAD_RWLOCK_TIMEDWRLOCK=''
HAVE_PTHREAD_RWLOCK_TRYRDLOCK=''
HAVE_PTHREAD_RWLOCK_TRYWRLOCK=''
HAVE_PTHREAD_RWLOCK_UNLOCK=''
HAVE_PTHREAD_RWLOCK_WRLOCK=''
HAVE_PTHREAD_SELF=''
HAVE_PTHREAD_SETSPECIFIC=''
HAVE_PTHREAD_SIGMASK=''
HAVE_PTHREAD_SPINLOCK_T=''
HAVE_PTHREAD_SPIN_DESTROY=''
HAVE_PTHREAD_SPIN_INIT=''
HAVE_PTHREAD_SPIN_LOCK=''
HAVE_PTHREAD_SPIN_TRYLOCK=''
HAVE_PTHREAD_SPIN_UNLOCK=''
HAVE_PTHREAD_T=''
HAVE_PTSNAME=''
HAVE_PTSNAME_R=''
HAVE_PWRITE=''
HAVE_QSORT_R=''
HAVE_RAISE=''
HAVE_RANDOM=''
HAVE_RANDOM_H=''
HAVE_RANDOM_R=''
HAVE_RAWMEMCHR=''
HAVE_READDIR=''
HAVE_READLINK=''
HAVE_READLINKAT=''
HAVE_REALLOCARRAY=''
HAVE_REALPATH=''
HAVE_REMAINDER=''
HAVE_REMAINDERF=''
HAVE_RENAMEAT=''
HAVE_REWINDDIR=''
HAVE_RINT=''
HAVE_RINTL=''
HAVE_RPMATCH=''
HAVE_SAME_LONG_DOUBLE_AS_DOUBLE=''
HAVE_SA_FAMILY_T=''
HAVE_SCANDIR=''
HAVE_SCHED_H=''
HAVE_SCHED_YIELD=''
HAVE_SECURE_GETENV=''
HAVE_SETENV=''
HAVE_SETHOSTNAME=''
HAVE_SETSTATE=''
HAVE_SIGABBREV_NP=''
HAVE_SIGACTION=''
HAVE_SIGDESCR_NP=''
HAVE_SIGHANDLER_T=''
HAVE_SIGINFO_T=''
HAVE_SIGNED_SIG_ATOMIC_T=''
HAVE_SIGNED_WCHAR_T=''
HAVE_SIGNED_WINT_T=''
HAVE_SIGSET_T=''
HAVE_SINF=''
HAVE_SINHF=''
HAVE_SINL=''
HAVE_SLEEP=''
HAVE_SQRTF=''
HAVE_SQRTL=''
HAVE_STDINT_H=''
HAVE_STPCPY=''
HAVE_STPNCPY=''
HAVE_STRCASESTR=''
HAVE_STRCHRNUL=''
HAVE_STRERRORNAME_NP=''
HAVE_STRPBRK=''
HAVE_STRPTIME=''
HAVE_STRSEP=''
HAVE_STRTOD=''
HAVE_STRTOL=''
HAVE_STRTOLD=''
HAVE_STRTOLL=''
HAVE_STRTOUL=''
HAVE_STRTOULL=''
HAVE_STRUCT_ADDRINFO=''
HAVE_STRUCT_RANDOM_DATA=''
HAVE_STRUCT_SCHED_PARAM=''
HAVE_STRUCT_SIGACTION_SA_SIGACTION=''
HAVE_STRUCT_SOCKADDR_STORAGE=''
HAVE_STRUCT_SOCKADDR_STORAGE_SS_FAMILY=''
HAVE_STRUCT_TIMEVAL=''
HAVE_STRUCT_UTSNAME=''
HAVE_STRVERSCMP=''
HAVE_SYMLINK=''
HAVE_SYMLINKAT=''
HAVE_SYS_BITYPES_H=''
HAVE_SYS_CDEFS_H=''
HAVE_SYS_INTTYPES_H=''
HAVE_SYS_IOCTL_H=''
HAVE_SYS_LOADAVG_H=''
HAVE_SYS_PARAM_H=''
HAVE_SYS_RANDOM_H=''
HAVE_SYS_RESOURCE_H=''
HAVE_SYS_SELECT_H=''
HAVE_SYS_SOCKET_H=''
HAVE_SYS_TIME_H=''
HAVE_SYS_TYPES_H=''
HAVE_SYS_UIO_H=''
HAVE_SYS_UTSNAME_H=''
HAVE_TANF=''
HAVE_TANHF=''
HAVE_TANL=''
HAVE_TERMIOS_H=''
HAVE_TIMEGM=''
HAVE_TIMESPEC_GET=''
HAVE_TIMESPEC_GETRES=''
HAVE_TIMEZONE_T=''
HAVE_TYPE_VOLATILE_SIG_ATOMIC_T=''
HAVE_UNAME=''
HAVE_UNISTD_H=''
HAVE_UNLINKAT=''
HAVE_UNLOCKPT=''
HAVE_USLEEP=''
HAVE_UTIME=''
HAVE_UTIMENSAT=''
HAVE_UTIME_H=''
HAVE_VASPRINTF=''
HAVE_VDPRINTF=''
HAVE_VISIBILITY=''
HAVE_WCHAR_H=''
HAVE_WCHAR_T=''
HAVE_WCPCPY=''
HAVE_WCPNCPY=''
HAVE_WCRTOMB=''
HAVE_WCSCASECMP=''
HAVE_WCSCAT=''
HAVE_WCSCHR=''
HAVE_WCSCMP=''
HAVE_WCSCOLL=''
HAVE_WCSCPY=''
HAVE_WCSCSPN=''
HAVE_WCSDUP=''
HAVE_WCSFTIME=''
HAVE_WCSLEN=''
HAVE_WCSNCASECMP=''
HAVE_WCSNCAT=''
HAVE_WCSNCMP=''
HAVE_WCSNCPY=''
HAVE_WCSNLEN=''
HAVE_WCSNRTOMBS=''
HAVE_WCSPBRK=''
HAVE_WCSRCHR=''
HAVE_WCSRTOMBS=''
HAVE_WCSSPN=''
HAVE_WCSSTR=''
HAVE_WCSTOK=''
HAVE_WCSWIDTH=''
HAVE_WCSXFRM=''
HAVE_WCTRANS_T=''
HAVE_WCTYPE_H=''
HAVE_WCTYPE_T=''
HAVE_WINSOCK2_H=''
HAVE_WINT_T=''
HAVE_WMEMCHR=''
HAVE_WMEMCMP=''
HAVE_WMEMCPY=''
HAVE_WMEMMOVE=''
HAVE_WMEMPCPY=''
HAVE_WMEMSET=''
HAVE_WS2TCPIP_H=''
HAVE_XLOCALE_H=''
HAVE__EXIT=''
HELP2MAN=''
HOSTENT_LIB=''
ICONV_CONST=''
ICONV_H=''
IGNORE_UNUSED_LIBRARIES_CFLAGS=''
INCLUDE_NEXT=''
INCLUDE_NEXT_AS_FIRST_DIRECTIVE=''
INET_NTOP_LIB=''
INET_PTON_LIB=''
INSTALL_DATA='${INSTALL} -m 644'
INSTALL_PROGRAM='${INSTALL}'
INSTALL_SCRIPT='${INSTALL}'
INSTALL_STRIP_PROGRAM='$(install_sh) -c -s'
INT32_MAX_LT_INTMAX_MAX=''
INT64_MAX_EQ_LONG_MAX=''
INTLLIBS=''
INTL_MACOSX_LIBS=''
LDFLAGS=''
LIBCOREUTILS_LIBDEPS=''
LIBCOREUTILS_LTLIBDEPS=''
LIBGMP=''
LIBGMP_PREFIX=''
LIBICONV=''
LIBINTL=''
LIBMULTITHREAD=''
LIBOBJS=''
LIBPMULTITHREAD=''
LIBPTHREAD=''
LIBS=''
LIBSOCKET=''
LIBSTDTHREAD=''
LIBTESTS_LIBDEPS=''
LIBTHREAD=''
LIBUNISTRING_COMPILE_UNISTR_U8_MBTOUCR_FALSE=''
LIBUNISTRING_COMPILE_UNISTR_U8_MBTOUCR_TRUE=''
LIBUNISTRING_COMPILE_UNISTR_U8_UCTOMB_FALSE=''
LIBUNISTRING_COMPILE_UNISTR_U8_UCTOMB_TRUE=''
LIBUNISTRING_COMPILE_UNIWIDTH_WIDTH_FALSE=''
LIBUNISTRING_COMPILE_UNIWIDTH_WIDTH_TRUE=''
LIBUNISTRING_UNISTR_H=''
LIBUNISTRING_UNITYPES_H=''
LIBUNISTRING_UNIWIDTH_H=''
LIB_ACL=''
LIB_CAP=''
LIB_CLOCK_GETTIME=''
LIB_CRYPTO=''
LIB_EACCESS=''
LIB_FDATASYNC=''
LIB_GETHRXTIME=''
LIB_GETLOGIN=''
LIB_GETRANDOM=''
LIB_HARD_LOCALE=''
LIB_MBRTOWC=''
LIB_NANOSLEEP=''
LIB_NL_LANGINFO=''
LIB_NVPAIR=''
LIB_PTHREAD=''
LIB_PTHREAD_SIGMASK=''
LIB_SCHED_YIELD=''
LIB_SELECT=''
LIB_SELINUX=''
LIB_SEMAPHORE=''
LIB_SETLOCALE=''
LIB_SETLOCALE_NULL=''
LIB_SMACK=''
LIB_TIMER_TIME=''
LIB_XATTR=''
LIMITS_H=''
LN_S='ln -s'
LOCALCHARSET_TESTS_ENVIRONMENT=''
LOCALENAME_ENHANCE_LOCALE_FUNCS=''
LOCALE_FR=''
LOCALE_FR_UTF8=''
LOCALE_JA=''
LOCALE_TR_UTF8=''
LOCALE_ZH_CN=''
LTLIBGMP=''
LTLIBICONV=''
LTLIBINTL=''
LTLIBMULTITHREAD=''
LTLIBOBJS=''
LTLIBTHREAD=''
MAKEINFO='${SHELL} '\''/home/lind-wasm/lind-wasm-tests/coreutils/coreutils-9.3/build-aux/missing'\'' makeinfo'
MAN=''
MBRTOWC_LIB=''
MKDIR_P='/usr/bin/mkdir -p'
MSGFMT=''
MSGFMT_015=''
MSGMERGE=''
NANOSLEEP_LIB=''
NETINET_IN_H=''
NEXT_ARPA_INET_H=''
NEXT_ASSERT_H=''
NEXT_AS_FIRST_DIRECTIVE_ARPA_INET_H=''
NEXT_AS_FIRST_DIRECTIVE_ASSERT_H=''
NEXT_AS_FIRST_DIRECTIVE_CTYPE_H=''
NEXT_AS_FIRST_DIRECTIVE_DIRENT_H=''
NEXT_AS_FIRST_DIRECTIVE_ERRNO_H=''
NEXT_AS_FIRST_DIRECTIVE_ERROR_H=''
NEXT_AS_FIRST_DIRECTIVE_FCNTL_H=''
NEXT_AS_FIRST_DIRECTIVE_FLOAT_H=''
NEXT_AS_FIRST_DIRECTIVE_FNMATCH_H=''
NEXT_AS_FIRST_DIRECTIVE_GETOPT_H=''
NEXT_AS_FIRST_DIRECTIVE_ICONV_H=''
NEXT_AS_FIRST_DIRECTIVE_INTTYPES_H=''
NEXT_AS_FIRST_DIRECTIVE_LANGINFO_H=''
NEXT_AS_FIRST_DIRECTIVE_LIMITS_H=''
NEXT_AS_FIRST_DIRECTIVE_LOCALE_H=''
NEXT_AS_FIRST_DIRECTIVE_MATH_H=''
NEXT_AS_FIRST_DIRECTIVE_NETDB_H=''
NEXT_AS_FIRST_DIRECTIVE_NETINET_IN_H=''
NEXT_AS_FIRST_DIRECTIVE_PTHREAD_H=''
NEXT_AS_FIRST_DIRECTIVE_SCHED_H=''
NEXT_AS_FIRST_DIRECTIVE_SELINUX_SELINUX_H=''
NEXT_AS_FIRST_DIRECTIVE_SIGNAL_H=''
NEXT_AS_FIRST_DIRECTIVE_STDARG_H=''
NEXT_AS_FIRST_DIRECTIVE_STDDEF_H=''
NEXT_AS_FIRST_DIRECTIVE_STDINT_H=''
NEXT_AS_FIRST_DIRECTIVE_STDIO_H=''
NEXT_AS_FIRST_DIRECTIVE_STDLIB_H=''
NEXT_AS_FIRST_DIRECTIVE_STRING_H=''
NEXT_AS_FIRST_DIRECTIVE_SYS_IOCTL_H=''
NEXT_AS_FIRST_DIRECTIVE_SYS_RANDOM_H=''
NEXT_AS_FIRST_DIRECTIVE_SYS_RESOURCE_H=''
NEXT_AS_FIRST_DIRECTIVE_SYS_SELECT_H=''
NEXT_AS_FIRST_DIRECTIVE_SYS_SOCKET_H=''
NEXT_AS_FIRST_DIRECTIVE_SYS_STAT_H=''
NEXT_AS_FIRST_DIRECTIVE_SYS_TIME_H=''
NEXT_AS_FIRST_DIRECTIVE_SYS_TYPES_H=''
NEXT_AS_FIRST_DIRECTIVE_SYS_UIO_H=''
NEXT_AS_FIRST_DIRECTIVE_SYS_UTSNAME_H=''
NEXT_AS_FIRST_DIRECTIVE_SYS_WAIT_H=''
NEXT_AS_FIRST_DIRECTIVE_TERMIOS_H=''
NEXT_AS_FIRST_DIRECTIVE_TIME_H=''
NEXT_AS_FIRST_DIRECTIVE_UNISTD_H=''
NEXT_AS_FIRST_DIRECTIVE_UTIME_H=''
NEXT_AS_FIRST_DIRECTIVE_WCHAR_H=''
NEXT_AS_FIRST_DIRECTIVE_WCTYPE_H=''
NEXT_CTYPE_H=''
NEXT_DIRENT_H=''
NEXT_ERRNO_H=''
NEXT_ERROR_H=''
NEXT_FCNTL_H=''
NEXT_FLOAT_H=''
NEXT_FNMATCH_H=''
NEXT_GETOPT_H=''
NEXT_ICONV_H=''
NEXT_INTTYPES_H=''
NEXT_LANGINFO_H=''
NEXT_LIMITS_H=''
NEXT_LOCALE_H=''
NEXT_MATH_H=''
NEXT_NETDB_H=''
NEXT_NETINET_IN_H=''
NEXT_PTHREAD_H=''
NEXT_SCHED_H=''
NEXT_SELINUX_SELINUX_H=''
NEXT_SIGNAL_H=''
NEXT_STDARG_H=''
NEXT_STDDEF_H=''
NEXT_STDINT_H=''
NEXT_STDIO_H=''
NEXT_STDLIB_H=''
NEXT_STRING_H=''
NEXT_SYS_IOCTL_H=''
NEXT_SYS_RANDOM_H=''
NEXT_SYS_RESOURCE_H=''
NEXT_SYS_SELECT_H=''
NEXT_SYS_SOCKET_H=''
NEXT_SYS_STAT_H=''
NEXT_SYS_TIME_H=''
NEXT_SYS_TYPES_H=''
NEXT_SYS_UIO_H=''
NEXT_SYS_UTSNAME_H=''
NEXT_SYS_WAIT_H=''
NEXT_TERMIOS_H=''
NEXT_TIME_H=''
NEXT_UNISTD_H=''
NEXT_UTIME_H=''
NEXT_WCHAR_H=''
NEXT_WCTYPE_H=''
OBJEXT='o'
PACKAGE='coreutils'
PACKAGE_BUGREPORT='bug-coreutils@gnu.org'
PACKAGE_NAME='GNU coreutils'
PACKAGE_STRING='GNU coreutils 9.3'
PACKAGE_TARNAME='coreutils'
PACKAGE_URL='https://www.gnu.org/software/coreutils/'
PACKAGE_VERSION='9.3'
PARSE_DATETIME_BISON=''
PATH_SEPARATOR=':'
PERL=''
POSIX_SHELL=''
POSUB=''
PRAGMA_COLUMNS=''
PRAGMA_SYSTEM_HEADER=''
PREFERABLY_POSIX_SHELL=''
PRIPTR_PREFIX=''
PTHREAD_H_DEFINES_STRUCT_TIMESPEC=''
PTHREAD_SIGMASK_LIB=''
PTRDIFF_T_SUFFIX=''
QCOPY_ACL_LIB=''
RANLIB='ranlib'
REPLACE_ACCESS=''
REPLACE_ACOSF=''
REPLACE_ALIGNED_ALLOC=''
REPLACE_ASINF=''
REPLACE_ATAN2F=''
REPLACE_ATANF=''
REPLACE_BTOWC=''
REPLACE_CALLOC_FOR_CALLOC_GNU=''
REPLACE_CALLOC_FOR_CALLOC_POSIX=''
REPLACE_CANONICALIZE_FILE_NAME=''
REPLACE_CBRTF=''
REPLACE_CBRTL=''
REPLACE_CEIL=''
REPLACE_CEILF=''
REPLACE_CEILL=''
REPLACE_CHMOD=''
REPLACE_CHOWN=''
REPLACE_CLOSE=''
REPLACE_CLOSEDIR=''
REPLACE_COPY_FILE_RANGE=''
REPLACE_COSF=''
REPLACE_COSHF=''
REPLACE_CREAT=''
REPLACE_CTIME=''
REPLACE_DIRFD=''
REPLACE_DPRINTF=''
REPLACE_DUP2=''
REPLACE_DUP3=''
REPLACE_DUP=''
REPLACE_DUPLOCALE=''
REPLACE_ERROR=''
REPLACE_ERROR_AT_LINE=''
REPLACE_EXECL=''
REPLACE_EXECLE=''
REPLACE_EXECLP=''
REPLACE_EXECV=''
REPLACE_EXECVE=''
REPLACE_EXECVP=''
REPLACE_EXECVPE=''
REPLACE_EXP2=''
REPLACE_EXP2L=''
REPLACE_EXPF=''
REPLACE_EXPL=''
REPLACE_EXPM1=''
REPLACE_EXPM1F=''
REPLACE_EXPM1L=''
REPLACE_FABSL=''
REPLACE_FACCESSAT=''
REPLACE_FCHMODAT=''
REPLACE_FCHOWNAT=''
REPLACE_FCLOSE=''
REPLACE_FCNTL=''
REPLACE_FDATASYNC=''
REPLACE_FDOPEN=''
REPLACE_FDOPENDIR=''
REPLACE_FFLUSH=''
REPLACE_FFSLL=''
REPLACE_FLOOR=''
REPLACE_FLOORF=''
REPLACE_FLOORL=''
REPLACE_FMA=''
REPLACE_FMAF=''
REPLACE_FMAL=''
REPLACE_FMOD=''
REPLACE_FMODF=''
REPLACE_FMODL=''
REPLACE_FNMATCH=''
REPLACE_FOPEN=''
REPLACE_FOPEN_FOR_FOPEN_GNU=''
REPLACE_FPRINTF=''
REPLACE_FPURGE=''
REPLACE_FREE=''
REPLACE_FREELOCALE=''
REPLACE_FREOPEN=''
REPLACE_FREXP=''
REPLACE_FREXPF=''
REPLACE_FREXPL=''
REPLACE_FSEEK=''
REPLACE_FSEEKO=''
REPLACE_FSTAT=''
REPLACE_FSTATAT=''
REPLACE_FTELL=''
REPLACE_FTELLO=''
REPLACE_FTRUNCATE=''
REPLACE_FUTIMENS=''
REPLACE_GAI_STRERROR=''
REPLACE_GETADDRINFO=''
REPLACE_GETCWD=''
REPLACE_GETDELIM=''
REPLACE_GETDOMAINNAME=''
REPLACE_GETDTABLESIZE=''
REPLACE_GETENTROPY=''
REPLACE_GETGROUPS=''
REPLACE_GETLINE=''
REPLACE_GETLOADAVG=''
REPLACE_GETLOGIN_R=''
REPLACE_GETPAGESIZE=''
REPLACE_GETPASS=''
REPLACE_GETPASS_FOR_GETPASS_GNU=''
REPLACE_GETPROGNAME=''
REPLACE_GETRANDOM=''
REPLACE_GETSUBOPT=''
REPLACE_GETTIMEOFDAY=''
REPLACE_GMTIME=''
REPLACE_HUGE_VAL=''
REPLACE_HYPOT=''
REPLACE_HYPOTF=''
REPLACE_HYPOTL=''
REPLACE_ICONV=''
REPLACE_ICONV_OPEN=''
REPLACE_ICONV_UTF=''
REPLACE_ILOGB=''
REPLACE_ILOGBF=''
REPLACE_ILOGBL=''
REPLACE_IMAXABS=''
REPLACE_IMAXDIV=''
REPLACE_INET_NTOP=''
REPLACE_INET_PTON=''
REPLACE_INITSTATE=''
REPLACE_IOCTL=''
REPLACE_ISATTY=''
REPLACE_ISFINITE=''
REPLACE_ISINF=''
REPLACE_ISNAN=''
REPLACE_ISWBLANK=''
REPLACE_ISWCNTRL=''
REPLACE_ISWDIGIT=''
REPLACE_ISWXDIGIT=''
REPLACE_ITOLD=''
REPLACE_LCHOWN=''
REPLACE_LDEXPL=''
REPLACE_LINK=''
REPLACE_LINKAT=''
REPLACE_LOCALECONV=''
REPLACE_LOCALTIME=''
REPLACE_LOCALTIME_R=''
REPLACE_LOG10=''
REPLACE_LOG10F=''
REPLACE_LOG10L=''
REPLACE_LOG1P=''
REPLACE_LOG1PF=''
REPLACE_LOG1PL=''
REPLACE_LOG2=''
REPLACE_LOG2F=''
REPLACE_LOG2L=''
REPLACE_LOG=''
REPLACE_LOGB=''
REPLACE_LOGBF=''
REPLACE_LOGBL=''
REPLACE_LOGF=''
REPLACE_LOGL=''
REPLACE_LSEEK=''
REPLACE_LSTAT=''
REPLACE_MALLOC_FOR_MALLOC_GNU=''
REPLACE_MALLOC_FOR_MALLOC_POSIX=''
REPLACE_MBRLEN=''
REPLACE_MBRTOWC=''
REPLACE_MBSINIT=''
REPLACE_MBSNRTOWCS=''
REPLACE_MBSRTOWCS=''
REPLACE_MBSTATE_T=''
REPLACE_MBSTOWCS=''
REPLACE_MBTOWC=''
REPLACE_MB_CUR_MAX=''
REPLACE_MEMCHR=''
REPLACE_MEMMEM=''
REPLACE_MEMPCPY=''
REPLACE_MKDIR=''
REPLACE_MKFIFO=''
REPLACE_MKFIFOAT=''
REPLACE_MKNOD=''
REPLACE_MKNODAT=''
REPLACE_MKOSTEMP=''
REPLACE_MKOSTEMPS=''
REPLACE_MKSTEMP=''
REPLACE_MKTIME=''
REPLACE_MODF=''
REPLACE_MODFF=''
REPLACE_MODFL=''
REPLACE_NAN=''
REPLACE_NANOSLEEP=''
REPLACE_NEWLOCALE=''
REPLACE_NL_LANGINFO=''
REPLACE_NULL=''
REPLACE_OBSTACK_PRINTF=''
REPLACE_OPEN=''
REPLACE_OPENAT=''
REPLACE_OPENDIR=''
REPLACE_PERROR=''
REPLACE_PIPE2=''
REPLACE_POPEN=''
REPLACE_POSIX_MEMALIGN=''
REPLACE_POSIX_OPENPT=''
REPLACE_PREAD=''
REPLACE_PRINTF=''
REPLACE_PSELECT=''
REPLACE_PTHREAD_ATTR_DESTROY=''
REPLACE_PTHREAD_ATTR_GETDETACHSTATE=''
REPLACE_PTHREAD_ATTR_INIT=''
REPLACE_PTHREAD_ATTR_SETDETACHSTATE=''
REPLACE_PTHREAD_CONDATTR_DESTROY=''
REPLACE_PTHREAD_CONDATTR_INIT=''
REPLACE_PTHREAD_COND_BROADCAST=''
REPLACE_PTHREAD_COND_DESTROY=''
REPLACE_PTHREAD_COND_INIT=''
REPLACE_PTHREAD_COND_SIGNAL=''
REPLACE_PTHREAD_COND_TIMEDWAIT=''
REPLACE_PTHREAD_COND_WAIT=''
REPLACE_PTHREAD_CREATE=''
REPLACE_PTHREAD_DETACH=''
REPLACE_PTHREAD_EQUAL=''
REPLACE_PTHREAD_EXIT=''
REPLACE_PTHREAD_GETSPECIFIC=''
REPLACE_PTHREAD_JOIN=''
REPLACE_PTHREAD_KEY_CREATE=''
REPLACE_PTHREAD_KEY_DELETE=''
REPLACE_PTHREAD_MUTEXATTR_DESTROY=''
REPLACE_PTHREAD_MUTEXATTR_GETROBUST=''
REPLACE_PTHREAD_MUTEXATTR_GETTYPE=''
REPLACE_PTHREAD_MUTEXATTR_INIT=''
REPLACE_PTHREAD_MUTEXATTR_SETROBUST=''
REPLACE_PTHREAD_MUTEXATTR_SETTYPE=''
REPLACE_PTHREAD_MUTEX_DESTROY=''
REPLACE_PTHREAD_MUTEX_INIT=''
REPLACE_PTHREAD_MUTEX_LOCK=''
REPLACE_PTHREAD_MUTEX_TIMEDLOCK=''
REPLACE_PTHREAD_MUTEX_TRYLOCK=''
REPLACE_PTHREAD_MUTEX_UNLOCK=''
REPLACE_PTHREAD_ONCE=''
REPLACE_PTHREAD_RWLOCKATTR_DESTROY=''
REPLACE_PTHREAD_RWLOCKATTR_INIT=''
REPLACE_PTHREAD_RWLOCK_DESTROY=''
REPLACE_PTHREAD_RWLOCK_INIT=''
REPLACE_PTHREAD_RWLOCK_RDLOCK=''
REPLACE_PTHREAD_RWLOCK_TIMEDRDLOCK=''
REPLACE_PTHREAD_RWLOCK_TIMEDWRLOCK=''
REPLACE_PTHREAD_RWLOCK_TRYRDLOCK=''
REPLACE_PTHREAD_RWLOCK_TRYWRLOCK=''
REPLACE_PTHREAD_RWLOCK_UNLOCK=''
REPLACE_PTHREAD_RWLOCK_WRLOCK=''
REPLACE_PTHREAD_SELF=''
REPLACE_PTHREAD_SETSPECIFIC=''
REPLACE_PTHREAD_SIGMASK=''
REPLACE_PTHREAD_SPIN_DESTROY=''
REPLACE_PTHREAD_SPIN_INIT=''
REPLACE_PTHREAD_SPIN_LOCK=''
REPLACE_PTHREAD_SPIN_TRYLOCK=''
REPLACE_PTHREAD_SPIN_UNLOCK=''
REPLACE_PTSNAME=''
REPLACE_PTSNAME_R=''
REPLACE_PUTENV=''
REPLACE_PWRITE=''
REPLACE_QSORT_R=''
REPLACE_RAISE=''
REPLACE_RANDOM=''
REPLACE_RANDOM_R=''
REPLACE_READ=''
REPLACE_READLINK=''
REPLACE_READLINKAT=''
REPLACE_REALLOCARRAY=''
REPLACE_REALLOC_FOR_REALLOC_GNU=''
REPLACE_REALLOC_FOR_REALLOC_POSIX=''
REPLACE_REALPATH=''
REPLACE_REMAINDER=''
REPLACE_REMAINDERF=''
REPLACE_REMAINDERL=''
REPLACE_REMOVE=''
REPLACE_RENAME=''
REPLACE_RENAMEAT=''
REPLACE_RINTL=''
REPLACE_RMDIR=''
REPLACE_ROUND=''
REPLACE_ROUNDF=''
REPLACE_ROUNDL=''
REPLACE_SCHED_YIELD=''
REPLACE_SELECT=''
REPLACE_SETENV=''
REPLACE_SETHOSTNAME=''
REPLACE_SETLOCALE=''
REPLACE_SETSTATE=''
REPLACE_SIGNBIT=''
REPLACE_SIGNBIT_USING_BUILTINS=''
REPLACE_SINF=''
REPLACE_SINHF=''
REPLACE_SLEEP=''
REPLACE_SNPRINTF=''
REPLACE_SPRINTF=''
REPLACE_SQRTF=''
REPLACE_SQRTL=''
REPLACE_STAT=''
REPLACE_STDIO_READ_FUNCS=''
REPLACE_STDIO_WRITE_FUNCS=''
REPLACE_STPCPY=''
REPLACE_STPNCPY=''
REPLACE_STRCASESTR=''
REPLACE_STRCHRNUL=''
REPLACE_STRDUP=''
REPLACE_STRERROR=''
REPLACE_STRERRORNAME_NP=''
REPLACE_STRERROR_R=''
REPLACE_STRFTIME=''
REPLACE_STRNCAT=''
REPLACE_STRNDUP=''
REPLACE_STRNLEN=''
REPLACE_STRSIGNAL=''
REPLACE_STRSTR=''
REPLACE_STRTOD=''
REPLACE_STRTOIMAX=''
REPLACE_STRTOK_R=''
REPLACE_STRTOL=''
REPLACE_STRTOLD=''
REPLACE_STRTOLL=''
REPLACE_STRTOUL=''
REPLACE_STRTOULL=''
REPLACE_STRTOUMAX=''
REPLACE_STRUCT_LCONV=''
REPLACE_STRUCT_TIMEVAL=''
REPLACE_SYMLINK=''
REPLACE_SYMLINKAT=''
REPLACE_TANF=''
REPLACE_TANHF=''
REPLACE_TIME=''
REPLACE_TIMEGM=''
REPLACE_TIMESPEC_GET=''
REPLACE_TMPFILE=''
REPLACE_TOWLOWER=''
REPLACE_TRUNC=''
REPLACE_TRUNCATE=''
REPLACE_TRUNCF=''
REPLACE_TRUNCL=''
REPLACE_TTYNAME_R=''
REPLACE_TZSET=''
REPLACE_UNLINK=''
REPLACE_UNLINKAT=''
REPLACE_UNSETENV=''
REPLACE_USLEEP=''
REPLACE_UTIME=''
REPLACE_UTIMENSAT=''
REPLACE_VASPRINTF=''
REPLACE_VDPRINTF=''
REPLACE_VFPRINTF=''
REPLACE_VPRINTF=''
REPLACE_VSNPRINTF=''
REPLACE_VSPRINTF=''
REPLACE_WCRTOMB=''
REPLACE_WCSFTIME=''
REPLACE_WCSNRTOMBS=''
REPLACE_WCSRTOMBS=''
REPLACE_WCSSTR=''
REPLACE_WCSTOK=''
REPLACE_WCSWIDTH=''
REPLACE_WCTOB=''
REPLACE_WCTOMB=''
REPLACE_WCWIDTH=''
REPLACE_WMEMPCPY=''
REPLACE_WRITE=''
REPLACE__EXIT=''
SCHED_YIELD_LIB=''
SED=''
SELECT_LIB=''
SELINUX_CONTEXT_H=''
SELINUX_LABEL_H=''
SEQ_LIBM=''
SERVENT_LIB=''
SETLOCALE_LIB=''
SETLOCALE_NULL_LIB=''
SET_MAKE=''
SHELL='/bin/bash'
SIG_ATOMIC_T_SUFFIX=''
SINGLE_BINARY_FALSE=''
SINGLE_BINARY_TRUE=''
SIZE_T_SUFFIX=''
STDARG_H=''
STDCKDINT_H=''
STDDEF_H=''
STDINT_H=''
STRIP='strip'
SYS_IOCTL_H_HAVE_WINSOCK2_H=''
SYS_IOCTL_H_HAVE_WINSOCK2_H_AND_USE_SOCKETS=''
SYS_TIME_H_DEFINES_STRUCT_TIMESPEC=''
TIMER_TIME_LIB=''
TIME_H_DEFINES_STRUCT_TIMESPEC=''
TIME_H_DEFINES_TIME_UTC=''
UINT32_MAX_LT_UINTMAX_MAX=''
UINT64_MAX_EQ_ULONG_MAX=''
UNDEFINE_STRTOK_R=''
UNISTD_H_DEFINES_STRUCT_TIMESPEC=''
UNISTD_H_HAVE_SYS_RANDOM_H=''
UNISTD_H_HAVE_WINSOCK2_H=''
UNISTD_H_HAVE_WINSOCK2_H_AND_USE_SOCKETS=''
USE_ACL='0'
USE_AVX2_WC_LINECOUNT_FALSE=''
USE_AVX2_WC_LINECOUNT_TRUE=''
USE_NLS=''
USE_PCLMUL_CRC32_FALSE=''
USE_PCLMUL_CRC32_TRUE=''
VERSION='9.3'
WARN_CFLAGS=''
WCHAR_T_SUFFIX=''
WERROR_CFLAGS=''
WINDOWS_64_BIT_OFF_T=''
WINDOWS_64_BIT_ST_SIZE=''
WINDOWS_STAT_INODES=''
WINDOWS_STAT_TIMESPEC=''
WINT_T_SUFFIX=''
XGETTEXT=''
XGETTEXT_015=''
XGETTEXT_EXTRA_OPTIONS=''
YACC=''
YFLAGS=''
YIELD_LIB=''
abs_aux_dir=''
ac_ct_CC=''
am__EXEEXT_FALSE=''
am__EXEEXT_TRUE=''
am__fastdepCC_FALSE='#'
am__fastdepCC_TRUE=''
am__include='include'
am__isrc=''
am__leading_dot='.'
am__nodep='_no'
am__quote=''
am__tar='$${TAR-tar} chof - "$$tardir"'
am__untar='$${TAR-tar} xf -'
bin_PROGRAMS=''
bindir='${exec_prefix}/bin'
bindir_c=''
bindir_c_make=''
build='x86_64-pc-linux-gnux32'
build_alias=''
build_cpu='x86_64'
build_os='linux-gnux32'
build_vendor='pc'
built_programs=''
datadir='${datarootdir}'
datadir_c=''
datadir_c_make=''
datarootdir='${prefix}/share'
datarootdir_c=''
datarootdir_c_make=''
docdir='${datarootdir}/doc/${PACKAGE_TARNAME}'
docdir_c=''
docdir_c_make=''
dvidir='${docdir}'
dvidir_c=''
dvidir_c_make=''
exec_prefix='NONE'
exec_prefix_c=''
exec_prefix_c_make=''
gl_LIBOBJDEPS=''
gl_LIBOBJS=''
gl_LTLIBOBJS=''
gltests_LIBOBJDEPS=''
gltests_LIBOBJS=''
gltests_LTLIBOBJS=''
gltests_WITNESS=''
host='wasm32-unknown-wasi'
host_alias='wasm32-unknown-wasi'
host_cpu='wasm32'
host_os='wasi'
host_vendor='unknown'
htmldir='${docdir}'
htmldir_c=''
htmldir_c_make=''
includedir='${prefix}/include'
includedir_c=''
includedir_c_make=''
infodir='${datarootdir}/info'
infodir_c=''
infodir_c_make=''
install_sh='${SHELL} /home/lind-wasm/lind-wasm-tests/coreutils/coreutils-9.3/build-aux/install-sh'
libdir='${exec_prefix}/lib'
libdir_c=''
libdir_c_make=''
libexecdir='${exec_prefix}/libexec'
libexecdir_c=''
libexecdir_c_make=''
lispdir=''
lispdir_c=''
lispdir_c_make=''
localedir='${datarootdir}/locale'
localedir_c=''
localedir_c_make=''
localstatedir='${prefix}/var'
localstatedir_c=''
localstatedir_c_make=''
man1_MANS=''
mandir='${datarootdir}/man'
mandir_c=''
mandir_c_make=''
mkdir_p='$(MKDIR_P)'
oldincludedir='/usr/include'
oldincludedir_c=''
oldincludedir_c_make=''
pdfdir='${docdir}'
pdfdir_c=''
pdfdir_c_make=''
pkgdatadir=''
pkgdatadir_c=''
pkgdatadir_c_make=''
pkgincludedir=''
pkgincludedir_c=''
pkgincludedir_c_make=''
pkglibdir=''
pkglibdir_c=''
pkglibdir_c_make=''
pkglibexec_PROGRAMS=''
pkglibexecdir=''
pkglibexecdir_c=''
pkglibexecdir_c_make=''
prefix='NONE'
prefix_c=''
prefix_c_make=''
program_transform_name='s,x,x,'
psdir='${docdir}'
psdir_c=''
psdir_c_make=''
runstatedir='${localstatedir}/run'
runstatedir_c=''
runstatedir_c_make=''
sbindir='${exec_prefix}/sbin'
sbindir_c=''
sbindir_c_make=''
sharedstatedir='${prefix}/com'
sharedstatedir_c=''
sharedstatedir_c_make=''
single_binary_deps=''
single_binary_install_type=''
single_binary_libs=''
single_binary_progs=''
sysconfdir='${prefix}/etc'
sysconfdir_c=''
sysconfdir_c_make=''
target_alias=''

## ----------- ##
## confdefs.h. ##
## ----------- ##

/* confdefs.h */
#define PACKAGE_NAME "GNU coreutils"
#define PACKAGE_TARNAME "coreutils"
#define PACKAGE_VERSION "9.3"
#define PACKAGE_STRING "GNU coreutils 9.3"
#define PACKAGE_BUGREPORT "bug-coreutils@gnu.org"
#define PACKAGE_URL "https://www.gnu.org/software/coreutils/"
#define PACKAGE "coreutils"
#define VERSION "9.3"
#define HAVE_STDIO_H 1
#define HAVE_STDLIB_H 1
#define HAVE_STRING_H 1
#define HAVE_INTTYPES_H 1
#define HAVE_STDINT_H 1
#define HAVE_STRINGS_H 1
#define HAVE_SYS_STAT_H 1
#define HAVE_SYS_TYPES_H 1
#define HAVE_UNISTD_H 1
#define HAVE_WCHAR_H 1
#define HAVE_FEATURES_H 1
#define HAVE_ERROR_H 1
#define HAVE_FNMATCH_H 1
#define HAVE_STDIO_EXT_H 1
#define HAVE_SYS_VFS_H 1
#define HAVE_GETOPT_H 1
#define HAVE_SYS_CDEFS_H 1
#define HAVE_TERMIOS_H 1
#define HAVE_SYS_TIME_H 1
#define HAVE_GRP_H 1
#define HAVE_THREADS_H 1
#define HAVE_ICONV_H 1
#define HAVE_WCTYPE_H 1
#define HAVE_LANGINFO_H 1
#define HAVE_MATH_H 1
#define HAVE_SYS_MMAN_H 1
#define HAVE_SYS_STATVFS_H 1
#define HAVE_SYS_SELECT_H 1
#define HAVE_PTHREAD_H 1
#define HAVE_UTMP_H 1
#define HAVE_UTMPX_H 1
#define HAVE_MALLOC_H 1
#define HAVE_STDBOOL_H 1
#define HAVE_SYS_IOCTL_H 1
#define HAVE_SYS_RANDOM_H 1
#define HAVE_SYS_RESOURCE_H 1
#define HAVE_SYS_UIO_H 1
#define HAVE_SYS_UTSNAME_H 1
#define HAVE_SYS_WAIT_H 1
#define HAVE_UTIME_H 1
#define HAVE_SEMAPHORE_H 1
#define HAVE_LINUX_FALLOC_H 1
#define HAVE_PATHS_H 1
#define HAVE_SYS_MTIO_H 1
#define HAVE_SYSLOG_H 1
#define HAVE_PWD_H 1
#define STDC_HEADERS 1
#define _ALL_SOURCE 1
#define _DARWIN_C_SOURCE 1
#define _GNU_SOURCE 1
#define _HPUX_ALT_XOPEN_SOCKET_API 1
#define _NETBSD_SOURCE 1
#define _OPENBSD_SOURCE 1
#define _POSIX_PTHREAD_SEMANTICS 1
#define __STDC_WANT_IEC_60559_ATTRIBS_EXT__ 1
#define __STDC_WANT_IEC_60559_BFP_EXT__ 1
#define __STDC_WANT_IEC_60559_DFP_EXT__ 1
#define __STDC_WANT_IEC_60559_EXT__ 1
#define __STDC_WANT_IEC_60559_FUNCS_EXT__ 1
#define __STDC_WANT_IEC_60559_TYPES_EXT__ 1
#define __STDC_WANT_LIB_EXT2__ 1
#define __STDC_WANT_MATH_SPEC_FUNCS__ 1
#define _TANDEM_SOURCE 1
#define __EXTENSIONS__ 1
#define _FILE_OFFSET_BITS 64
#define _TIME_BITS 64
#define USE_ACL 0

configure: exit 1
